:020000040800F2
:1000000000000220CD530008B14A0008B94A000898
:10001000C14A0008C94A0008D14A0008000000008F
:10002000000000000000000000000000D94A0008A5
:10003000E74A000800000000F54A0008034B0008EA
:100040001D5400081D5400081D5400081D540008CC
:100050001D5400081D5400081D5400081D540008BC
:100060001D5400081D5400081D5400081D540008AC
:100070001D5400081D5400081D5400081D5400089C
:100080001D5400081D5400081D5400081D5400088C
:100090001D5400081D5400081D5400081D5400087C
:1000A0001D5400081D5400081D5400081D5400086C
:1000B0001D5400081D5400081D5400081D5400085C
:1000C0001D5400081D5400081D5400081D5400084C
:1000D0001D5400081D5400081D5400081D5400083C
:1000E0001D5400081D5400081D5400081D5400082C
:1000F0001D5400081D5400081D5400081D5400081C
:100100001D540008114B00081D5400081D54000820
:100110001D5400081D5400081D5400081D540008FB
:10012000254B00081D5400081D540008394B0008D9
:100130001D54000800000000000000001D540008CD
:100140001D5400081D5400081D5400081D540008CB
:100150001D5400084D4B00081D5400081D54000894
:100160001D5400081D5400081D5400081D540008AB
:100170001D5400081D54000800000000000000008D
:080180001D5400081D54000885
:1001900010B5054C237833B9044B13B10448AFF3C1
:1001A00000800123237010BD5402002000000000D5
:1001B0004459010808B5034B1BB103490348AFF389
:1001C000008008BD000000005802002044590108CA
:1001D00001F0FF01102A2BDB10F0070F08D010F8F8
:1001E000013B013A8B422DD010F0070F42B3F6D1FC
:1001F000F0B441EA012141EA014122F007047FF015
:1002000000070023F0E80256083C85EA010586EA6B
:10021000010685FA47F5A3FA87F586FA47F6A5FAA7
:1002200087F68EB9EED1F0BC01F0FF0102F00702B3
:1002300032B110F8013B013A83EA010313B1F8D15E
:100240000020704701387047002D06BF354603383F
:10025000073815F0010F07D1013015F4807F02BF78
:10026000013015F4C03F0130F0BC0138704700BFC9
:10027000034613F8012B002AFBD1181A01387047E6
:1002800081F0004102E000BF83F0004330B54FEA47
:1002900041044FEA430594EA050F08BF90EA020FB4
:1002A0001FBF54EA000C55EA020C7FEA645C7FEA47
:1002B000655C00F0E2804FEA5454D4EB5555B8BF6A
:1002C0006D420CDD2C4480EA020281EA030382EADB
:1002D000000083EA010180EA020281EA0303362D6D
:1002E00088BF30BD11F0004F4FEA01314FF4801C40
:1002F0004CEA113102D0404261EB410113F0004F52
:100300004FEA03334CEA133302D0524263EB430308
:1003100094EA050F00F0A780A4F10104D5F1200EA6
:100320000DDB02FA0EFC22FA05F2801841F1000101
:1003300003FA0EF2801843FA05F359410EE0A5F1D5
:1003400020050EF1200E012A03FA0EFC28BF4CF006
:10035000020C43FA05F3C01851EBE37101F00045BC
:1003600007D54FF0000EDCF1000C7EEB00006EEBC9
:100370000101B1F5801F1BD3B1F5001F0CD3490853
:100380005FEA30004FEA3C0C04F101044FEA4452AA
:1003900012F5800F80F09A80BCF1004F08BF5FEA31
:1003A000500C50F1000041EB045141EA050130BD11
:1003B0005FEA4C0C404141EB0101013C28BFB1F523
:1003C000801FE9D291F0000F04BF01460020B1FA6E
:1003D00081F308BF2033A3F10B03B3F120020CDA41
:1003E0000C3208DD02F1140CC2F10C0201FA0CF01F
:1003F00021FA02F10CE002F11402D8BFC2F1200C84
:1004000001FA02F120FA0CFCDCBF41EA0C01904039
:10041000E41AA2BF01EB0451294330BD6FEA040482
:100420001F3C1CDA0C340EDC04F11404C4F120026D
:1004300020FA04F001FA02F340EA030021FA04F37F
:1004400045EA030130BDC4F10C04C4F1200220FAD6
:1004500002F001FA04F340EA0300294630BD21FA14
:1004600004F0294630BD94F0000F83F4801306BFDA
:1004700081F480110134013D4EE77FEA645C18BFCE
:100480007FEA655C29D094EA050F08BF90EA020F65
:1004900005D054EA000C04BF1946104630BD91EA5D
:1004A000030F1EBF0021002030BD5FEA545C05D160
:1004B0004000494128BF41F0004130BD14F580049F
:1004C0003CBF01F5801130BD01F0004545F0FE4113
:1004D00041F470014FF0000030BD7FEA645C1ABF48
:1004E000194610467FEA655C1CBF0B46024650EA7F
:1004F000013406BF52EA033591EA030F41F40021AB
:1005000030BD00BF90F0000F04BF0021704730B530
:100510004FF4806404F132044FF000054FF0000105
:1005200050E700BF90F0000F04BF0021704730B5C6
:100530004FF4806404F1320410F0004548BF40429B
:100540004FF000013EE700BF42004FEAE2014FEAF0
:1005500031014FEA02701FBF12F07F4393F07F4FCB
:1005600081F06051704732F07F4208BF704793F0CE
:100570007F4F04BF41F40021704730B54FF46074E1
:1005800001F0004521F000411CE700BF50EA0102E4
:1005900008BF704730B54FF000050AE050EA01028D
:1005A00008BF704730B511F0004502D5404261EBFD
:1005B00041014FF4806404F132045FEA915C3FF43E
:1005C000D8AE4FF003025FEADC0C18BF03325FEADB
:1005D000DC0C18BF033202EBDC02C2F1200300FA8C
:1005E00003FC20FA02F001FA03FE40EA0E0021FAB1
:1005F00002F11444BDE600BF70B54FF0FF0C4CF49F
:10060000E06C1CEA11541DBF1CEA135594EA0C0F50
:1006100095EA0C0F00F0DEF82C4481EA030621EA8B
:100620004C5123EA4C5350EA013518BF52EA0335C6
:1006300041F4801143F4801338D0A0FB02CE4FF078
:100640000005E1FB02E506F00042E0FB03E54FF0A8
:100650000006E1FB03569CF0000F18BF4EF0010EA0
:10066000A4F1FF04B6F5007F64F5407404D25FEA9C
:100670004E0E6D4146EB060642EAC62141EA55514F
:100680004FEAC52040EA5E504FEACE2EB4F1FD0C91
:1006900088BFBCF5E06F1ED8BEF1004F08BF5FEA0F
:1006A000500E50F1000041EB045170BD06F00046C1
:1006B00046EA010140EA020081EA0301B4EB5C046E
:1006C000C2BFD4EB0C0541EA045170BD41F4801166
:1006D0004FF0000E013C00F3AB8014F1360FDEBF8B
:1006E000002001F0004170BDC4F10004203C35DA67
:1006F0000C341BDC04F11404C4F1200500FA05F3EA
:1007000020FA04F001FA05F240EA020001F000428A
:1007100021F0004110EBD37021FA04F642EB060100
:100720005EEA430E08BF20EAD37070BDC4F10C042A
:10073000C4F1200500FA04F320FA05F001FA04F2EE
:1007400040EA020001F0004110EBD37041F10001DA
:100750005EEA430E08BF20EAD37070BDC4F12005E5
:1007600000FA05F24EEA020E20FA04F301FA05F24D
:1007700043EA020321FA04F001F0004121FA04F2F5
:1007800020EA020000EBD3705EEA430E08BF20EAC5
:10079000D37070BD94F0000F0FD101F000464000FF
:1007A00041EB010111F4801F08BF013CF7D041EA81
:1007B000060195F0000F18BF704703F00046520085
:1007C00043EB030313F4801F08BF013DF7D043EA56
:1007D0000603704794EA0C0F0CEA135518BF95EA0C
:1007E0000C0F0CD050EA410618BF52EA4306D1D193
:1007F00081EA030101F000414FF0000070BD50EAB2
:10080000410606BF1046194652EA430619D094EA3B
:100810000C0F02D150EA013613D195EA0C0F05D125
:1008200052EA03361CBF104619460AD181EA030179
:1008300001F0004141F0FE4141F470014FF0000031
:1008400070BD41F0FE4141F4780170BD70B54FF0CC
:10085000FF0C4CF4E06C1CEA11541DBF1CEA13554C
:1008600094EA0C0F95EA0C0F00F0A7F8A4EB05042E
:1008700081EA030E52EA03354FEA013100F0888025
:100880004FEA03334FF0805545EA131343EA1263EE
:100890004FEA022245EA111545EA10654FEA0026A3
:1008A0000EF000419D4208BF964244F1FD0404F55C
:1008B000407402D25B084FEA3202B61A65EB0305B8
:1008C0005B084FEA32024FF480104FF4002CB6EB75
:1008D000020E75EB030E22BFB61A754640EA0C00F5
:1008E0005B084FEA3202B6EB020E75EB030E22BF35
:1008F000B61A754640EA5C005B084FEA3202B6EB76
:10090000020E75EB030E22BFB61A754640EA9C0034
:100910005B084FEA3202B6EB020E75EB030E22BF04
:10092000B61A754640EADC0055EA060E18D04FEAC2
:10093000051545EA16754FEA06164FEAC30343EA62
:1009400052734FEAC2025FEA1C1CC0D111F4801F2F
:100950000BD141EA00014FF000004FF0004CB6E728
:1009600011F4801F04BF01430020B4F1FD0C88BFC7
:10097000BCF5E06F3FF6AFAEB5EB030C04BFB6EBD2
:10098000020C5FEA500C50F1000041EB045170BDC5
:100990000EF0004E4EEA113114EB5C04C2BFD4EBF2
:1009A0000C0541EA045170BD41F480114FF0000E76
:1009B000013C90E645EA060E8DE60CEA135594EAF2
:1009C0000C0F08BF95EA0C0F3FF43BAF94EA0C0FF5
:1009D0000AD150EA01347FF434AF95EA0C0F7FF46A
:1009E00025AF104619462CE795EA0C0F06D152EABE
:1009F00003353FF4FDAE1046194622E750EA4106A2
:100A000018BF52EA43067FF4C5AE50EA41047FF4B2
:100A10000DAF52EA43057FF4EBAE12E74FF0FF3C17
:100A200006E000BF4FF0010C02E000BF4FF0010CE8
:100A30004DF804CD4FEA410C7FEA6C5C4FEA430C61
:100A400018BF7FEA6C5C1BD001B050EA410C0CBFB0
:100A500052EA430C91EA030F02BF90EA020F002012
:100A6000704710F1000F91EA030F58BF994208BF79
:100A700090422CBFD8176FEAE37040F00100704736
:100A80004FEA410C7FEA6C5C02D150EA013C07D18D
:100A90004FEA430C7FEA6C5CD6D152EA033CD3D0D8
:100AA0005DF8040B704700BF8446104662468C46D2
:100AB0001946634600E000BF01B5FFF7B7FF002805
:100AC00048BF10F1000F01BD4DF808EDFFF7F4FF2E
:100AD0000CBF012000205DF808FB00BF4DF808EDB9
:100AE000FFF7EAFF34BF012000205DF808FB00BFDC
:100AF0004DF808EDFFF7E0FF94BF012000205DF8FE
:100B000008FB00BF4DF808EDFFF7CEFF94BF0120B2
:100B100000205DF808FB00BF4DF808EDFFF7C4FFAB
:100B200034BF012000205DF808FB00BF4FEA410CF4
:100B30007FEA6C5C02D150EA013C0AD14FEA430CD7
:100B40007FEA6C5C02D152EA033C02D14FF0000014
:100B500070474FF0010070474FEA410212F5001252
:100B600015D211D56FF47873B3EB625212D94FEAF4
:100B7000C12343F0004343EA505311F0004F23FADE
:100B800002F018BF404270474FF00000704750EA33
:100B9000013005D111F0004008BF6FF000407047F0
:100BA0004FF00000704700BF4A0011D212F500124A
:100BB00011D20DD56FF47873B3EB62520ED44FEAB5
:100BC000C12343F0004343EA505323FA02F0704735
:100BD0004FF00000704750EA013002D14FF0FF3073
:100BE00070474FF0000070474FEA4102B2F1E04316
:100BF00024BFB3F5001CDCF1FE5C0DD901F0004C04
:100C00004FEAC0024CEA5070B2F1004F40EB830053
:100C100008BF20F00100704711F0804F21D113F17F
:100C20003872BCBF01F00040704741F480114FEAB8
:100C30005252C2F11802C2F1200C10FA0CF320FA41
:100C400002F018BF40F001004FEAC1234FEAD3235E
:100C500003FA0CFC40EA0C0023FA02F34FEA4303C8
:100C6000CCE77FEA625307D150EA01331EBF4FF051
:100C7000FE4040F44000704701F0004040F0FE406C
:100C800040F40000704700BF53B94AB9002908BFBB
:100C900000281CBF4FF0FF314FF0FF3000F0BEB90D
:100CA000ADF1080C6DE904CE00F03CF8DDF804E08D
:100CB000DDE9022304B0704738B500220023044662
:100CC0000D46FFF70BFF28B920462946BDE83840FE
:100CD00000F00AB8204605F1004100F005F8404256
:100CE00061EB410138BD00BFD0B50C4B0022064678
:100CF0000F46FFF781FCFFF757FF0446FFF702FCA2
:100D0000074B0022FFF778FC02460B463046394677
:100D1000FFF7BAFAFFF748FF2146D0BD0000F03DCB
:100D20000000F0412DE9F047089D8E4604468846B4
:100D3000002B4AD18A42174662D9B2FA82F64EB1E6
:100D4000C6F1200301FA06F820FA03F3B74043EA9C
:100D50000808B4404FEA174E1FFA87FCB8FBFEF1B3
:100D6000230C0EFB118843EA084301FB0CF29A4264
:100D700009D9FB1801F1FF3080F0EA809A4240F275
:100D8000E78002393B449A1AA3B2B2FBFEF00EFB95
:100D9000102243EA024300FB0CFC9C4509D9FB18D6
:100DA00000F1FF3280F0D6809C4540F2D3803B4476
:100DB000023840EA0140A3EB0C0300211DB1F340CF
:100DC0000022C5E90032BDE8F0878B4205D90DB19C
:100DD000C5E9000100210846F5E7B3FA83F10029CF
:100DE00046D1734502D3824200F20581841A6EEB2C
:100DF000030201209046002DE5D0C5E90048E2E756
:100E0000002A00F09080B2FA82F6002E40F0A48012
:100E10008A1A030C4FEA174E80B2BCB20121B2FB12
:100E2000FEFC0EFB1C2243EA024304FB0CF29A4236
:100E300007D9FB180CF1FF3802D29A4200F2E08089
:100E4000C4469B1AB3FBFEF20EFB123340EA034387
:100E500002FB04F49C4207D9FB1802F1FF3002D2D6
:100E60009C4200F2CA8002461B1B42EA0C40A5E7E6
:100E7000C1F120068B4022FA06F71F430EFA01F457
:100E800020FA06F32EFA06FE4FEA1749234300FA2A
:100E900001F81FFA87FCBEFBF9F01C0C09FB10EEF1
:100EA00044EA0E4400FB0CFEA64502FA01F209D901
:100EB0003C1900F1FF3A80F09C80A64540F29980F1
:100EC00002383C44A4EB0E041FFA83FEB4FBF9F392
:100ED00009FB13444EEA044403FB0CFCA44508D967
:100EE0003C1903F1FF3E80F08280A4457FD9023B8C
:100EF0003C4443EA0040A4EB0C04A0FB02EC644534
:100F00007346E14662D35FD05DB1B8EB030264EB98
:100F1000090404FA06F622FA01F31E43CC40C5E99F
:100F2000006400214FE7B1FBF2FC010C41EA0E41E5
:100F300080B240EA01423B4638463C46B846BE468F
:100F40002026B1FBF7F1A2EB080241EA0C4166E76B
:100F5000014618E710462CE7C6F120022EFA02F3EC
:100F6000B740B14020FA02F24FEA174E0A43B3FBF2
:100F7000FEF8BCB20EFB1833110C41EA034108FB2A
:100F800004F9B04089454FEA104380B23ED9791840
:100F900008F1FF3C01D289451FD8A1EB0901B1FB43
:100FA000FEF909FB04F80EFB191192B242EA014264
:100FB000424529D2BA1809F1FF31C4D24245C2D202
:100FC000A9F102013A44BEE7F0459DD2BEEB02030F
:100FD0006CEB070C0138E14696E7A7EB0909494499
:100FE000A8F1020CB1FBFEF909FB04F8DBE773463C
:100FF0007FE7504666E70846FDE63B44023A33E7A2
:10100000ACF1020C3B441CE749469CE7A1EB09010B
:10101000C446B1FBFEF909FB04F8C4E7704700BF02
:1010200080B586B002AF0346FB800B467B7113464A
:101030007B807B793B737B881B0A9BB2DBB27B7323
:101040007B88DBB2BB7307F10C02F9886423009341
:101050000323084806F052F90346002B04D0064B40
:1010600001221A70002300E0012318461037BD4604
:1010700080BD00BF2C4900207002002080B588B0E0
:1010800004AF03463A60FB800B467B717B799AB2D2
:10109000F988642302930223019307F10C03009360
:1010A00001230D4806F05AFC0346002B04D00B4BDD
:1010B00001221A7000230BE03B7B1BB21B021AB209
:1010C0007B7B1BB213431BB29AB23B681A8001238D
:1010D00018461037BD4680BD2C4900207002002004
:1010E00080B584B000AF78607B681B7CC3F30103DC
:1010F000DBB21BB29B011AB27B681B7CC3F30013EB
:10110000DBB21BB21B021BB213431AB27B681B7CFF
:10111000C3F34013DBB21BB25B021BB213431AB220
:101120007B681B7CC3F38013DBB21BB29B021BB238
:1011300013431AB27B681B7CC3F38103DBB21BB27F
:10114000DB021BB213431AB27B681B7CC3F3C013D0
:10115000DBB21BB2DB031BB213431BB2FB817B6808
:101160001B88FA8901211846FFF75AFF034683F0CE
:101170000103DBB2002B01D0022300E0002318465C
:101180001037BD4680BD80B584B000AF78607B6805
:101190001B8807F10E0200211846FFF76FFF034678
:1011A00083F00103DBB2002B08D079684FF0000216
:1011B0004FF00003C1E90223002310E0FB891BB2BA
:1011C0001846FFF7AFF94FF000024FF07E53FFF7DC
:1011D00013FA02460B467968C1E902230123184637
:1011E0001037BD4680BD000080B582B000AF034619
:1011F0000A46FB711346BB71344809F065FE344B57
:10120000344A1A60324B344A5A60314B00221A7207
:10121000BB79012B06D92E4B1B7A43F00803DAB2B7
:101220002B4B1A722A4ABB79D372322004F06AF926
:1012300000224FF40041294805F09CFE00224FF4A3
:101240008041264805F096FE032000F039F904207D
:1012500004F058F9032000F033F9642000F0D4F8CA
:10126000032000F02DF9962000F0CEF8022000F0C7
:1012700027F9642000F0C8F8154B1B7A43F02003CF
:10128000DBB2184600F0A2F8114B00225A72104B44
:101290005B7A43F00803DBB2184600F097F800F0E1
:1012A0001FF8032004F02EF9094B02229A72084B12
:1012B0009B7A43F00403DBB2184600F087F800F095
:1012C00045F800BF0837BD4680BD00BFB84B0020C1
:1012D000740200200000002010000020000C0240DA
:1012E00080B500AF012000F071F8022004F00AF987
:1012F00000BF80BD80B584B000AF03460A46FB71D5
:101300001346BB710F4BFB600F4BDB7ABA799A42E5
:1013100003D90D4BDB7A013BBB71BB7910333B44E6
:1013200013F8042CFB791344DBB25BB263F07F0348
:101330005BB2DBB2184600F049F800BF1037BD467B
:1013400080BD00BF004014547402002080B500AF7F
:10135000084B5B7A43F00403DAB2064B5A72054B32
:101360005B7A43F00803DBB2184600F02FF800BFA9
:1013700080BD00BF7402002080B582B000AF7860ED
:1013800006E07B685A1C7A601B78184600F02CF83F
:101390007B681B78002BF4D100BF00BF0837BD4627
:1013A00080BD80B582B000AF03463A60FB710B464A
:1013B000BB71BA79FB7911461846FFF79BFF386875
:1013C000FFF7DAFF00BF0837BD4680BD80B582B0A9
:1013D00000AF0346FB71FB790021184600F02EF8A0
:1013E00000BF0837BD4680BD80B582B000AF034660
:1013F000FB71FB790121184600F020F80123184603
:101400000837BD4680BD000080B483B000AF0346FE
:10141000FB80094B1B6800225A6200BF064B1B6809
:101420005A6AFB889A42F9D300BF00BF0C37BD4609
:101430005DF8047B704700BFB84B002080B582B0D8
:1014400000AF03460A46FB711346BB71BB791A46CF
:101450004FF40041084805F08DFDFB791B09DBB214
:10146000184600F02DF8FB79184600F029F800BF67
:101470000837BD4680BD00BF000C024080B500AFFC
:1014800000224FF480410D4805F074FD0120FFF764
:10149000BBFF01224FF48041084805F06BFD01209D
:1014A000FFF7B2FF00224FF48041044805F062FDCF
:1014B0003220FFF7A9FF00BF80BD00BF000C024033
:1014C00080B584B000AF0346FB710023FB7319E0C5
:1014D000114B1A68FB7B9B00134418680E4B5A682B
:1014E000FB7B5B0013441988FA79FB7B42FA03F318
:1014F000DBB203F00103DBB21A4605F03BFDFB7BD8
:101500000133FB73FB7B032BE2D9FFF7B7FF00BF6F
:101510001037BD4680BD00BF7402002080B582B088
:1015200000AF7860094A7B681360002000F0ABF8D8
:10153000002000F06EF800F0C8F800F08EF80120EE
:1015400000F046F800BF0837BD4680BD800200208D
:1015500080B586B002AF03460A46FB711346BB71E5
:10156000FB793B73BB797B73074B186807F10C025F
:101570004FF0FF3300930223D02105F0BFFE00BFE0
:101580001037BD4680BD00BF8002002080B586B008
:1015900002AF0346FB710D4B1868FA1D4FF0FF3385
:1015A00000930123D02105F0A9FE084B186807F12C
:1015B0000F024FF0FF3300930123D02105F09CFF71
:1015C000FB7B18461037BD4680BD00BF800200205F
:1015D00080B584B000AF0346FB710E20FFF7D6FF45
:1015E0000346FB7397F90F3023F004035AB297F9BF
:1015F00007309B005BB203F004035BB213435BB2A2
:10160000DBB219460E20FFF7A3FF00BF1037BD461F
:1016100080BD80B584B000AF0346FB710E20FFF79C
:10162000B5FF0346FB7397F90F3023F002035AB25C
:1016300097F907305B005BB203F002035BB2134320
:101640005BB2DBB219460E20FFF782FF0120FFF7E5
:10165000BFFF00BF1037BD4680BD80B582B000AF70
:101660000F20FFF793FF034623F00203FB71FB7982
:1016700023F00203DBB219460F20FFF769FF00BF1A
:101680000837BD4680BD80B584B000AF0346FB710E
:101690000E20FFF77BFF0346FB7397F90F3023F013
:1016A00001035AB297F9073003F001035BB2134309
:1016B0005BB2DBB219460E20FFF74AFF0120FFF7AD
:1016C00087FF00BF1037BD4680BD80B582B000AF38
:1016D0000F20FFF75BFF034623F00103FB71FB794B
:1016E00023F00103DBB219460F20FFF731FF00BFE3
:1016F0000837BD4680BD80B500AF0F20FFF746FF1D
:101700000346DB09DBB203F00103DBB2184680BD00
:1017100080B500AF0420FFF739FF0346184600F0FC
:101720005AF90346184680BD80B500AF0520FFF783
:101730002DFF034603F07F03DBB2184600F04BF9A0
:101740000346184680BD80B582B000AF0620FFF783
:101750001DFF0346184600F03EF90346FB710520C5
:10176000FFF714FF0346DB09DBB21A46920013446D
:101770001A4691001A460B4613449B009BB203F590
:10178000FA63BB80FB799AB2BB8813449BB21846BC
:101790000837BD4680BD80B500AF0220FFF7F6FEDA
:1017A0000346184600F017F90346184680BD80B579
:1017B00000AF0120FFF7EAFE0346184600F00BF9E0
:1017C0000346184680BD80B500AF0020FFF7DEFE5F
:1017D0000346184600F0FFF80346184680BD80B562
:1017E00082B000AF0346FB71FB79184600F00CF99C
:1017F000034619460320FFF7ABFE00BF0837BD467E
:1018000080BD80B582B000AF0346FB71FB791846FE
:1018100000F0FAF8034619460420FFF799FE00BFCE
:101820000837BD4680BD80B584B000AF0346FB716C
:101830000520FFF7ABFE034623F07F03FB73FB7924
:10184000184600F0E1F803461A46FB7B1343DBB26F
:1018500019460520FFF77CFE00BF1037BD4680BD4E
:1018600080B584B000AF0346FB80FB881D4AA2FB15
:1018700003235B099AB21C4BA3FB021319090B4605
:101880009B000B449B00D31A9BB2FB730520FFF710
:101890007DFE03465BB203F07F035AB297F90F3027
:1018A000DB015BB213435BB2BB73BB7B1946052004
:1018B000FFF74EFEFB880B4AA2FB0312520964217C
:1018C00001FB02F29B1A9BB2DBB2184600F09CF8B7
:1018D000034619460620FFF73BFE00BF1037BD4602
:1018E00080BD00BF1F85EB51CDCCCCCC80B582B084
:1018F00000AF0346FB71FB7903F03F03DBB21846F0
:1019000000F082F8034619460220FFF721FE00BFCF
:101910000837BD4680BD80B582B000AF0346FB717D
:10192000FB79184600F070F8034619460120FFF7CE
:101930000FFE00BF0837BD4680BD80B582B000AF46
:101940000346FB71FB79184600F05EF80346194622
:101950000020FFF7FDFD00BF0837BD4680BD80B504
:1019600082B000AF0346FB710B46BB7113467B711F
:10197000FB791846FFF7BAFFBB791846FFF7CBFF94
:101980007B791846FFF7D9FF00BF0837BD4680BDF9
:1019900090B583B000AF0446084611461A46234668
:1019A000FB710346BB710B467B7113467B80FB7951
:1019B0001846FFF726FFBB791846FFF734FF7B79FF
:1019C0001846FFF70CFF7B881846FFF749FF00BF5A
:1019D0000C37BD4690BD80B483B000AF0346FB71A9
:1019E000FB791B09DBB21A46920013445B00DAB2A2
:1019F000FB7903F00F03DBB21344DBB218460C375C
:101A0000BD465DF8047B704780B483B000AF0346E9
:101A1000FB71FA790C4BA3FB0213D9080B469B0010
:101A20000B445B00D31ADAB2FB790749A1FB03131D
:101A3000DB08DBB21B01DBB21344DBB218460C3708
:101A4000BD465DF8047B7047CDCCCCCC80B582B070
:101A500000AF00237B601F4B5B6C1E4A43F4805336
:101A600053641C4B5B6C03F480537B607B681A4BA4
:101A70001A4A1A60184B4FF482725A60164B0022B1
:101A80009A60154B0022DA60134B02221A61124B46
:101A900001225A61104B4FF400729A610E4B1822CA
:101AA000DA610D4B00221A620B4B00225A620A4B7C
:101AB00000229A62084B0A22DA62074808F0A6FE62
:101AC0000346002B01D002F037FE00BF0837BD46A9
:101AD00080BD00BF00380240CC4A002000300140E9
:101AE00080B582B000AF0346FB711E4B1E4A1A60E0
:101AF0001C4B4FF482725A601A4B00229A60194BA9
:101B00000022DA60174B02221A61164B01225A6139
:101B1000144B4FF400729A61124B1822DA61114B88
:101B200000221A620F4B00225A620E4B00229A6268
:101B30000C4B0A22DA62FB79002B03D1094B2022DD
:101B4000DA6102E0074B1822DA61064808F05EFE0F
:101B50000346002B01D002F0EFFD00BF0837BD4661
:101B600080BD00BFCC4A00200030014080B586B067
:101B700002AF0346FB8007F10F02B91D0A23009351
:101B80000123044808F0CBFEFB7B18461037BD4606
:101B900080BD00BFCC4A002080B500AF00224FF4CA
:101BA00080510E4805F0E6F9012003F0ABFC01225C
:101BB0004FF48051094805F0DDF901224FF400513E
:101BC000064805F0D7F901224FF48061034805F07B
:101BD000D1F9FFF73BFF00BF80BD00BF00100240FE
:101BE00080B582B000AF03460A46FB711346BB8046
:101BF00000BF4FF400611A4805F0A4F90346002B1A
:101C0000F7D00020FFF76CFF01224FF40051144879
:101C100005F0B0F900224FF48061114805F0AAF9EF
:101C20000220FFF7A3FFFB799BB21846FFF79EFF48
:101C3000BB881B0A9BB21846FFF798FFBB88184663
:101C4000FFF794FF01224FF48061054805F092F9F7
:101C50000120FFF745FF00BF0837BD4680BD00BF2C
:101C60000010024080B584B000AF0346FB7100BF96
:101C70004FF400611D4805F065F90346002BF7D0CD
:101C80000020FFF72DFF01224FF40051174805F007
:101C900071F900224FF48061144805F06BF90320BC
:101CA000FFF764FFFB799BB21846FFF75FFFFF2049
:101CB000FFF75CFF0346FB81FB891B02FB81FF20D2
:101CC000FFF754FF03461A46FB891343FB810122A9
:101CD0004FF48061054805F04DF90120FFF700FF42
:101CE000FB8918461037BD4680BD00BF001002407A
:101CF00080B500AF00210420FFF772FF002104200F
:101D0000FFF76EFF00BF80BD80B582B000AF00BF9F
:101D10004FF400613F4805F015F90346002BF7D05A
:101D2000FF20FFF723FF0023FB710CE040F60401C6
:101D30000020FFF755FF022003F0E4FBFB795A1C5B
:101D4000FA71642B09D80020FFF78CFF03461A466E
:101D500040F604039A42E9D100E000BF00BF4FF40F
:101D600000612C4805F0EEF80346002BF7D0002365
:101D7000FB7109E04FF418410320FFF731FFFB79B5
:101D80005A1CFA71642B07D80320FFF76BFF034638
:101D9000B3F5184FEED100E000BF0023FB7109E05E
:101DA0004BF681310520FFF71BFFFB795A1CFA71B6
:101DB000642B09D80520FFF755FF03461A464BF65A
:101DC00081339A42ECD100E000BF00210B20FFF7E5
:101DD00007FFFFF78DFF00224FF400510D4805F07B
:101DE000C9F8FF20FFF7C2FEFF20FFF7BFFEFF206C
:101DF000FFF7BCFEFF20FFF7B9FE01224FF40051B0
:101E0000044805F0B7F8142003F07CFB00BF083746
:101E1000BD4680BD0010024080B584B000AF786040
:101E20002023FB7300224FF40051104805F0A2F864
:101E300006E07B685A1C7A601B781846FFF796FE0E
:101E4000FB7B5A1EFA73002BF3D101224FF4005191
:101E5000064805F08FF801224FF48061034805F031
:101E600089F800BF1037BD4680BD00BF001002409A
:101E700080B584B000AF3B4600221A605A609A6079
:101E8000DA602F4B2F4A1A602D4B4FF480325A6084
:101E90002B4B00229A602A4B01221A61284B012207
:101EA0001A76274B002283F82020254B0022DA6285
:101EB000234B254A9A62224B0022DA60204B0322F0
:101EC000DA611F4B012283F830201D4B01225A6139
:101ED0001B4803F03BFB0346002B01D002F02CFC17
:101EE00002233B6001237B600423BB603B46194611
:101EF000134803F03FFE0346002B01D002F01CFC08
:101F000003233B6002237B603B4619460C4803F0E9
:101F100031FE0346002B01D002F00EFC04233B608F
:101F200003237B603B461946054803F023FE034626
:101F3000002B01D002F000FC00BF1037BD4680BD71
:101F400084020020002001400100000F80B584B011
:101F500000AF3B4600221A605A609A60DA60214B5B
:101F6000214A1A601F4B4FF480325A601D4B0022E9
:101F70009A601C4B01221A611A4B01221A76194BE6
:101F8000002283F82020174B0022DA62154B174AF3
:101F90009A62144B0022DA60124B0122DA61114B73
:101FA000002283F830200F4B01225A610D4803F0C4
:101FB000CDFA0346002B01D002F0BEFB0E233B609E
:101FC00001237B600423BB603B461946054803F0B0
:101FD000D1FD0346002B01D002F0AEFB00BF10374D
:101FE000BD4680BDCC020020002101400100000F51
:101FF00080B58CB000AF786007F11C0300221A6036
:102000005A609A60DA601A617B681B68464A93429C
:1020100058D10023BB61454B5B6C444A43F4807349
:102020005364424B5B6C03F48073BB61BB69002358
:102030007B613E4B1B6B3D4A43F0010313633B4BFB
:102040001B6B03F001037B617B691C23FB61032392
:102050003B6200237B6207F11C031946344804F0FD
:10206000D5FD344B344A1A60324B00225A60314B52
:1020700000229A602F4B0022DA602E4B4FF48062D0
:102080001A612C4B4FF400625A612A4B4FF40052F4
:102090009A61284B4FF48072DA61264B00221A6253
:1020A000244B00225A62234804F012FA0346002B04
:1020B00001D002F041FB7B681E4A9A631D4A7B688F
:1020C00093632CE07B681B681C4A934227D1002352
:1020D0003B61164B5B6C154A43F400735364134B1E
:1020E0005B6C03F400733B613B690023FB600F4BA7
:1020F0001B6B0E4A43F0040313630C4B1B6B03F082
:102100000403FB60FB681023FB6103233B62002395
:102110007B6207F11C031946094804F077FD00BFF4
:102120003037BD4680BD00BF00200140003802406E
:10213000000002401403002010640240002101400E
:102140000008024080B582B000AF094B1B68DB6A13
:102150007B607B685A1C064B1B6852085A6300213F
:10216000034808F073FF00BF0837BD4680BD00BFBD
:10217000284B002080B500AF0021044809F02EF85C
:10218000024B1B6800225A6300BF80BD284B002011
:1021900080B582B000AF0346FB80FFF7D3FF03F0AA
:1021A000A5F90246FB881344024A136000BF0837B2
:1021B000BD4680BD7403002080B582B000AF0A48E0
:1021C00003F008FA0A21084803F009FB064803F067
:1021D000A5FC0346FB80044803F0CEFAFB881846B2
:1021E0000837BD4680BD00BFCC020020B0B58AB024
:1021F00000AF03463960FB7107F10C031422202164
:10220000184610F0F1FD002387F820303868FEF7FB
:102210002FF878627B6A142B01D914237B6207F1B3
:102220000C037A6A3968184610F03EFEFA791346B4
:102230005B001344DA00D21A144B134407F10C016B
:102240001522184610F0C0FD0346002B1AD007F1E6
:102250000C02FB7919460020FFF7A3F8FA79134620
:102260005B001344DA00D21A084B13441D4607F1F1
:102270000C040FCC28606960AA60EB6020682861BC
:1022800023792B7500BF2837BD46B0BD44280020F8
:1022900080B582B000AF00237B600FE07A68134600
:1022A0005B001344DA00D21A084B13441522FF21B5
:1022B000184610F099FD7B6801337B607B68032B27
:1022C000ECDD00BF00BF0837BD4680BD44280020BC
:1022D00080B485B000AFF860B9607A60FA68BB6816
:1022E0009A4201DABB68FB60FA687B689A4201DDBA
:1022F0007B68FB60FB68DBB218461437BD465DF8AF
:10230000047B704780B483B000AF78607B6803F0D3
:102310000303002B0CD17A68114B83FB0213591174
:10232000D317CB1A642101FB03F3D31A002B0DD171
:102330007A680B4B83FB0213D911D317CB1A4FF4D6
:10234000C87101FB03F3D31A002B01D1012300E074
:10235000002318460C37BD465DF8047B704700BF6C
:102360001F85EB5190B583B000AF786039603B6852
:10237000022B0DD10A4B5C787868FFF7C3FF034648
:10238000002B14BF01230023DBB22344DBB203E0A4
:102390003B68013B024AD35C18460C37BD4690BDF2
:1023A000505D010880B487B000AFF860B9607A6012
:1023B000BB68022B02DCFB68013BFB60FB68002B67
:1023C00000DA03339B101A46FB681A44FB6818496D
:1023D00081FB03014911DB175B1A1A44FB6814499E
:1023E00081FB0301C911DB17CB1A1A44BB68013BFF
:1023F000104951F823301A447B681A440E4B83FB72
:10240000021313449910D317C91A0B46DB005B1A49
:10241000D31A7B617B69002B02D07B69DBB200E0C1
:10242000072318461C37BD465DF8047B704700BF84
:102430001F85EB51500000209324499280B500AFD6
:10244000FFF781F903461A46124B1A60FFF76CF941
:1024500003461A460F4B1A71FFF75AF903461A46FC
:102460000C4B5A71FFF797F903461A46094B9A71BC
:10247000FFF79DF903461A46064BDA71FFF7A3F9F9
:1024800003461A46034B1A72024B00225A7200BFCF
:1024900080BD00BF9828002080B582B000AF184BE7
:1024A0001B68174A12791146154A52791846FFF7E8
:1024B00079FF0346FB71124B5879114B1979104B78
:1024C0001B689BB2FA79FFF763FA0D4B9B790C4AB4
:1024D000D1790B4A127A1846FFF741FA0F20FFF71D
:1024E00055F80346BB71BB7903F07F03DBB2194695
:1024F0000F20FFF72DF800BF0837BD4680BD00BF95
:102500009828002080B584B000AF7860414B5B7A9A
:10251000052B7BD801A252F823F000BF3525000817
:102520005525000873250008B3250008D1250008AB
:10253000EF250008374B1A687B68134440F63302D6
:102540004FF4FA611846FFF7C3FE03461A46314BB3
:102550001A605BE02F4B1B791A467B6813440C22F0
:1025600001211846FFF7B4FE03461A46294B1A719B
:102570004CE0284B1B68274A127911461846FFF792
:10258000F1FE0346FB72234B5B791A467B681344CA
:10259000FB60FB68002B01DCFB7AFB60FB7AFA68CE
:1025A0009A4201DD0123FB60FB68DAB2194B5A71D4
:1025B0002CE0184B9B791A467B68134417220021A4
:1025C0001846FFF785FE03461A46124B9A711DE026
:1025D000104BDB791A467B6813443B2200211846D6
:1025E000FFF776FE03461A460A4BDA710EE0094BF6
:1025F0001B7A1A467B6813443B2200211846FFF7DA
:1026000067FE03461A46034B1A7200BF00BF10371D
:10261000BD4680BD9828002080B400AF0A4B5B7A8D
:102620005A1C0A4B83FB0231D317C91A0B465B00B5
:102630000B445B00D11ACAB2034B5A7200BFBD46AD
:102640005DF8047B704700BF98280020ABAAAA2A37
:1026500080B500AFFFF71CFE152200210F4810F0D7
:10266000C3FB152200210E4810F0BEFB15220021ED
:102670000C4810F0B9FB0C490020FFF7B7FD0B49DF
:102680000120FFF7B3FD0A490220FFF7AFFD08491B
:102690000320FFF7ABFD00BF80BD00BFA4280020D2
:1026A000BC280020D4280020605901087059010876
:1026B00088590108B0B592B000AF7860396007F171
:1026C000240315220021184610F08EFB7868FDF7D0
:1026D000CFFD78643868FDF7CBFD38647B6C142B34
:1026E00001D914237B643B6C142B01D914233B6464
:1026F0007A6C3B6C1344142B05D87A6C3B6C1344F6
:10270000C3F1140300E00123FB63FB6B102B01D921
:102710001023FB6307F10C0318220021184610F068
:1027200063FB07F10C037A6C7968184610F0BCFB68
:1027300007F10C027B6C1344FA6B2E21184610F043
:1027400053FB7A6CFB6B134407F10C0213443A6C95
:102750003968184610F0A8FB1F4A204B14461D4646
:102760000FCD0FC495E803002060043421701B4A8C
:102770001B4B14461D460FCD0FC495E80300206087
:102780000434217007F10C03164A152114480FF088
:102790007DFB114B1B78002B01D00F4B00E0124B3F
:1027A00019460120FFF722FD0C4B1B78002B01D0AE
:1027B0000A4B00E00C4B19460220FFF717FD0849B1
:1027C0000320FFF713FD4FF4FA7002F09BFE00BFE9
:1027D0004837BD46B0BD00BFA4280020BC2800205B
:1027E000D4280020A05901088859010880B500AFFD
:1027F00002F07CFE0346184680BD000080B489B01C
:1028000000AFF860B9607A60FB68DB43FB600023CF
:10281000FB611FE0BA68FB6913441B781A46FB682A
:102820005340FB600023BB610EE0FB6803F0010333
:102830005B427B61FB685A0879690C4B0B40534043
:10284000FB60BB690133BB61BB69072BEDDDFB6935
:102850000133FB61FA697B689A42DBD3FB68DB4397
:1028600018462437BD465DF8047B70472083B8EDD9
:1028700080B582B000AF786014220021786810F033
:10288000B3FA7B684AF25A521A807B6801229A7026
:102890007B684FF461729A807B6840F63402DA807C
:1028A0007B6819221A727B6800225A727B684FF487
:1028B00080725A817B6800229A817B6801229A7318
:1028C000102279680020FFF799FF02467B681A61A1
:1028D00000BF0837BD4680BD80B582B000AF7860CC
:1028E0007868FFF7C5FF00BF0837BD4680BD000010
:1028F0002DE9F04190B006AF06F05CFB0346324A8A
:10290000A2FB03239B0C7B6207F10C007B6A009304
:102910002E4B2F4A18210FF0B9FA07F10C03194674
:102920000020FFF763FCFEF70EFF03469846FEF714
:10293000FBFE03461C46FEF7EBFE03461D46FEF774
:102940002AFF03461E46FEF732FF03467B60FEF772
:102950003AFF034607F10C0004937B680393029649
:102960000195009443461B4A18210FF08FFA07F196
:102970000C0319460120FFF739FC174B9B691846D9
:10298000FDF7E2FD04460D46134BDB691846FDF7E3
:10299000DBFD02460B4607F10C00CDE90223CDE931
:1029A00000450E4A18210FF071FA07F10C03194681
:1029B0000220FFF71BFC0A490320FFF717FC00BFAA
:1029C0002837BD46BDE8F08183DE1B43AC590108C2
:1029D000B4590108C859010888230020E8590108A2
:1029E000005A010880B58EB002AF7B4B93F8493096
:1029F000002B01D0794B00E0794B3846794A1821F9
:102A00000FF044FA3B4619460020FFF7EFFB724BEC
:102A10005B8CFB85704B9B8CBB856F4BDB8C7B850C
:102A20006D4B93F84830002B21D1FB8D38466E4A10
:102A300018210FF02BFA3B4619460120FFF7D6FB71
:102A4000BB8D3846694A18210FF020FA3B461946DB
:102A50000220FFF7CBFB7B8D3846654A18210FF02B
:102A600015FA3B4619460320FFF7C0FBB0E05A4B6E
:102A700093F84830012B60D1FB8D07EE903AF8EEC9
:102A8000E77A9FED5C7A27EE877ADFED5B6AC7EE27
:102A9000267AC7ED087ABB8D07EE903AF8EEE77A12
:102AA0009FED547A27EE877ADFED536AC7EE267AD8
:102AB000C7ED077A7B8D07EE903AF8EEE77A9FED47
:102AC0004D7A27EE877ADFED4C6AC7EE267AC7ED9E
:102AD000067A386AFDF738FD02460B463846CDE9DE
:102AE0000023464A18210FF0D1F93B461946012030
:102AF000FFF77CFBF869FDF727FD02460B463846D9
:102B0000CDE900233E4A18210FF0C0F93B46194693
:102B10000220FFF76BFBB869FDF716FD02460B4676
:102B20003846CDE90023374A18210FF0AFF93B466C
:102B300019460320FFF75AFB4AE0FB8D642202FB93
:102B400003F3314A82FB03121A44D212DB17D31A61
:102B500087F82930BB8D642202FB03F32A4A82FBEB
:102B600003121A44D212DB17D31A87F828307B8D50
:102B7000642202FB03F3244A82FB03121A44D2129A
:102B8000DB17D31A87F8273097F8293038461F4AC1
:102B900018210FF07BF93B4619460120FFF726FB71
:102BA00097F8283038461A4A18210FF06FF93B463B
:102BB00019460220FFF71AFB97F827303846154AC6
:102BC00018210FF063F93B4619460320FFF70EFB6F
:102BD00000BF3037BD4680BD88230020145A01084D
:102BE000185A01081C5A0108305A0108385A0108BD
:102BF000405A01083333534000F07F45485A0108DA
:102C0000545A0108605A0108810008806C5A010872
:102C1000785A0108845A010880B58AB002AF7860FA
:102C20001B490020FFF7E2FA7B68002B01D07B688C
:102C300000E0184B07F10800174A18210FF026F999
:102C400007F1080319460120FFF7D0FA134B1B7B4D
:102C50001A46124B93F88132002B01D0104B00E042
:102C6000104B07F10800009313460F4A18210FF08C
:102C70000DF907F1080319460220FFF7B7FA0B49CF
:102C80000320FFF7B3FA00BF2037BD4680BD00BF69
:102C9000905A01089C5A0108A85A0108882300206C
:102CA000AC5A0108B45A0108BC5A0108C85A0108B4
:102CB00080B58AB002AF2B4B1B891A46294B5B8922
:102CC000381D00931346284A18210FF0DFF83B1DEA
:102CD00019460020FFF78AFA224B5B8CFB83214BBD
:102CE0001989204B5B891A461E4B1B89D31A1A4639
:102CF000FB8B03FB02F21D4BA3FB0203D21A52080B
:102D00001344DB0A9BB20B44BB83FA8BBB8B381D8D
:102D100000931346164A18210FF0B8F83B1D1946C8
:102D20000120FFF763FA0F4B1B8C1A460D4B93F8EB
:102D30004A30002B01D00F4B00E00F4B381D0093A1
:102D400013460E4A18210FF0A1F83B1D1946022028
:102D5000FFF74CFA0A490320FFF748FA00BF203773
:102D6000BD4680BD88230020E05A01080101100003
:102D7000EC5A0108145A0108185A0108005B0108AE
:102D8000145B010880B582B000AF0346FB711049A7
:102D90000020FFF72BFAFB79002B01D10D4B00E04F
:102DA0000D4B19460120FFF721FAFB79012B01D1C8
:102DB0000A4B00E00A4B19460220FFF717FA0949AF
:102DC0000320FFF713FA00BF0837BD4680BD00BFE0
:102DD0002C5B0108345B0108405B01084C5B010877
:102DE000585B0108645B0108B0B58AB004AF1E49A6
:102DF0000020FFF7FBF91D4B9B691846FDF7A4FB6C
:102E000004460D46194BDB691846FDF79DFB02464B
:102E10000B463846CDE90223CDE90045144A182176
:102E20000FF034F83B4619460120FFF7DFF90F4B4E
:102E30005B8C19460D4B9B8C1A460C4BDB8C384631
:102E4000019300920B460B4A18210FF01FF83B46E6
:102E500019460220FFF7CAF907490320FFF7C6F910
:102E600000BF1837BD46B0BD745B01088823002041
:102E70007C5B01088C5B01089C5B010880B588B015
:102E800002AF2E490020FFF7B1F92D4B1B682C4AE9
:102E9000127911462A4A5279384601920091294AFC
:102EA00018210EF0F3FF264B5B7A002B02D13E2354
:102EB0003B700CE0224B5B7A012B02D13E23FB716D
:102EC00005E01F4B5B7A022B01D13E23BB733B46CF
:102ED00019460120FFF78AF9194B9B791946184BBF
:102EE000DB791A46164B1B7A3846019300920B4643
:102EF000154A18210EF0CAFF114B5B7A032B02D141
:102F00003E233B700CE00E4B5B7A042B02D13E2338
:102F1000FB7105E00A4B5B7A052B01D13E23BB73A5
:102F20003B4619460220FFF761F908490320FFF7E5
:102F30005DF900BF1837BD4680BD00BFA45B010826
:102F400098280020B45B0108C85B0108E05B010819
:102F500080B586B000AF0121374803F0F3FF034688
:102F60003B710221344803F0EDFF03467B710421DD
:102F7000314803F0E7FF0346BB7108212E4803F0F8
:102F8000E1FF0346FB71FFF731FC386100237B61F1
:102F900049E03A1D7B6913441B78002B0CBF0123C9
:102FA0000023DBB2FB73FB7B002B0DD0234A7B6934
:102FB000134444331B78002B06D1204A7B690C3321
:102FC0009B0013443A695A60FB7B002B22D11B4AB9
:102FD0007B69134444331B78002B1BD0174A7B6951
:102FE0000C339B0013445B683A69D31ABB60BB681F
:102FF000B3F5966F07D37B69DBB20533DBB21846B6
:1030000000F02AFF06E07B69DBB20133DBB2184631
:1030100000F022FF094A7B6913444433FA7B1A709B
:103020007B6901337B617B69032BB2DD00BF00BF8D
:103030001837BD4680BD00BF00080240882300202D
:1030400080B500AF1C4B1B78002B02D11B48FEF74C
:103050009AF81B4B1B78002B02D11A48FEF793F805
:10306000164BD3E9022310461946FDF7BDFD034672
:10307000154A9361134BD3E9022310461946FDF715
:10308000B3FD0346104AD361104B1B889AB20E4B16
:103090005A840E4B5B889AB20B4B9A840B4B9B88DD
:1030A0009AB2094BDA84FFF787F803461A46064BB3
:1030B0001A8400BF80BD00BFE92800202000002046
:1030C000EA280020380000208823002080490020C2
:1030D00090B599B004AFFEF71BFB034687F84F305D
:1030E0002E4B93F8B434002B06D02C4B93F8B53408
:1030F00097F84F209A424DD0284B93F8B434002BC8
:1031000009D027480DF0AEFA25480DF029FB234BD6
:10311000002283F8B424FEF716FB03461C46FEF794
:1031200003FB03461A4697F84F30381D029301926D
:1031300000941C4B1C4A40210EF0A8FE19480DF0CB
:1031400018FE3B1D3222194615480CF01DFE0346A1
:10315000002B1FD1114BD3F89032002B0BD1134B06
:10316000BB64B86CFDF784F8024607F14403B96C00
:103170000B480DF002F9094B012283F8B424074AE9
:1031800097F84F3082F8B53402F0B0F90346034A9D
:10319000C2F8B83400BF5437BD4690BD8823002024
:1031A0000C260020F45B0108F85B0108105C0108A4
:1031B0002DE9F041A8B00AAF364B93F84930002B07
:1031C00061D0FFF785FF334B93F8B434002B5CD00C
:1031D000FEF7E1FA03469846FEF7E9FA03461E4673
:1031E000FEF7F1FA0346FB602A4B9B691846FDF790
:1031F000ABF904460D46274BDB691846FDF7A4F9E9
:1032000002460B462349098CB9602249498C7960F2
:103210002049898C39601F49C98C07F11400099134
:103220003968089179680791B9680691CDE9042356
:10323000CDE90245FB68019300964346164A60219A
:103240000EF024FE07F114031846FDF711F80246AC
:1032500007F1100307F1140110480DF08EF802F089
:1032600045F978670B4BD3F8B8347A6FD31A41F22B
:10327000873293420AD909480DF0F4F9054A7B6F69
:10328000C2F8B83402E000BF00E000BF7837BD46A6
:10329000BDE8F081882300203C5C01080C2600205A
:1032A00080B586B000AF78607868FCF7E1FF7861A0
:1032B0007B69032B01D800232AE07B69043B7A68F1
:1032C00013443B613B691B7843F02003FB733B696C
:1032D00001331B7843F02003BB733B6902331B7837
:1032E00043F020037B733B6903331B7843F02003D7
:1032F0003B73FB7B2E2B0AD1BB7B6D2B07D17B7BDA
:10330000702B04D13B7B332B01D1012300E0002340
:1033100018461837BD4680BD80B5D4B000AF634BAA
:103320000022A3F84C2007F58E73614918460DF072
:103330004AFC0346002B4CD13A1D07F58E7311460B
:1033400018460DF0D9FC0346002B3DD107F5A873B4
:10335000A3F5A6739B7D002B36D007F5A873A3F5C4
:10336000A6731B7A03F01003002B2AD13B1D1633E2
:103370001846FFF795FF0346002BDDD04B4BB3F803
:103380004C309B014B4A98183B1D16333F2219467F
:103390000FF044FD454BB3F84C30464A9B011344B3
:1033A0003F3300221A70414BB3F84C3001339AB2CC
:1033B0003E4BA3F84C203D4BB3F84C307F2B02D84A
:1033C000BAE700BFB8E700BF07F58E7318460DF0E7
:1033D0006DFC364BB3F84C30002B55D107F58E738E
:1033E000354918460DF0EFFB0346002B4CD13A1D32
:1033F00007F58E73114618460DF07EFC0346002B30
:103400003DD107F5A873A3F5A6739B7D002B36D09D
:1034100007F5A873A3F5A6731B7A03F01003002B1E
:103420002AD13B1D16331846FFF73AFF0346002BFF
:10343000DDD01E4BB3F84C309B011E4A98183B1D43
:1034400016333F2219460FF0E9FC184BB3F84C3005
:10345000184A9B0113443F3300221A70134BB3F8F0
:103460004C3001339AB2114BA3F84C200F4BB3F8F8
:103470004C307F2B02D8BAE700BFB8E700BF07F592
:103480008E7318460DF012FC084BB3F84E20074B14
:10349000B3F84C309A4203D3044B0022A3F84E20D9
:1034A00000BF07F5A877BD4680BD00BF8823002078
:1034B000645C0108EC2800206C5C010880B400AF5B
:1034C000084BB3F84C30002B06D0064BB3F84E3007
:1034D0009B01054A134400E0044B1846BD465DF8C5
:1034E000047B704788230020EC2800209C5A0108A8
:1034F00080B584B000AF0346FB71FB791F2B01D967
:103500001F23FB710F4AFB791373FB79C3F11F0370
:103510009BB2DB00FB81FB89FE2B01D9FE23FB81E3
:10352000B7F90E301B021AB2B7F90E3013431BB2B3
:103530009BB219460B20FEF753FB00BF1037BD4668
:1035400080BD00BF8823002080B500AF104B93F8EA
:103550008032002B06D00F480DF002F90C4B0022F0
:1035600083F880220A4B002283F881220A4B002232
:103570001A800A4B01221A80094B00221A60094B5B
:1035800000221A60084B00221A6000BF80BD00BFF5
:1035900088230020D8230020782300201800002052
:1035A0007C230020802300208423002080B584B069
:1035B00000AF03463960FB710023BB603B68B3F585
:1035C000805F02D94FF480533B60FB791B030A4AAA
:1035D000991807F108033A6808480CF08FFD034674
:1035E000FB73FB7B002B01D1BB6800E00023184676
:1035F0001037BD4680BD00BF78030020D8230020CF
:1036000080B59CB002AF0346FB802F4BB3F84C3023
:10361000002B02D1FFF798FF52E0FFF795FF2A4AEF
:10362000FB88A2F84E30FB889B01284A134407F11F
:1036300008000093264B274A60210EF027FC07F173
:1036400008030122194624480CF09EFB0346002B78
:103650002ED11D4B012283F880221B4B012283F8BF
:103660008122FEF751FB184B1B7B1846FFF740FFEA
:103670001A4B00221A801A4B01221A80194B002281
:103680001A60164B1B88DBB24FF480511846FFF7C7
:103690008DFF0346144A1360114B1B88DBB24FF4B5
:1036A00080511846FFF782FF0346104A136007E077
:1036B000054B002283F88022034B002283F88122ED
:1036C0006837BD4680BD00BF88230020EC2800205D
:1036D000645C0108705C0108D82300207823002076
:1036E000180000207C230020802300208423002059
:1036F00080B584B000AF454B93F88032002B00F0CA
:103700008180424B93F88132002B7BD010E0404BFC
:103710001B881A463F4B1B68120313443E4A13444E
:103720001846FEF779FB3B4B1B682033394A136080
:103730004FF40061394803F005FC0346012B07D123
:10374000344B1B6803F12002354B1B689A42DED9CB
:10375000304B1A68324B1B689A4234D32C4B1B886F
:1037600083F001039AB22A4B1A802E4B1B8883F0F8
:1037700001039AB22B4B1A80264B00221A602A4B67
:103780001B68274A1360284B00221A60244B1B68D1
:10379000002B18D11D4BB3F84E305A1C1B4BB3F8FD
:1037A0004C30002B03D0194BB3F84C3000E0012310
:1037B00092FBF3F101FB03F3D31AFB81FB8918465B
:1037C000FFF71EFF1FE0184B1B68002B1BD10F4B90
:1037D000DA6D0E4B9B6ED31ABB60BB68002B12D008
:1037E000BB68B3F5806F28BF4FF480637B600D4BDF
:1037F0001B88DBB279681846FFF7D8FE03460A4AF1
:10380000136000E000BF1037BD4680BD8823002054
:10381000782300207C230020780300200010024041
:1038200080230020180000208423002080B586B06B
:1038300000AF78602A4B93F88032002B4BD0284B96
:10384000DB6D7B61264B9B6E3B617B68002BB8BFB9
:103850005B4219467B69234AA2FB03235B0901FBF8
:1038600003F3FB607B68002B09DA3A69FB689A4234
:1038700003D93A69FB68D31A08E0002306E03A69E5
:10388000FB681A447B69934228BF1346BB60B96842
:1038900015480CF08FFF154B00221A80144B0122A3
:1038A0001A80144B00221A60104B1B88DBB24FF4B5
:1038B00080511846FFF77AFE03460F4A13600C4BFF
:1038C0001B88DBB24FF480511846FFF76FFE0346AA
:1038D0000A4A136000E000BF1837BD4680BD00BF34
:1038E000882300201F85EB51D82300207823002057
:1038F000180000207C230020802300208423002047
:1039000080B582B000AF0346FB711D4AFB7913708E
:10391000FEF7BEFCFB79062B2CD801A252F823F04F
:103920003D39000843390008493900085739000873
:103930005D390008653900086F390008FEF7D8FFC7
:1039400019E0FFF74FF816E0FFF7B8FD03461846F9
:10395000FFF762F90FE0FFF7ABF90CE00020FFF78B
:1039600011FA08E0FEF76AFDFFF788FA03E0FFF7B7
:103970003BFA00E000BF00BF0837BD4680BD00BF76
:103980008823002080B584B000AF0346FB71B04BA4
:103990001B78062B00F2448201A252F823F000BFEC
:1039A000BD390008213A0008BF3A0008EF3B000883
:1039B000E93C0008813D0008013E0008FB79012B2D
:1039C00008D0FB79022B05D0FB79032B02D0FB79C1
:1039D000042B02D15020FEF7DBFBFB79012B03D136
:1039E0000120FFF78DFF1DE2FB79022B03D102209E
:1039F000FFF786FF16E2FB79032B03D10320FFF7C5
:103A00007FFF0FE2FB79042B03D10420FFF778FF3F
:103A100008E2FB790B2B40F00582FEF769FF01E21B
:103A2000FB79042B06D15020FEF7B2FB0020FFF7F4
:103A300067FFF9E1FB79012B16D15020FEF7A8FBB7
:103A4000834B93F848305A1C824B83FB0231D317C7
:103A5000C91A0B465B000B44D11ACAB27C4B83F8DF
:103A60004820FEF7BFFFDFE1FB79022B0ED150208B
:103A7000FEF78EFB764B93F8493083F00103DAB200
:103A8000734B83F84920FEF7ADFFCDE1FB79032BA3
:103A90000ED15020FEF77CFB6D4B9B79012B01D1A1
:103AA000052200E001226A4B9A71FEF79BFFBBE101
:103AB000FB790B2B40F0B881FEF794FFB4E1FB7962
:103AC000042B08D15020FEF763FBFFF73DFD0020DB
:103AD000FFF716FFAAE1FB79022B12D15020FEF767
:103AE00057FB5B4B93F8813283F00103DAB2584BFA
:103AF00083F88122FFF7E2FC03461846FFF78CF8B3
:103B000094E1FB79012B25D15020FEF741FB504B6E
:103B1000B3F84C30002B00F089814D4BB3F84E3098
:103B20001A464B4BB3F84C301344013B484AB2F8A9
:103B30004C2093FBF2F101FB02F29B1A3B813B8983
:103B40001846FFF75DFDFFF7B9FC03461846FFF77F
:103B500063F86BE1FB79032B20D15020FEF718FBB3
:103B60003B4BB3F84C30002B00F06081384BB3F87E
:103B70004E300133364AB2F84C2093FBF2F101FB90
:103B800002F29B1A7B817B891846FFF739FDFFF70C
:103B900095FC03461846FFF73FF847E1FB79062BF3
:103BA0000BD12B4B1B7B1846FFF7A2FCFFF786FCC3
:103BB00003461846FFF730F838E1FB79052B04D1AE
:103BC0004FF0FF30FFF732FE30E1FB79072B03D1D6
:103BD0000120FFF72BFE29E1FB790B2B40F026811A
:103BE000FFF76CFC03461846FFF716F81EE1FB7959
:103BF000042B06D15020FEF7CBFA0020FFF780FE01
:103C000016E1FB79022B0ED15020FEF7C1FA104BC2
:103C100093F84A3083F00103DAB20D4B83F84A205F
:103C2000FFF746F804E1FB79012B15D15020FEF790
:103C3000AFFA074B1B89B3F5167F05D9044B1B89D7
:103C4000323B9AB2024B1A81FFF732F8F0E000BF24
:103C50008823002056555555FB79032B11D1502050
:103C6000FEF796FA784B5B8940F62722934205D8F7
:103C7000754B5B8932339AB2734B5A81FFF718F850
:103C8000D6E0FB79092B03D0FB790A2B40F0D080DA
:103C90006D4B93F84A30002B02D06B4B1B8C01E02C
:103CA000694B5B8CFB81684B1989674B5B891A46B2
:103CB000654B1B89D31A1A46FB8903FB02F2634B3F
:103CC000A3FB0203D21A52081344DB0A9BB20B4433
:103CD000BB815F4B1B68BA899A63FB790A2B40F062
:103CE000A780FEF7E5FFA3E0FB79042B06D1502067
:103CF000FEF74EFA0020FFF703FE9BE0FB79012B55
:103D000012D15020FEF744FA524B1B78002B05D0FD
:103D1000504B1B78013BDAB24E4B1A704D4B1B785F
:103D20001846FFF72FF885E0FB79032B12D15020BE
:103D3000FEF72EFA474B1B78002B05D1454B1B781D
:103D40000133DAB2434B1A70424B1B781846FFF727
:103D500019F86FE0FB79022B6CD15020FEF718FAAE
:103D60003C4B1B78002B03D10520FFF7C9FD61E018
:103D7000384B1B78012B5DD10620FFF7C1FD59E0C0
:103D8000FB79042B06D15020FEF702FA0420FFF73E
:103D9000B7FD51E0FB79012B09D13220FEF7F8F98C
:103DA0004FF0FF30FEF7AEFBFFF768F844E0FB7919
:103DB000032B08D13220FEF7EBF90120FEF7A2FB1E
:103DC000FFF75CF838E0FB79022B07D13220FEF7D1
:103DD000DFF9FEF721FCFFF751F82DE0FB79062B08
:103DE00008D17820FEF7D4F9FEF756FB0420FFF740
:103DF00087FD21E0FB790B2B1ED1FFF73FF81BE07D
:103E0000FB79042B06D15020FEF7C2F90420FFF7FE
:103E100077FD13E0FB790B2B10D1FEF7E5FF0DE0EA
:103E200000BF0CE000BF0AE000BF08E000BF06E0F2
:103E300000BF04E000BF02E000BF00E000BF00BF21
:103E40001037BD4680BD00BF88230020010110004F
:103E5000704B0020EC48002080B485B000AF0346D2
:103E6000FB710D4B1B780133DBB203F00F03FB73C7
:103E70000A4B1B78FA7B9A4208D0074B1B781946ED
:103E8000074AFB795354044AFB7B137000BF143775
:103E9000BD465DF8047B70470049002001490020C1
:103EA000F048002080B483B000AF0F4B1A780F4B5E
:103EB0001B789A4201D100230FE00B4B1B781A4666
:103EC0000B4B9B5CFB71084B1B780133DBB203F09F
:103ED0000F03DAB2044B1A70FB7918460C37BD4653
:103EE0005DF8047B704700BF0149002000490020B5
:103EF000F048002080B584B000AF40F2BC42002101
:103F00006F480EF071FF6F48FEF7E6FC04211420A5
:103F1000FDF76AF9FEF79CFB6B496C48FEF7CAFB9C
:103F200064230122D0216A4803F04AFF0346002B94
:103F30000CBF01230023DBB2FB60FB68002B01D028
:103F4000614B00E0634B19466348FEF7B3FB642303
:103F5000012290215E4803F033FF0346002B0CBF83
:103F600001230023DBB2BB60BB68002B01D0564BA2
:103F700000E0584B19465948FEF79CFB6423012288
:103F80009221534803F01CFF0346002B0CBF012372
:103F90000023DBB27B607B68002B01D04A4B00E042
:103FA0004C4B19464E48FEF785FB01224D494E48C1
:103FB0000BF0A4FE0346FB70FB78002B01D1424BB3
:103FC00000E0444B19464948FEF774FB4FF400618A
:103FD000474802F0B7FF0346BB70BB78012B01D105
:103FE000394B00E03B4B19464248FEF763FBFEF7B6
:103FF000E3F803463B803B88B3F5805F01D2324B48
:1040000000E0344B19463C48FEF754FB782001F0A1
:1040100079FAFEF73DF939490020FEF7E7F89620D6
:1040200001F070FA2A48FDF779FAFDF764FB0346C0
:10403000002B02D00520FFF763FC3148FDF750F854
:1040400003461A462F4B1A702F48FDF749F80346CE
:104050001A462E4B1A700122224923480BF04EFEBD
:104060000346002B07D101222021294802F082FFBC
:10407000FFF752F904E000222021254802F07AFFE0
:10408000FDF78AFDFDF740FE0D4B1B7B1846FFF741
:104090002FFAFEF7ABFB0346094A9362084B9B6A73
:1040A000074AD362064B9B6A054A1363FEF7C8FFB3
:1040B0000020FFF725FC00BF1037BD4680BD00BFC4
:1040C000882300208C230020785C0108805C010894
:1040D0002C4900208C5C0108945C0108A05C01085C
:1040E000B45C0108785000207C500020C85C0108B6
:1040F00000100240DC5C0108EC5C0108FC5C01087B
:1041000020000020E928002038000020EA280020B4
:104110000004024080B582B000AFFEF767FB786014
:10412000264B9B6A7A68D31A312B16D9234A7B68AF
:104130009362FEF70DFF224B1B68002B0AD0204B29
:104140001A687B68D31A002B04DC1D4B00221A600E
:10415000FEF710F80920FFF77FFE184BDB6A7A683C
:10416000D31AC72B07D9154A7B68D362FEF768FFBD
:104170000A20FFF771FE114B1B6B7A68D31AB3F557
:104180007A7F07D30D4A7B681363FFF711F80B2082
:10419000FFF762FEFFF7ACFAFFF784FE0346FB7001
:1041A000FB78002B04D0FB781846FFF7EBFBF3E716
:1041B00000BF00BF0837BD4680BD00BF8823002078
:1041C0007403002080B500AF164B174A1A60154BD8
:1041D00010225A60134B00229A60124B0022DA60C0
:1041E000104B00221A610F4B00225A610D4B002226
:1041F0001A760C4B00225A760A4B00229A76094B0B
:104200000022DA76074B00221A77064B00225A77F3
:10421000044801F04FFF0346002B01D000F08CFA58
:1042200000BF80BD044900200064004080B58AB012
:1042300000AF786007F1140300221A605A609A6098
:10424000DA601A617B681B68194A93422BD10023FC
:104250003B61184B1B6C174A43F000731364154BFA
:104260001B6C03F000733B613B690023FB60114B47
:104270001B6B104A43F0080313630E4B1B6B03F0D8
:104280000803FB60FB6803237B610223BB610023FF
:10429000FB6103233B6209237B6207F11403194688
:1042A000054802F0B3FC00BF2837BD4680BD00BF03
:1042B0000064004000380240000C024080B582B02B
:1042C00000AF00237B60144B1B6B134A43F4800345
:1042D0001363114B1B6B03F480037B607B6800222C
:1042E0000021382002F0BDF8382002F0D6F8002274
:1042F00000213B2002F0B5F83B2002F0CEF800226E
:104300000021452002F0ADF8452002F0C6F800BFBC
:104310000837BD4680BD00BF0038024080B58CB074
:1043200000AF07F11C0300221A605A609A60DA603D
:104330001A610023BB616E4B1B6B6D4A43F0800317
:1043400013636B4B1B6B03F08003BB61BB690023E2
:104350007B61674B1B6B664A43F004031363644B3A
:104360001B6B03F004037B617B6900233B61604BA3
:104370001B6B5F4A43F0010313635D4B1B6B03F040
:1043800001033B613B690023FB60594B1B6B584A9F
:1043900043F002031363564B1B6B03F00203FB60F5
:1043A000FB680023BB60524B1B6B514A43F0100368
:1043B00013634F4B1B6B03F01003BB60BB68002300
:1043C0007B604B4B1B6B4A4A43F008031363484B1B
:1043D0001B6B03F008037B607B68002241F237010E
:1043E000444802F0C7FD00224FF45051424802F009
:1043F000C1FD00224FF47C41404802F0BBFD002289
:104400004FF480713E4802F0B5FDCF23FB610023DD
:104410003B6200237B6207F11C031946394802F016
:10442000F5FB41F23703FB6101233B6200237B6212
:104430000023BB6207F11C0319462E4802F0E6FB7D
:104440004FF45053FB6101233B6200237B62002346
:10445000BB6207F11C031946274802F0D7FB4FF453
:104460000063FB6100233B6200237B6207F11C03B6
:104470001946214802F0CAFB4FF47C43FB6101233B
:104480003B6200237B620023BB6207F11C031946D9
:104490001A4802F0BBFB4FF48073FB6101233B62BF
:1044A00000237B620023BB6207F11C0319461448FA
:1044B00002F0ACFB4FF48063FB6100233B620023FE
:1044C0007B6207F11C0319460D4802F09FFB302365
:1044D000FB6100233B6200237B6207F11C0319464A
:1044E000064802F093FB00BF3037BD4680BD00BFD9
:1044F000003802400004024000100240000C02405C
:10450000000002400008024080B500AF124B134A81
:104510001A60114B124A5A600F4B00229A600E4BE0
:104520000022DA600C4B4FF480421A610A4B0022E1
:104530005A61094B00229A61074B0022DA61064B4F
:1045400000221A62044802F095FD0346002B01D0B8
:1045500000F0F2F800BF80BD2C490020005400405C
:10456000801A060080B58AB000AF786007F11403A6
:1045700000221A605A609A60DA601A617B681B68D0
:10458000194A93422BD100233B61184B1B6B174AEE
:1045900043F002031363154B1B6B03F002033B61F3
:1045A0003B69C0237B611223BB610023FB610323B2
:1045B0003B6204237B6207F1140319460C4802F0A6
:1045C00025FB0023FB60094B1B6C084A43F40013D6
:1045D0001364064B1B6C03F40013FB60FB6800BF05
:1045E0002837BD4680BD00BF00540040003802405F
:1045F0000004024080B500AF00F012FF00F032F876
:10460000FFF78CFEFFF75AFEFDF732FCFDF79EFC2C
:10461000FFF7D8FDFFF778FF00F094F800F0A2F95B
:1046200000F076FB00F014FC00F082FD00F0AAFD23
:1046300008F016FE00F082FC00F04CFE0322064952
:10464000064801F057F90421054806F0FFFCFFF782
:1046500051FCFFF75FFDFCE7804900208402002049
:10466000704B002080B594B000AF07F120033022DA
:10467000002118460EF0B8FB07F10C0300221A6067
:104680005A609A60DA601A610023BB60284B1B6C89
:10469000274A43F080531364254B1B6C03F080536F
:1046A000BB60BB6800237B60224B1B68214A43F43C
:1046B000804313601F4B1B6803F480437B607B685F
:1046C00001233B624FF480337B620223BB634FF4D0
:1046D0008003FB6306233B64A8237B640223BB6443
:1046E0000723FB6407F12003184604F005F903468D
:1046F000002B01D000F020F80F23FB6002233B6168
:1047000000237B614FF4A053BB614FF48053FB61E6
:1047100007F10C030521184604F066FB0346002B45
:1047200001D000F009F800BF5037BD4680BD00BF82
:10473000003802400070004080B400AF72B600BF85
:1047400000BFFDE780B400AF0C4B0D4A1A600B4B65
:1047500000225A60094B00229A60084B0022DA605E
:10476000064B00221A61054B00225A61034B0022BE
:104770009A6100BFBD465DF8047B70478849002000
:10478000002C014080B58AB000AF786007F11403B7
:1047900000221A605A609A60DA601A617B681B68AE
:1047A000684A934240F0C98000233B61664B5B6CD2
:1047B000654A43F400635364634B5B6C03F400632A
:1047C0003B613B690023FB605F4B1B6B5E4A43F020
:1047D000040313635C4B1B6B03F00403FB60FB6877
:1047E0000023BB60584B1B6B574A43F0080313630D
:1047F000554B1B6B03F00803BB60BB684FF4F853C9
:104800007B610223BB610023FB6103233B620C231A
:104810007B6207F1140319464C4802F0F7F90423B0
:104820007B610223BB610023FB6103233B620C23FA
:104830007B6207F114031946454802F0E7F9454B3E
:10484000454A1A60434B4FF000625A60414B402288
:104850009A60404B0022DA603E4B4FF480621A614E
:104860003C4B4FF480525A613A4B4FF480429A616C
:10487000384B2022DA61374B00221A62354B042272
:104880005A62344B03229A62324B4FF40002DA62CE
:10489000304B4FF400121A632E4801F019FE034604
:1048A000002B01D0FFF748FF7B682A4ADA63294AC8
:1048B0007B689363294B2A4A1A60284B4FF00062A9
:1048C0005A60264B00229A60244B0022DA60234B68
:1048D0004FF480621A61214B4FF480525A611F4B92
:1048E0004FF480429A611D4B2022DA611B4B00225B
:1048F0001A621A4B04225A62184B03229A62174B0F
:104900004FF40002DA62154B4FF400121A63134899
:1049100001F0DEFD0346002B01D0FFF70DFF7B68A1
:104920000E4A1A640D4A7B689363002200213120ED
:1049300001F097FD312001F0B0FD00BF2837BD46E2
:1049400080BD00BF002C014000380240000802403A
:10495000000C02400C4A0020586402406C4A0020BF
:10496000A064024080B500AF174B184A1A60164B7E
:104970004FF482725A60144B00229A60124B00224C
:10498000DA60114B00221A610F4B00225A610E4B64
:104990004FF400729A610C4B0022DA610A4B00223C
:1049A0001A62094B00225A62074B00229A62064B98
:1049B0000A22DA62044805F029FF0346002B01D0E1
:1049C000FFF7BAFE00BF80BDCC4A00200030014096
:1049D00080B58AB000AF786007F1140300221A6036
:1049E0005A609A60DA601A617B681B68194A9342C0
:1049F0002BD100233B61184B5B6C174A43F4805367
:104A00005364154B5B6C03F480533B613B6900239B
:104A1000FB60114B1B6B104A43F0010313630E4BF9
:104A20001B6B03F00103FB60FB68E0237B61022347
:104A3000BB610023FB6103233B6205237B6207F11B
:104A400014031946054802F0E1F800BF2837BD46B7
:104A500080BD00BF0030014000380240000002402D
:104A600080B483B000AF00237B60104B5B6C0F4AB7
:104A700043F4804353640D4B5B6C03F480437B60D1
:104A80007B6800233B60094B1B6C084A43F0805352
:104A90001364064B1B6C03F080533B603B6800BF04
:104AA0000C37BD465DF8047B704700BF00380240FC
:104AB00080B400AF00BFFDE780B400AF00BFFDE7EA
:104AC00080B400AF00BFFDE780B400AF00BFFDE7DA
:104AD00080B400AF00BFFDE780B400AF00BFBD46AB
:104AE0005DF8047B704780B400AF00BFBD465DF841
:104AF000047B704780B400AF00BFBD465DF8047B07
:104B0000704780B500AF00F0DDFC00BF80BD000045
:104B100080B500AF024804F0B7FD00BF80BD00BF04
:104B20008849002080B500AF024801F0F9FD00BFC0
:104B300080BD00BF1403002080B500AF024801F023
:104B4000EFFD00BF80BD00BF0C4A002080B500AF64
:104B5000024801F0E5FD00BF80BD00BF6C4A0020A7
:104B600080B400AF01231846BD465DF8047B704752
:104B700080B582B000AF786039600EF063F903460B
:104B800016221A604FF0FF3318460837BD4680BD25
:104B900080B582B000AF78604FF0FF317868FFF7E2
:104BA000E7FF00BFFDE780B586B000AFF860B960F1
:104BB0007A6000237B610AE0AFF300800146BB68A6
:104BC0005A1CBA60CAB21A707B6901337B617A6978
:104BD0007B689A42F0DB7B6818461837BD4680BD7B
:104BE00080B586B000AFF860B9607A6000237B6161
:104BF00009E0BB685A1CBA601B781846AFF3008006
:104C00007B6901337B617A697B689A42F1DB7B685F
:104C100018461837BD4680BD80B483B000AF7860B9
:104C20004FF0FF3318460C37BD465DF8047B7047E4
:104C300080B483B000AF786039603B684FF40052B5
:104C40005A60002318460C37BD465DF8047B704758
:104C500080B483B000AF7860012318460C37BD469E
:104C60005DF8047B704780B485B000AFF860B96030
:104C70007A60002318461437BD465DF8047B704700
:104C800080B586B000AF7860144A154BD31A7B61AB
:104C90007B693B61134B1B68002B02D1114B124AFD
:104CA0001A60104B1A687B6813443A699A4207D21B
:104CB0000EF0C8F803460C221A604FF0FF3309E0EB
:104CC000084B1B68FB60074B1A687B681344054A56
:104CD0001360FB6818461837BD4680BD00000220EF
:104CE00000040000244B00203856002080B400AFA0
:104CF000064BD3F88830054A43F47003C2F8883075
:104D000000BFBD465DF8047B704700BF00ED00E0CA
:104D100080B596B000AF07F1480300221A605A60D0
:104D20009A60DA6007F1400300221A605A6007F1C6
:104D3000240300221A605A609A60DA601A615A618C
:104D40009A613B1D2022002118460EF04DF83E4B83
:104D50003E4A1A603C4B42F2CF025A603A4B002264
:104D60009A60394B0922DA60374B00221A61364BC0
:104D700000225A61344B00229A61334806F054F8FD
:104D80000346002B01D0FFF7D7FC4FF48053BB64E0
:104D900007F1480319462C4806F052FB0346002B46
:104DA00001D0FFF7C9FC284806F0F6F80346002BAF
:104DB00001D0FFF7C1FC00233B6400237B6407F1B3
:104DC00040031946204806F019FF0346002B01D086
:104DD000FFF7B2FC60237B620523BB620023FB620A
:104DE00000233B6300237B630023BB630023FB633F
:104DF00007F1240300221946134806F05FFA034620
:104E0000002B01D0FFF798FC00237B600023BB60E0
:104E10000023FB6000233B6100237B614FF40053C0
:104E2000BB6100233B623B1D1946074806F062FF49
:104E30000346002B01D0FFF77FFC034800F018F970
:104E400000BF5837BD4680BD284B00200000014000
:104E500080B58EB000AF07F1280300221A605A60B7
:104E60009A60DA6007F1200300221A605A603B1D45
:104E700000221A605A609A60DA601A615A619A6177
:104E80002D4B4FF080421A602B4BA7225A602A4BC1
:104E900000229A60284B44F61F62DA60264B0022FB
:104EA0001A61254B00229A61234805F0BDFF034695
:104EB000002B01D0FFF740FC4FF48053BB6207F199
:104EC000280319461C4806F0BBFA0346002B01D004
:104ED000FFF732FC184806F05FF80346002B01D0BC
:104EE000FFF72AFC00233B6200237B6207F12003CB
:104EF0001946114806F082FE0346002B01D0FFF749
:104F00001BFC60237B6040F2DC53BB600023FB6032
:104F100000237B613B1D04221946074806F0CEF9A9
:104F20000346002B01D0FFF707FC034800F0A0F870
:104F300000BF3837BD4680BD704B002080B586B0BD
:104F400000AF07F1080300221A605A609A60DA6025
:104F50003B4600221A605A601D4B1E4A1A601C4BC9
:104F600053225A601A4B00229A60194B4FF6FF7277
:104F7000DA60174B00221A61154B00229A6114481F
:104F800005F052FF0346002B01D0FFF7D5FB4FF48D
:104F90008053BB6007F1080319460D4806F050FA2C
:104FA0000346002B01D0FFF7C7FB00233B60002323
:104FB0007B603B461946064806F020FE0346002B60
:104FC00001D0FFF7B9FB00BF1837BD4680BD00BF59
:104FD000B84B00200008004080B487B000AF786074
:104FE0007B681B681F4A93420ED100237B611E4BD6
:104FF0005B6C1D4A43F0010353641B4B5B6C03F075
:1050000001037B617B6926E07B681B68B3F1804FFD
:105010000ED100233B61144B1B6C134A43F0010378
:105020001364114B1B6C03F001033B613B6912E0FD
:105030007B681B680D4A93420DD10023FB600A4B2D
:105040001B6C094A43F004031364074B1B6C03F009
:105050000403FB60FB6800BF1C37BD465DF8047BA2
:10506000704700BF000001400038024000080040C7
:1050700080B58AB000AF786007F1140300221A608F
:105080005A609A60DA601A617B681B68244A93420E
:105090001FD100233B61234B1B6B224A43F01003BB
:1050A0001363204B1B6B03F010033B613B694FF410
:1050B00000737B610223BB610023FB6100233B6221
:1050C00001237B6207F114031946174801F09EFD86
:1050D00022E07B681B68B3F1804F1DD10023FB6089
:1050E000104B1B6B0F4A43F0020313630D4B1B6BFA
:1050F00003F00203FB60FB6808237B610223BB61B2
:105100000023FB6100233B6201237B6207F1140350
:105110001946064801F07AFD00BF2837BD4680BD1C
:10512000000001400038024000100240000402402C
:1051300080B500AF114B124A1A60104B4FF4E132A8
:105140005A600E4B00229A600C4B0022DA600B4B27
:1051500000221A61094B0C225A61084B00229A6105
:10516000064B0022DA61054806F016FE0346002BC6
:1051700001D0FFF7E1FA00BF80BD00BF004C002066
:10518000004C004080B500AF114B124A1A60104B22
:105190004FF4E1325A600E4B00229A600C4B002211
:1051A000DA600B4B00221A61094B0C225A61084B42
:1051B00000229A61064B0022DA61054806F0ECFDF8
:1051C0000346002B01D0FFF7B7FA00BF80BD00BF38
:1051D000484C00200048004080B58CB000AF78609B
:1051E00007F11C0300221A605A609A60DA601A61A3
:1051F0007B681B68324A93422CD10023BB61314B40
:105200001B6C304A43F4002313642E4B1B6C03F4D5
:105210000023BB61BB6900237B612A4B1B6B294ABE
:1052200043F001031363274B1B6B03F001037B6106
:105230007B690323FB6102233B6200237B62032320
:10524000BB620823FB6207F11C0319461E4801F0EC
:10525000DDFC31E07B681B681C4A93422CD10023A3
:105260003B61184B1B6C174A43F480231364154BA6
:105270001B6C03F480233B613B690023FB60114BF3
:105280001B6B104A43F0020313630E4B1B6B03F0BE
:105290000203FB60FB684FF44063FB6102233B6247
:1052A00000237B620323BB620723FB6207F11C031D
:1052B0001946074801F0AAFC00BF3037BD4680BD43
:1052C000004C00400038024000000240004800400E
:1052D0000004024080B500AF0E4B4FF0A0421A60B0
:1052E0000C4B08225A710B4B0122DA71094B002238
:1052F0009A71084B02225A72064B00229A72054894
:1053000001F051FE0346002B01D0FFF715FA00BF54
:1053100080BD00BF904C002080B58AB000AF78609F
:1053200007F1140300221A605A609A60DA601A6169
:105330007B681B68B3F1A04F3FD100233B61214B39
:105340001B6B204A43F0010313631E4B1B6B03F0DE
:1053500001033B613B694FF400737B610023BB6138
:105360000023FB6107F114031946174801F04EFCB6
:105370004FF4C0537B610223BB610023FB61032315
:105380003B620A237B6207F1140319460E4801F0C1
:105390003DFC0C4B5B6B0B4A43F0800353630023D3
:1053A000FB60084B5B6C074A43F480435364054B36
:1053B0005B6C03F48043FB60FB6800BF2837BD468D
:1053C00080BD00BF0038024000000240DFF834D04A
:1053D000FFF78CFC0C480D490D4A002302E0D4581D
:1053E000C4500433C4188C42F9D30A4A0A4C00232F
:1053F00001E013600432A242FBD30DF029FDFFF758
:10540000F9F870470000022000000020540200203C
:10541000086601085402002038560020FEE700000C
:1054200080B500AF0E4B1B680D4A43F40073136048
:105430000B4B1B680A4A43F480631360084B1B68DC
:10544000074A43F480731360032000F0FFFF0F202E
:1054500000F008F8FFF704FB0023184680BD00BFEA
:10546000003C024080B582B000AF7860124B1A68F1
:10547000124B1B7819464FF47A73B3FBF1F3B2FB6E
:10548000F3F3184601F017F80346002B01D001236F
:105490000EE07B680F2B0AD8002279684FF0FF30AE
:1054A00000F0DFFF064A7B681360002300E0012361
:1054B00018460837BD4680BD8000002088000020C7
:1054C0008400002080B400AF064B1B781A46064BC0
:1054D0001B681344044A136000BFBD465DF8047B9B
:1054E000704700BF880000207050002080B400AFDB
:1054F000034B1B681846BD465DF8047B704700BF30
:105500007050002080B584B000AF7860FFF7EEFFE8
:10551000B8607B68FB60FB68B3F1FF3F05D00A4BC6
:105520001B781A46FB681344FB6000BFFFF7DEFFE1
:105530000246BB68D31AFA689A42F7D800BF00BF88
:105540001037BD4680BD00BF8800002080B584B004
:1055500000AF78600023FB737B68002B01D101232F
:1055600033E07B681B6C002B09D17868FCF740FDA9
:105570007B6800225A647B68002283F83C207B68A9
:105580001B6C03F01003002B18D17B681B6C23F4F9
:10559000885323F0020343F002027B681A647868A0
:1055A00000F00AFC7B6800225A647B681B6C23F0C5
:1055B000030343F001027B681A6401E00123FB73DB
:1055C0007B68002283F83C20FB7B18461037BD46E1
:1055D00080BD000080B485B000AF78600023BB6060
:1055E0007B6893F83C30012B01D10223B2E07B6849
:1055F000012283F83C207B681B689B6803F0010351
:10560000012B18D07B681B689A687B681B6842F086
:1056100001029A60524B1B68524AA2FB03239A0C68
:1056200013465B001344BB6002E0BB68013BBB60F8
:10563000BB68002BF9D17B681B689B6803F00103F2
:10564000012B7AD17B681B6C23F4E06323F0010308
:1056500043F480727B681A647B681B685B6803F4A0
:105660008063002B07D07B681B6C23F4405343F40A
:1056700080527B681A647B681B6C03F48053B3F51B
:10568000805F06D17B685B6C23F006027B685A64FE
:1056900002E07B6800225A647B68002283F83C2089
:1056A000314BFB607B681B686FF022021A60FB685D
:1056B0005B6803F01F03002B2AD17B681B682B4A11
:1056C000934215D07B681B68294A934205D1264B2B
:1056D0005B6803F01F03002B0AD07B681B68254A18
:1056E000934236D1204B5B6803F01003002B30D17E
:1056F0007B681B689B6803F04053002B29D17B68B3
:105700001B689A687B681B6842F080429A6020E0C0
:105710007B681B68154A93421BD17B681B689B689A
:1057200003F04053002B14D17B681B689A687B6898
:105730001B6842F080429A600BE07B681B6C43F070
:1057400010027B681A647B685B6C43F001027B6823
:105750005A64002318461437BD465DF8047B704731
:105760008000002083DE1B43002301400020014015
:10577000002101400022014080B483B000AF786076
:105780007B6893F83C30012B01D1022321E07B6838
:10579000012283F83C207B681B689A687B681B6841
:1057A00022F001029A607B681B689B6803F001038A
:1057B000002B09D17B681B6C23F4885323F0010371
:1057C00043F001027B681A647B68002283F83C2066
:1057D000002318460C37BD465DF8047B704780B542
:1057E00084B000AF786039600023FB607B681B6881
:1057F0009B6803F48063B3F5806F13D17B681B68EB
:105800009B6803F48073B3F5807F0BD17B681B6CBE
:1058100043F020027B681A647B68002283F83C20F6
:10582000012363E0FFF762FEF86021E03B68B3F11B
:10583000FF3F1DD03B68002B07D0FFF757FE024605
:10584000FB68D31A3A689A4212D27B681B681B68BD
:1058500003F00203022B0BD07B681B6C43F00402A5
:105860007B681A647B68002283F83C2003233DE0B8
:105870007B681B681B6803F00203022BD6D17B6890
:105880001B686FF012021A607B681B6C43F4007295
:105890007B681A647B681B689B6803F04053002B8D
:1058A00023D17B681B7E002B1FD17B681B68DB6AC2
:1058B00003F47003002B06D07B681B689B6803F41D
:1058C0008063002B11D17B681B6C23F480727B6892
:1058D0001A647B681B6C03F48053002B05D17B6832
:1058E0001B6C43F001027B681A64002318461037D2
:1058F000BD4680BD80B588B000AFF860B9607A6001
:1059000000237B610023FB77FB6893F83C30012B7D
:1059100001D10223EBE0FB68012283F83C20FB6805
:105920001B689B6803F00103012B18D0FB681B6800
:105930009A68FB681B6842F001029A606E4B1B6814
:105940006E4AA2FB03239A0C13465B0013447B614F
:1059500002E07B69013B7B617B69002BF9D1FB682D
:105960001B689B6803F48073B3F5807F07D1FB68E5
:105970001B689A68FB681B6822F480729A60FB6857
:105980001B689B6803F00103012B40F0A380FB68B8
:105990001B6C23F4E06323F0010343F48072FB6883
:1059A0001A64FB681B685B6803F48063002B07D0F4
:1059B000FB681B6C23F4405343F48052FB681A6469
:1059C000FB681B6C03F48053B3F5805F06D1FB6862
:1059D0005B6C23F00602FB685A6402E0FB6800225D
:1059E0005A64FB68002283F83C20454BBB61FB688E
:1059F0009B6B444ADA63FB689B6B434A1A64FB68FF
:105A00009B6B424ADA64FB681B686FF022021A60E3
:105A1000FB681B685A68FB681B6842F080625A602A
:105A2000FB681B689A68FB681B6842F480729A6086
:105A3000FB68986BFB681B684C331946BA687B6837
:105A400000F0F4FD0346FB77BB695B6803F01F03BE
:105A5000002B2AD1FB681B682D4A934215D0FB68A6
:105A60001B682C4A934205D1254B5B6803F01F034A
:105A7000002B0AD0FB681B68274A934236D1204B83
:105A80005B6803F01003002B30D1FB681B689B6838
:105A900003F04053002B29D1FB681B689A68FB6810
:105AA0001B6842F080429A6020E0FB681B68184A3D
:105AB00093421BD1FB681B689B6803F04053002B8B
:105AC00014D1FB681B689A68FB681B6842F080422F
:105AD0009A600BE0FB681B6C43F01002FB681A64D1
:105AE000FB685B6C43F00102FB685A64FB7F18465D
:105AF0002037BD4680BD00BF8000002083DE1B43F1
:105B000000230140B15F00086B6000088760000857
:105B100000200140002101400022014080B483B0F8
:105B200000AF78607B681B68DB6C18460C37BD469D
:105B30005DF8047B704780B483B000AF786000BF2D
:105B40000C37BD465DF8047B704780B483B000AF6E
:105B5000786000BF0C37BD465DF8047B704780B4A9
:105B600083B000AF786000BF0C37BD465DF8047BA2
:105B70007047000080B485B000AF786039600023C2
:105B8000BB607B6893F83C30012B01D1022305E117
:105B90007B68012283F83C203B681B68092B25D9D0
:105BA0007B681B68D9683B681B689BB21A46134622
:105BB0005B0013441E3B072202FA03F3DA437B68BF
:105BC0001B680A40DA607B681B68D9683B689A6882
:105BD0003B681B689BB2184603465B0003441E3BB0
:105BE0009A407B681B680A43DA6022E07B681B6886
:105BF00019693B681B689BB21A4613465B00134445
:105C0000072202FA03F3DA437B681B680A401A6131
:105C10007B681B6819693B689A683B681B689BB284
:105C2000184603465B0003449A407B681B680A439E
:105C30001A613B685B68062B24D87B681B68596B2C
:105C40003B685A6813469B001344053B1F2202FA27
:105C500003F3DA437B681B680A405A637B681B685E
:105C6000596B3B681B689BB218463B685A681346E1
:105C70009B001344053B00FA03F27B681B680A4350
:105C80005A634CE03B685B680C2B24D87B681B682C
:105C9000196B3B685A6813469B001344233B1F2231
:105CA00002FA03F3DA437B681B680A401A637B68D5
:105CB0001B68196B3B681B689BB218463B685A68A7
:105CC00013469B001344233B00FA03F27B681B68D6
:105CD0000A431A6323E07B681B68D96A3B685A68E9
:105CE00013469B001344413B1F2202FA03F3DA439D
:105CF0007B681B680A40DA627B681B68D96A3B686C
:105D00001B689BB218463B685A6813469B001344B5
:105D1000413B00FA03F27B681B680A43DA62224BBC
:105D2000FB607B681B68214A934209D13B681B6872
:105D3000122B05D1FB685B6843F48002FB685A6054
:105D40007B681B68194A934223D13B681B68102B60
:105D500003D03B681B68112B1BD1FB685B6843F4C5
:105D60000002FB685A603B681B68102B11D1104B76
:105D70001B68104AA2FB03239A0C13469B00134492
:105D80005B00BB6002E0BB68013BBB60BB68002BF3
:105D9000F9D17B68002283F83C2000231846143791
:105DA000BD465DF8047B70470023014000200140A0
:105DB0008000002083DE1B4380B485B000AF786094
:105DC000794BFB60FB685B6823F44032FB685A60E8
:105DD000FB685A687B685B681A43FB685A607B689B
:105DE0001B685A687B681B6822F480725A607B6863
:105DF0001B6859687B681B691A027B681B680A4329
:105E00005A607B681B685A687B681B6822F0407286
:105E10005A607B681B6859687B689A687B681B6856
:105E20000A435A607B681B689A687B681B6822F487
:105E300000629A607B681B6899687B68DA687B6897
:105E40001B680A439A607B689B6A584A934222D037
:105E50007B681B689A687B681B6822F070629A6096
:105E60007B681B6899687B689A6A7B681B680A4331
:105E70009A607B681B689A687B681B6822F04052B6
:105E80009A607B681B6899687B68DA6A7B681B6824
:105E90000A439A600FE07B681B689A687B681B68FE
:105EA00022F070629A607B681B689A687B681B6846
:105EB00022F040529A607B681B689A687B681B6876
:105EC00022F002029A607B681B6899687B681B7EDF
:105ED0005A007B681B680A439A607B6893F82030FD
:105EE000002B1BD07B681B685A687B681B6842F4D8
:105EF00000625A607B681B685A687B681B6822F4E2
:105F000060425A607B681B6859687B685B6A013B2A
:105F10005A037B681B680A435A6007E07B681B686A
:105F20005A687B681B6822F400625A607B681B68B1
:105F3000DA6A7B681B6822F47002DA627B681B688D
:105F4000D96A7B68DB69013B1A057B681B680A43D9
:105F5000DA627B681B689A687B681B6822F40072AF
:105F60009A607B681B6899687B6893F830305A02A6
:105F70007B681B680A439A607B681B689A687B6829
:105F80001B6822F480629A607B681B6899687B6852
:105F90005B699A027B681B680A439A6000BF1437EA
:105FA000BD465DF8047B7047002301400100000FEF
:105FB00080B584B000AF78607B689B6BFB60FB684A
:105FC0001B6C03F05003002B3CD1FB681B6C43F4AB
:105FD0000072FB681A64FB681B689B6803F04053FF
:105FE000002B2BD1FB681B7E002B27D1FB681B6885
:105FF000DB6A03F47003002B06D0FB681B689B6808
:1060000003F48063002B19D1FB681B685A68FB6896
:106010001B6822F020025A60FB681B6C23F480721C
:10602000FB681A64FB681B6C03F48053002B05D1DA
:10603000FB681B6C43F00102FB681A64F868FFF709
:106040007AFD0EE0FB681B6C03F01003002B03D0FD
:10605000F868FFF784FD04E0FB689B6BDB6C7868F5
:10606000984700BF1037BD4680BD80B584B000AFF3
:1060700078607B689B6BFB60F868FFF766FD00BF8C
:106080001037BD4680BD80B584B000AF78607B68B6
:106090009B6BFB60FB6840221A64FB685B6C43F0FF
:1060A0000402FB685A64F868FFF759FD00BF103717
:1060B000BD4680BD80B584B000AF78607B68002BA2
:1060C00001D10123EDE07B6893F82030DBB2002B97
:1060D00002D17868FEF7AAF87B681B681A687B68AB
:1060E0001B6842F001021A60FFF700FAF86012E044
:1060F000FFF7FCF90246FB68D31A0A2B0BD97B6821
:106100005B6A43F400327B685A627B68052283F83D
:1061100020200123C5E07B681B685B6803F0010356
:10612000002BE5D07B681B681A687B681B6822F02F
:1061300002021A60FFF7DAF9F86012E0FFF7D6F909
:106140000246FB68D31A0A2B0BD97B685B6A43F4BF
:1061500000327B685A627B68052283F82020012385
:106160009FE07B681B685B6803F00203002BE5D1AE
:106170007B681B7E012B08D17B681B681A687B68D3
:106180001B6842F080021A6007E07B681B681A688F
:106190007B681B6822F080021A607B685B7E012BA3
:1061A00008D17B681B681A687B681B6842F0400254
:1061B0001A6007E07B681B681A687B681B6822F01E
:1061C00040021A607B689B7E012B08D17B681B68AC
:1061D0001A687B681B6842F020021A6007E07B683F
:1061E0001B681A687B681B6822F020021A607B68B3
:1061F000DB7E012B08D17B681B681A687B681B68F3
:1062000022F010021A6007E07B681B681A687B683E
:106210001B6842F010021A607B681B7F012B08D1BB
:106220007B681B681A687B681B6842F008021A606A
:1062300007E07B681B681A687B681B6822F008020D
:106240001A607B685B7F012B08D17B681B681A682A
:106250007B681B6842F004021A6007E07B681B68D9
:106260001A687B681B6822F004021A607B689A68CF
:106270007B68DB681A437B681B691A437B685B6930
:1062800042EA03017B685B685A1E7B681B680A430D
:10629000DA617B6800225A627B68012283F8202041
:1062A000002318461037BD4680BD000080B485B07D
:1062B00000AF78607B6803F00703FB600C4BDB6882
:1062C000BB60BA684FF6FF031340BB60FB681A025D
:1062D000BB68134343F0BF6343F40033BB60044A1D
:1062E000BB68D36000BF1437BD465DF8047B7047C0
:1062F00000ED00E080B400AF044BDB681B0A03F044
:1063000007031846BD465DF8047B704700ED00E0CA
:1063100080B483B000AF0346FB7197F90730002BC0
:106320000BDBFB7903F01F02074997F907305B0984
:10633000012000FA02F241F8232000BF0C37BD46CD
:106340005DF8047B704700BF00E100E080B483B0DB
:1063500000AF03463960FB7197F90730002B0ADB69
:106360003B68DAB20C4997F907301201D2B20B44FC
:1063700083F800230AE03B68DAB20849FB7903F0AE
:106380000F03043B1201D2B20B441A7600BF0C3744
:10639000BD465DF8047B704700E100E000ED00E0E1
:1063A00080B489B000AFF860B9607A60FB6803F030
:1063B0000703FB61FB69C3F10703042B28BF042318
:1063C000BB61FB690433062B02D9FB69033B00E088
:1063D00000237B614FF0FF32BB6902FA03F3DA431B
:1063E000BB681A407B699A404FF0FF317B6901FA24
:1063F00003F3D9437B680B40134318462437BD464B
:106400005DF8047B7047000080B582B000AF786013
:106410007B68013BB3F1807F01D301230FE00A4A7F
:106420007B68013B53600F214FF0FF30FFF78EFF79
:10643000054B00229A60044B07221A60002318467D
:106440000837BD4680BD00BF10E000E080B582B0D7
:1064500000AF78607868FFF729FF00BF0837BD46B6
:1064600080BD80B586B000AF0346B9607A60FB732B
:1064700000237B61FFF73EFF78617A68B96878692D
:10648000FFF78EFF024697F90F3011461846FFF7C7
:106490005DFF00BF1837BD4680BD80B582B000AF3C
:1064A0000346FB7197F907301846FFF731FF00BF2D
:1064B0000837BD4680BD80B582B000AF786078688F
:1064C000FFF7A2FF034618460837BD4680BD00000F
:1064D00080B586B000AF786000237B61FFF706F8D7
:1064E00038617B68002B01D1012399E07B6802228F
:1064F00083F835207B68002283F834207B681B6892
:106500001A687B681B6822F001021A600FE0FEF730
:10651000EDFF02463B69D31A052B08D97B68202280
:106520005A657B68032283F83520032378E07B6873
:106530001B681B6803F00103002BE8D17B681B6814
:106540001B687B617A69384B13407B617B685A68B2
:106550007B689B681A437B68DB681A437B681B690E
:106560001A437B685B691A437B689B691A437B68A3
:10657000DB691A437B681B6A13437A6913437B61A7
:106580007B685B6A042B07D17B68DA6A7B681B6BCC
:1065900013437A6913437B617B681B687A691A60CD
:1065A0007B681B685B697B617B6923F007037B6108
:1065B0007B685B6A7A6913437B617B685B6A042B47
:1065C00017D17B689B6A7A6913437B617B68DB6ABE
:1065D000002B0ED0786800F09DFA0346002B08D0FF
:1065E0007B6840225A657B68012283F835200123AD
:1065F00016E07B681B687A695A61786800F054FA83
:106600000346FB607B68DB6D3F229A40FB689A6023
:106610007B6800225A657B68012283F835200023BD
:1066200018461837BD4680BD3F8010F080B586B053
:1066300000AFF860B9607A603B600023FB75FB68CF
:106640009B6D3B61FB6893F83430012B01D1022331
:1066500040E0FB68012283F83420FB6893F8353072
:10666000DBB2012B2FD1FB68022283F83520FB68B7
:1066700000225A653B687A68B968F86800F0E6F964
:10668000FB68DB6D3F229A403B699A60FB681B68A0
:106690001A68FB681B6842F016021A60FB681B6CE4
:1066A000002B07D0FB681B681A68FB681B6842F068
:1066B00008021A60FB681B681A68FB681B6842F0D6
:1066C00001021A6005E0FB68002283F834200223EF
:1066D000FB75FB7D18461837BD4680BD80B483B07E
:1066E00000AF78607B6893F83530DBB2022B04D0C2
:1066F0007B6880225A6501230CE07B68052283F8C1
:1067000035207B681B681A687B681B6822F00102D1
:106710001A60002318460C37BD465DF8047B7047AD
:1067200080B586B000AF78600023BB608E4B1B68DD
:106730008E4AA2FB03239B0A7B617B689B6D3B61B6
:106740003B691B68FB607B68DB6D08229A40FB6835
:106750001340002B1AD07B681B681B6803F00403EE
:10676000002B13D07B681B681A687B681B6822F0BB
:1067700004021A607B68DB6D08229A403B699A60CC
:106780007B685B6D43F001027B685A657B68DB6D5B
:1067900001229A40FB681340002B12D07B681B68D3
:1067A0005B6903F08003002B0BD07B68DB6D01225B
:1067B0009A403B699A607B685B6D43F002027B689C
:1067C0005A657B68DB6D04229A40FB681340002BFE
:1067D00012D07B681B681B6803F00203002B0BD0F0
:1067E0007B68DB6D04229A403B699A607B685B6D35
:1067F00043F004027B685A657B68DB6D10229A4087
:10680000FB681340002B43D07B681B681B6803F0B8
:106810000803002B3CD07B68DB6D10229A403B695B
:106820009A607B681B681B6803F48023002B18D0D8
:106830007B681B681B6803F40023002B08D17B686E
:106840001B6C002B24D07B681B6C786898471FE07A
:106850007B689B6C002B1BD07B689B6C786898478F
:1068600016E07B681B681B6803F48073002B07D15C
:106870007B681B681A687B681B6822F008021A6034
:106880007B681B6C002B03D07B681B6C7868984777
:106890007B68DB6D20229A40FB681340002B00F0E0
:1068A0008F807B681B681B6803F01003002B00F0CF
:1068B00087807B68DB6D20229A403B699A607B6809
:1068C00093F83530DBB2052B36D17B681B681A682C
:1068D0007B681B6822F016021A607B681B685A6985
:1068E0007B681B6822F080025A617B681B6C002B5E
:1068F00003D17B689B6C002B07D07B681B681A68F0
:106900007B681B6822F008021A607B68DB6D3F22FF
:106910009A403B699A607B68012283F835207B6846
:10692000002283F834207B681B6D002B7ED07B68AF
:106930001B6D7868984779E07B681B681B6803F4D7
:106940008023002B1DD07B681B681B6803F4002389
:10695000002B0DD17B685B6C002B31D07B685B6CAE
:10696000786898472CE000BF80000020B5814E1B5E
:106970007B68DB6B002B23D07B68DB6B78689847E8
:106980001EE07B681B681B6803F48073002B0FD12B
:106990007B681B681A687B681B6822F010021A600B
:1069A0007B68012283F835207B68002283F834203D
:1069B0007B68DB6B002B03D07B68DB6B78689847C8
:1069C0007B685B6D002B32D07B685B6D03F001034D
:1069D000002B22D07B68052283F835207B681B685A
:1069E0001A687B681B6822F001021A60BB680133D9
:1069F000BB607A699A4207D37B681B681B6803F007
:106A00000103002BF2D100E000BF7B68012283F874
:106A100035207B68002283F834207B68DB6C002BF8
:106A200005D07B68DB6C7868984700E000BF1837BA
:106A3000BD4680BD80B483B000AF78607B685B6D7D
:106A400018460C37BD465DF8047B704780B485B0AE
:106A500000AFF860B9607A603B60FB681B681A6839
:106A6000FB681B6822F480221A60FB681B683A6886
:106A70005A60FB689B68402B08D1FB681B687A68EA
:106A80009A60FB681B68BA68DA6007E0FB681B68FD
:106A9000BA689A60FB681B687A68DA6000BF1437CE
:106AA000BD465DF8047B704780B485B000AF786068
:106AB0007B681B68DBB2103B144AA2FB03231B0953
:106AC000FB60134AFB6813441B781A467B68DA653F
:106AD000FB68032B09D97B681B6823F47F7323F0C1
:106AE00003031A1D7B689A6507E07B681B6823F423
:106AF0007F7323F003037A6893657B689B6D184668
:106B00001437BD465DF8047B704700BFABAAAAAA44
:106B1000745D010880B485B000AF78600023FB731A
:106B20007B689B6ABB607B689B69002B1FD1BB683D
:106B3000032B56D801A252F823F000BF4D6B00087A
:106B40005F6B00084D6B0008E36B00087B68DB6A35
:106B500003F08073002B46D00123FB7343E07B6876
:106B6000DB6AB3F1C07F40D10123FB733DE07B685A
:106B70009B69B3F5005F21D1BB68032B37D801A215
:106B800052F823F0956B00089B6B0008956B00088A
:106B9000AD6B00080123FB7330E07B68DB6A03F018
:106BA0008073002B25D00123FB7322E07B68DB6A16
:106BB000B3F1C07F1FD10123FB731CE0BB68022B24
:106BC00003D9BB68032B03D018E00123FB7315E046
:106BD0007B68DB6A03F08073002B0ED00123FB730C
:106BE0000BE000BF0AE000BF08E000BF06E000BF06
:106BF00004E000BF02E000BF00E000BFFB7B1846DE
:106C00001437BD465DF8047B704700BF80B489B07F
:106C100000AF7860396000237B6100233B61002373
:106C2000BB610023FB616BE10122FB6902FA03F304
:106C30007B613B681B687A6913403B613A697B69F9
:106C40009A4240F05A813B685B6803F00303012BD2
:106C500005D03B685B6803F00303022B30D17B68EF
:106C60009B68BB61FB695B00032202FA03F3DB4311
:106C7000BA691340BB613B68DA68FB695B0002FAE2
:106C800003F3BA691343BB617B68BA699A607B6896
:106C90005B68BB610122FB6902FA03F3DB43BA695B
:106CA0001340BB613B685B681B0903F00102FB6991
:106CB00002FA03F3BA691343BB617B68BA695A608D
:106CC0003B685B6803F00303032B17D07B68DB682A
:106CD000BB61FB695B00032202FA03F3DB43BA6981
:106CE0001340BB613B689A68FB695B0002FA03F3DF
:106CF000BA691343BB617B68BA69DA603B685B6859
:106D000003F00303022B23D1FB69DA087B68083206
:106D100053F82230BB61FB6903F007039B000F228D
:106D200002FA03F3DB43BA691340BB613B681A699B
:106D3000FB6903F007039B0002FA03F3BA691343EC
:106D4000BB61FB69DA087B680832B96943F8221035
:106D50007B681B68BB61FB695B00032202FA03F3DB
:106D6000DB43BA691340BB613B685B6803F0030215
:106D7000FB695B0002FA03F3BA691343BB617B68EA
:106D8000BA691A603B685B6803F44033002B00F07B
:106D9000B4800023FB60604B5B6C5F4A43F480432C
:106DA00053645D4B5B6C03F48043FB60FB685B4AA0
:106DB000FB699B08023352F82330BB61FB6903F087
:106DC00003039B000F2202FA03F3DB43BA6913406B
:106DD000BB617B68524A93422BD07B68514A9342F5
:106DE00025D07B68504A93421FD07B684F4A93421C
:106DF00019D07B684E4A934213D07B684D4A934228
:106E00000DD07B684C4A934207D07B684B4A934233
:106E100001D107230EE008230CE006230AE0052336
:106E200008E0042306E0032304E0022302E0012338
:106E300000E00023FA6902F0030292009340BA696D
:106E40001343BB613549FB699B080233BA6941F8BA
:106E500023203B4B9B68BB613B69DB43BA69134012
:106E6000BB613B685B6803F48013002B03D0BA69F5
:106E70003B691343BB61324ABB699360304BDB68AB
:106E8000BB613B69DB43BA691340BB613B685B682C
:106E900003F40013002B03D0BA693B691343BB61B1
:106EA000274ABB69D360264B5B68BB613B69DB4308
:106EB000BA691340BB613B685B6803F40033002B85
:106EC00003D0BA693B691343BB611D4ABB69536078
:106ED0001B4B1B68BB613B69DB43BA691340BB6159
:106EE0003B685B6803F48033002B03D0BA693B69CD
:106EF0001343BB61124ABB691360FB690133FB6139
:106F0000FB690F2B7FF690AE00BF00BF2437BD4654
:106F10005DF8047B704700BF003802400038014034
:106F2000000002400004024000080240000C024041
:106F3000001002400014024000180240001C0240F1
:106F4000003C014080B485B000AF78600B467B8088
:106F50007B681A697B881340002B02D00123FB73E6
:106F600001E00023FB73FB7B18461437BD465DF838
:106F7000047B704780B483B000AF78600B467B80A1
:106F800013467B707B78002B03D07A887B689A61EC
:106F900003E07B881A047B689A6100BF0C37BD460A
:106FA0005DF8047B704780B586B002AF78607B687F
:106FB000002B01D1012359E07B681B68FB607B68D3
:106FC00093F8D533DBB2002B06D17B68002283F81F
:106FD000D4237868FEF7A0F97B68032283F8D523D1
:106FE000FB68B3F1A04F02D17B6800229A717B68E5
:106FF0001B68184605F06CFF7B6818687B681A7C74
:107000008DF8002004330ECB05F0FEFE0346002B66
:1070100005D07B68022283F8D523012326E07B6814
:107020001B680121184605F064FF0346002B05D0BC
:107030007B68022283F8D523012317E07B68186858
:107040007B681A7C8DF8002004330ECB06F044F8E0
:107050000346002B05D07B68022283F8D523012349
:1070600004E07B68012283F8D523002318461037FB
:10707000BD4680BD80B584B000AF78607B68002BD2
:1070800001D101232BE17B6893F83D30DBB2002B6B
:1070900006D17B68002283F83C207868FDF762FA0D
:1070A0007B68242283F83D207B681B681A687B6814
:1070B0001B6822F001021A607B681B681A687B68F3
:1070C0001B6842F400421A607B681B681A687B6880
:1070D0001B6822F400421A6002F03EF8F8607B68F8
:1070E0005B68814A934207D8FB68804A934294BF09
:1070F00001230023DBB206E0FB687D4A934294BF84
:1071000001230023DBB2002B01D00123E7E0FB6861
:10711000784AA2FB03239B0CBB607B681B685B68FF
:1071200023F03F017B681B68BA680A435A607B689A
:107130001B681B6A23F03F017B685B686A4A9342C5
:1071400002D8BB68013309E0BB684FF4967202FBBA
:1071500003F3694AA2FB03239B0901337A6812688F
:107160000B4313627B681B68DB6923F44F4222F0F8
:10717000FF027B685B685C498B4219D8FB68591E2B
:107180007B685B685B00B1FBF3F3591C40F6FC7352
:107190000B40002B0AD0FB68591E7B685B685B00C4
:1071A000B1FBF3F30133C3F30B0351E004234FE0CE
:1071B0007B689B68002B11D1FB68581E7B6859685F
:1071C0000B465B000B44B0FBF3F30133C3F30B033B
:1071D000002B0CBF01230023DBB212E0FB68581E1A
:1071E0007B6859680B469B000B4499000B44B0FB2D
:1071F000F3F30133C3F30B03002B0CBF0123002374
:10720000DBB2002B01D0012322E07B689B68002BBE
:107210000ED1FB68581E7B6859680B465B000B4417
:10722000B0FBF3F30133C3F30B0343F400430FE06C
:10723000FB68581E7B6859680B469B000B449900FD
:107240000B44B0FBF3F30133C3F30B0343F44043AC
:10725000796809681343CB617B681B681B6823F05E
:10726000C0017B68DA697B681B6A1A437B681B680C
:107270000A431A607B681B689B6823F4034323F06E
:10728000FF037A6811697A68D26811437A681268D4
:107290000B4393607B681B68DB6823F0FF017B680E
:1072A0005A697B689B691A437B681B680A43DA60EA
:1072B0007B681B681A687B681B6842F001021A60D1
:1072C0007B6800221A647B68202283F83D207B685B
:1072D00000221A637B68002283F83E2000231846B0
:1072E0001037BD4680BD00BFA08601007F841E0010
:1072F000FF083D0083DE1B43D34D621080B588B08C
:1073000002AFF8607A601A460B467B8113463B81D8
:10731000FEF7ECF87861FB6893F83D30DBB2202B88
:1073200040F0E0807B690093192301227049F868DE
:1073300001F0ACF80346002B01D00223D3E0FB6838
:1073400093F83C30012B01D10223CCE0FB680122F1
:1073500083F83C20FB681B681B6803F00103012BCA
:1073600007D0FB681B681A68FB681B6842F00102C3
:107370001A60FB681B681A68FB681B6822F40062CD
:107380001A60FB68212283F83D20FB68102283F8F5
:107390003E20FB6800221A64FB687A685A62FB6828
:1073A0003A895A85FB685B8D9AB2FB681A85FB683F
:1073B000504ADA6279897B693A6AF86800F02EFEF1
:1073C0000346002B01D001238DE000233B61FB68C5
:1073D0001B685B693B61FB681B689B693B613B69A0
:1073E00066E07A69396AF86801F06AF90346002BA9
:1073F0000DD0FB681B6C042B07D1FB681B681A6857
:10740000FB681B6842F400721A6001236BE0FB68A2
:107410005B6A1A78FB681B681A61FB685B6A5A1C16
:10742000FB685A62FB685B8D9BB2013B9AB2FB68BA
:107430005A85FB681B8D013B9AB2FB681A85FB6875
:107440001B685B6903F00403042B1BD1FB681B8DD5
:10745000002B17D0FB685B6A1A78FB681B681A61FF
:10746000FB685B6A5A1CFB685A62FB685B8D9BB2C7
:10747000013B9AB2FB685A85FB681B8D013B9AB2AF
:10748000FB681A857A69396AF86801F061F9034680
:10749000002B0DD0FB681B6C042B07D1FB681B680D
:1074A0001A68FB681B6842F400721A6001231AE034
:1074B000FB681B8D002B94D1FB681B681A68FB6866
:1074C0001B6842F400721A60FB68202283F83D209A
:1074D000FB68002283F83E20FB68002283F83C20F2
:1074E000002300E0022318461837BD4680BD00BFC8
:1074F000020010000000FFFF80B58CB002AFF86002
:107500007A601A460B467B8113463B81FDF7EEFFFE
:107510007862FB6893F83D30DBB2202B40F0178295
:107520007B6A0093192301227C49F86800F0AEFFC2
:107530000346002B01D002230AE2FB6893F83C309B
:10754000012B01D1022303E2FB68012283F83C20D6
:10755000FB681B681B6803F00103012B07D0FB6865
:107560001B681A68FB681B6842F001021A60FB681E
:107570001B681A68FB681B6822F400621A60FB68CB
:10758000222283F83D20FB68102283F83E20FB680E
:1075900000221A64FB687A685A62FB683A895A8545
:1075A000FB685B8D9AB2FB681A85FB685C4ADA62FD
:1075B00079897B6A3A6BF86800F0B2FD0346002BCC
:1075C00001D00123C4E1FB681B8D002B13D10023E4
:1075D0003B62FB681B685B693B62FB681B689B69DD
:1075E0003B623B6AFB681B681A68FB681B6842F4D5
:1075F00000721A6098E1FB681B8D012B1BD1FB68A0
:107600001B681A68FB681B6822F480621A600023FA
:10761000FB61FB681B685B69FB61FB681B689B691E
:10762000FB61FB69FB681B681A68FB681B6842F416
:1076300000721A6078E1FB681B8D022B1BD1FB687E
:107640001B681A68FB681B6822F480621A60FB687A
:107650001B681A68FB681B6842F400621A6000230A
:10766000BB61FB681B685B69BB61FB681B689B694E
:10767000BB61BB6958E1FB681B681A68FB681B6843
:1076800042F480621A6000237B61FB681B685B69BF
:107690007B61FB681B689B697B617B6944E1FB68DC
:1076A0001B8D032B00F2F180FB681B8D012B23D176
:1076B0007A6A396BF86801F093F80346002B01D021
:1076C000012345E1FB681B681A69FB685B6AD2B25B
:1076D0001A70FB685B6A5A1CFB685A62FB681B8D58
:1076E000013B9AB2FB681A85FB685B8D9BB2013B3C
:1076F0009AB2FB685A8517E1FB681B8D022B4ED1AD
:107700007B6A00933B6B00220649F86800F0BEFEDE
:107710000346002B08D001231AE100BF020010002D
:107720000000FFFF04000100FB681B681A68FB688B
:107730001B6842F400721A60FB681B681A69FB68D8
:107740005B6AD2B21A70FB685B6A5A1CFB685A62A9
:10775000FB681B8D013B9AB2FB681A85FB685B8D49
:107760009BB2013B9AB2FB685A85FB681B681A6999
:10777000FB685B6AD2B21A70FB685B6A5A1CFB68D2
:107780005A62FB681B8D013B9AB2FB681A85FB6845
:107790005B8D9BB2013B9AB2FB685A85C4E07B6A61
:1077A00000933B6B00226C49F86800F06FFE0346C3
:1077B000002B01D00123CBE0FB681B681A68FB6833
:1077C0001B6822F480621A60FB681B681A69FB68F8
:1077D0005B6AD2B21A70FB685B6A5A1CFB685A6219
:1077E000FB681B8D013B9AB2FB681A85FB685B8DB9
:1077F0009BB2013B9AB2FB685A857B6A00933B6B54
:1078000000225549F86800F041FE0346002B01D0E4
:1078100001239DE0FB681B681A68FB681B6842F443
:1078200000721A60FB681B681A69FB685B6AD2B257
:107830001A70FB685B6A5A1CFB685A62FB681B8DF6
:10784000013B9AB2FB681A85FB685B8D9BB2013BDA
:107850009AB2FB685A85FB681B681A69FB685B6A09
:10786000D2B21A70FB685B6A5A1CFB685A62FB68EA
:107870001B8D013B9AB2FB681A85FB685B8D9BB23E
:10788000013B9AB2FB685A854EE07A6A396BF86818
:1078900000F0A6FF0346002B01D0012358E0FB684F
:1078A0001B681A69FB685B6AD2B21A70FB685B6A74
:1078B0005A1CFB685A62FB681B8D013B9AB2FB683D
:1078C0001A85FB685B8D9BB2013B9AB2FB685A85B7
:1078D000FB681B685B6903F00403042B24D1FB687D
:1078E0001B8D032B07D1FB681B681A68FB681B689C
:1078F00022F480621A60FB681B681A69FB685B6A85
:10790000D2B21A70FB685B6A5A1CFB685A62FB6849
:107910001B8D013B9AB2FB681A85FB685B8D9BB29D
:10792000013B9AB2FB685A85FB681B8D002B7FF4E4
:10793000B6AEFB68202283F83D20FB68002283F866
:107940003E20FB68002283F83C20002300E0022355
:1079500018462837BD4680BD0400010080B58CB0B4
:1079600002AFF860084611461A4603467B810B4673
:107970003B811346FB80FDF7B9FD7862FB6893F805
:107980003D30DBB2202B40F014827B6A0093192338
:1079900001227B49F86800F079FD0346002B01D0F5
:1079A000022307E2FB6893F83C30012B01D102234C
:1079B00000E2FB68012283F83C20FB681B681B681F
:1079C00003F00103012B07D0FB681B681A68FB68F2
:1079D0001B6842F001021A60FB681B681A68FB68AA
:1079E0001B6822F400621A60FB68222283F83D20A3
:1079F000FB68402283F83E20FB6800221A64FB6883
:107A00003A6B5A62FB68BA8E5A85FB685B8D9AB2F4
:107A1000FB681A85FB685B4ADA62F8883A897989DB
:107A20007B6A0193BB6B00930346F86800F046FC49
:107A30000346002B01D00123BCE1FB681B8D002B0A
:107A400013D100233B62FB681B685B693B62FB68E8
:107A50001B689B693B623B6AFB681B681A68FB6892
:107A60001B6842F400721A6090E1FB681B8D012BC9
:107A70001BD1FB681B681A68FB681B6822F48062D4
:107A80001A600023FB61FB681B685B69FB61FB6894
:107A90001B689B69FB61FB69FB681B681A68FB68D4
:107AA0001B6842F400721A6070E1FB681B8D022BA8
:107AB0001BD1FB681B681A68FB681B6822F4806294
:107AC0001A60FB681B681A68FB681B6842F4006256
:107AD0001A600023BB61FB681B685B69BB61FB68C4
:107AE0001B689B69BB61BB6950E100237B61FB683C
:107AF0001B685B697B61FB681B689B697B617B69B9
:107B000044E1FB681B8D032B00F2F180FB681B8DA9
:107B1000012B23D17A6AB96BF86800F061FE034645
:107B2000002B01D0012345E1FB681B681A69FB6843
:107B30005B6AD2B21A70FB685B6A5A1CFB685A62B5
:107B4000FB681B8D013B9AB2FB681A85FB685B8D55
:107B50009BB2013B9AB2FB685A8517E1FB681B8D0B
:107B6000022B4ED17B6A0093BB6B00220649F8685A
:107B700000F08CFC0346002B08D001231AE100BF63
:107B8000020010000000FFFF04000100FB681B68FA
:107B90001A68FB681B6842F400721A60FB681B6875
:107BA0001A69FB685B6AD2B21A70FB685B6A5A1C7E
:107BB000FB685A62FB681B8D013B9AB2FB681A8511
:107BC000FB685B8D9BB2013B9AB2FB685A85FB68F0
:107BD0001B681A69FB685B6AD2B21A70FB685B6A41
:107BE0005A1CFB685A62FB681B8D013B9AB2FB680A
:107BF0001A85FB685B8D9BB2013B9AB2FB685A8584
:107C0000C4E07B6A0093BB6B00226C49F86800F00B
:107C10003DFC0346002B01D00123CBE0FB681B6831
:107C20001A68FB681B6822F480621A60FB681B6894
:107C30001A69FB685B6AD2B21A70FB685B6A5A1CED
:107C4000FB685A62FB681B8D013B9AB2FB681A8580
:107C5000FB685B8D9BB2013B9AB2FB685A857B6ADD
:107C60000093BB6B00225549F86800F00FFC0346F7
:107C7000002B01D001239DE0FB681B681A68FB689C
:107C80001B6842F400721A60FB681B681A69FB6883
:107C90005B6AD2B21A70FB685B6A5A1CFB685A6254
:107CA000FB681B8D013B9AB2FB681A85FB685B8DF4
:107CB0009BB2013B9AB2FB685A85FB681B681A6944
:107CC000FB685B6AD2B21A70FB685B6A5A1CFB687D
:107CD0005A62FB681B8D013B9AB2FB681A85FB68F0
:107CE0005B8D9BB2013B9AB2FB685A854EE07A6A83
:107CF000B96BF86800F074FD0346002B01D0012336
:107D000058E0FB681B681A69FB685B6AD2B21A709C
:107D1000FB685B6A5A1CFB685A62FB681B8D013B5F
:107D20009AB2FB681A85FB685B8D9BB2013B9AB2E5
:107D3000FB685A85FB681B685B6903F00403042B2E
:107D400024D1FB681B8D032B07D1FB681B681A68C5
:107D5000FB681B6822F480621A60FB681B681A6962
:107D6000FB685B6AD2B21A70FB685B6A5A1CFB68DC
:107D70005A62FB681B8D013B9AB2FB681A85FB684F
:107D80005B8D9BB2013B9AB2FB685A85FB681B8DE9
:107D9000002B7FF4B6AEFB68202283F83D20FB6801
:107DA000002283F83E20FB68002283F83C20002359
:107DB00000E0022318462837BD4680BD04000100BC
:107DC00080B58AB002AFF8607A603B600B467B8179
:107DD000FDF78CFBF8610023BB61FB6893F83D3035
:107DE000DBB2202B40F01181FB69009319230122A3
:107DF0008849F86800F04AFB0346002B01D00223B3
:107E000004E1FB6893F83C30012B01D10223FDE033
:107E1000FB68012283F83C20FB681B681B6803F0A9
:107E20000103012B07D0FB681B681A68FB681B68FD
:107E300042F001021A60FB681B681A68FB681B6845
:107E400022F400621A60FB68242283F83D20FB685C
:107E500000221A64FB68704ADA62FB681B681A68C1
:107E6000FB681B6842F480721A60FB6900933B68F0
:107E700000224FF00111F86800F008FB0346002BC8
:107E80000DD0FB681B681B6803F48073B3F5807F1B
:107E900003D1FB684FF400721A640323B6E07B89B8
:107EA000DBB21A46FB681B6802F0FE021A61FDF79E
:107EB0001DFBF861FB681B685B6903F00203022B82
:107EC0000CBF01230023DBB2FB75FB681B685B69F9
:107ED00003F48063B3F5806F0CBF01230023DBB292
:107EE000BB7525E0FDF702FB0246FB69D31A3A6831
:107EF0009A4202D33B68002B03D1FB68A02283F88F
:107F00003D20FB681B685B6903F00203022B0CBF7A
:107F100001230023DBB2FB75FB681B685B6903F47C
:107F20008063B3F5806F0CBF01230023DBB2BB7508
:107F3000FB6893F83D30DBB2A02B05D0FB7D002B16
:107F400002D1BB7D002BCDD0FB68202283F83D20E1
:107F5000FB681B685B6903F00203022B29D1FB68F5
:107F60001B681A68FB681B6842F400721A600023E1
:107F70003B61FB681B685B693B61FB681B689B6935
:107F80003B613B69FB690093192301222149F86891
:107F900000F07CFA0346002B01D0012336E0FB6899
:107FA000202283F83D20FB68002283F83C20002338
:107FB0002CE0FB681B681A68FB681B6842F40072BF
:107FC0001A60FB681B686FF480625A61FB6900935A
:107FD000192301220F49F86800F058FA0346002BD4
:107FE00001D0012312E0BB690133BB61BA697B6830
:107FF0009A42FFF432AFFB68202283F83D20FB68F1
:10800000002283F83C20012300E002231846203799
:10801000BD4680BD020010000000FFFF80B588B0A3
:1080200002AFF8607A603B600B467B81FB68DB6ADD
:108030007B617B69082B06D07B69012B03D07B69B0
:1080400013F5803F08D1FB681B681A68FB681B6842
:1080500042F480721A600BE0FB681B6B122B07D195
:10806000FB681B681A68FB681B6842F480721A6020
:108070003B6800937B6800224FF00111F86800F024
:1080800005FA0346002B0DD0FB681B681B6803F440
:108090008073B3F5807F03D1FB684FF400721A64DC
:1080A000032335E0FB681B69B3F5804F08D17B895A
:1080B000DBB21A46FB681B6802F0FE021A611BE085
:1080C0007B89DB11DBB203F00603DBB263F00F0345
:1080D000DAB2FB681B681A613B687A680E49F86877
:1080E00000F04EFA0346002B01D0012310E07B89FB
:1080F000DAB2FB681B681A613B687A680749F8685E
:1081000000F03EFA0346002B01D0012300E00023DB
:1081100018461837BD4680BD080001000200010066
:1081200080B588B002AFF8607A603B600B467B8117
:10813000FB68DB6A7B61FB681B681A68FB681B686D
:1081400042F480621A607B69082B06D07B69012BA0
:1081500003D07B6913F5803F08D1FB681B681A6860
:10816000FB681B6842F480721A600BE0FB681B6BB3
:10817000112B07D1FB681B681A68FB681B6842F467
:1081800080721A603B6800937B6800224FF00111F7
:10819000F86800F07BF90346002B0DD0FB681B68E4
:1081A0001B6803F48073B3F5807F03D1FB684FF441
:1081B00000721A64032379E0FB681B69B3F5804FF2
:1081C00008D17B89DBB243F00103DAB2FB681B689C
:1081D0001A615FE07B89DB11DBB203F00603DBB2DF
:1081E00063F00F03DAB2FB681B681A613B687A68B8
:1081F0003049F86800F0C4F90346002B01D0012390
:1082000054E07B89DAB2FB681B681A613B687A68C4
:108210002949F86800F0B4F90346002B01D0012386
:1082200044E000233B61FB681B685B693B61FB68C2
:108230001B689B693B613B69FB681B681A68FB68AC
:108240001B6842F480721A603B6800937B680022CE
:108250004FF00111F86800F019F90346002B0DD01A
:10826000FB681B681B6803F48073B3F5807F03D140
:10827000FB684FF400721A64032317E07B89DB115B
:10828000DBB203F00603DBB263F00E03DAB2FB6885
:108290001B681A613B687A680749F86800F070F952
:1082A0000346002B01D0012300E0002318461837B5
:1082B000BD4680BD080001000200010080B588B005
:1082C00002AFF860084611461A4603467B810B460A
:1082D0003B811346FB80FB681B681A68FB681B68C0
:1082E00042F480621A60FB681B681A68FB681B68AE
:1082F00042F480721A607B6A00933B6A00224FF05E
:108300000111F86800F0C2F80346002B0DD0FB689D
:108310001B681B6803F48073B3F5807F03D1FB688F
:108320004FF400721A640323AAE07B89DBB21A4679
:10833000FB681B6802F0FE021A617B6A3A6A5249C6
:10834000F86800F01DF90346002B01D0012397E0E7
:1083500000237B61FB681B685B697B61FB681B68B2
:108360009B697B617B697A6A396AF86800F0A8F9D1
:108370000346002B0DD0FB681B6C042B07D1FB6858
:108380001B681A68FB681B6842F400721A600123BC
:1083900076E0FB88012B05D13B89DAB2FB681B68CC
:1083A0001A6121E03B891B0A9BB2DAB2FB681B68A9
:1083B0001A617A6A396AF86800F082F90346002B7C
:1083C0000DD0FB681B6C042B07D1FB681B681A6877
:1083D000FB681B6842F400721A60012350E03B897D
:1083E000DAB2FB681B681A617A6A396AF86800F0C9
:1083F00067F90346002B0DD0FB681B6C042B07D1DB
:10840000FB681B681A68FB681B6842F400721A60FC
:10841000012335E0FB681B681A68FB681B6842F49F
:1084200080721A607B6A00933B6A00224FF0011150
:10843000F86800F02BF80346002B0DD0FB681B6892
:108440001B6803F48073B3F5807F03D1FB684FF49E
:1084500000721A64032313E07B89DBB243F001034B
:10846000DAB2FB681B681A617B6A3A6A0649F868E7
:1084700000F086F80346002B01D0012300E0002322
:1084800018461837BD4680BD0200010080B584B093
:1084900000AFF860B9603B601346FB7148E03B6891
:1084A000B3F1FF3F44D0FDF721F80246BB69D31A70
:1084B0003A689A4202D33B68002B39D1BB681B0C47
:1084C000DBB2012B0DD1FB681B685B69DA43BB682B
:1084D00013409BB2002B0CBF01230023DBB21A46D2
:1084E0000CE0FB681B689B69DA43BB6813409BB2D6
:1084F000002B0CBF01230023DBB21A46FB799A4202
:1085000016D1FB6800221A63FB68202283F83D2005
:10851000FB68002283F83E20FB681B6C43F02002BE
:10852000FB681A64FB68002283F83C20012323E0E7
:10853000BB681B0CDBB2012B0DD1FB681B685B69B0
:10854000DA43BB6813409BB2002B0CBF012300230E
:10855000DBB21A460CE0FB681B689B69DA43BB6818
:1085600013409BB2002B0CBF01230023DBB21A4641
:10857000FB799A4293D0002318461037BD4680BD40
:1085800080B584B000AFF860B9607A603B6071E09C
:10859000FB681B685B6903F48063B3F5806F23D1CC
:1085A000FB681B681A68FB681B6842F400721A605B
:1085B000FB681B686FF480625A61FB6800221A63D3
:1085C000FB68202283F83D20FB68002283F83E20D0
:1085D000FB681B6C43F00402FB681A64FB68002212
:1085E00083F83C20012367E07B68B3F1FF3F41D073
:1085F000FCF77CFF02463B68D31A7A689A4202D3A2
:108600007B68002B36D1BB681B0CDBB2012B0CD175
:10861000FB681B685B69DA43BB6813409BB2002BA5
:1086200014BF01230023DBB20BE0FB681B689B69CE
:10863000DA43BB6813409BB2002B14BF0123002315
:10864000DBB2002B16D0FB6800221A63FB682022E5
:1086500083F83D20FB68002283F83E20FB681B6CFA
:1086600043F02002FB681A64FB68002283F83C2078
:10867000012321E0BB681B0CDBB2012B0CD1FB6892
:108680001B685B69DA43BB6813409BB2002B14BFC5
:1086900001230023DBB20BE0FB681B689B69DA4314
:1086A000BB6813409BB2002B14BF01230023DBB235
:1086B000002B7FF46DAF002318461037BD4680BDF8
:1086C00080B584B000AFF860B9607A6034E0F868D3
:1086D00000F0E3F80346002B01D0012334E0BB682F
:1086E000B3F1FF3F28D0FCF701FF02467B68D31AA5
:1086F000BA689A4202D3BB68002B1DD1FB681B6885
:108700005B6903F08003802B16D0FB6800221A639C
:10871000FB68202283F83D20FB68002283F83E207E
:10872000FB681B6C43F02002FB681A64FB680022A4
:1087300083F83C20012307E0FB681B685B6903F0BA
:108740008003802BC3D1002318461037BD4680BD5F
:1087500080B584B000AFF860B9607A6034E0F86842
:1087600000F09BF80346002B01D0012334E0BB68E6
:10877000B3F1FF3F28D0FCF7B9FE02467B68D31A5D
:10878000BA689A4202D3BB68002B1DD1FB681B68F4
:108790005B6903F00403042B16D0FB6800221A6304
:1087A000FB68202283F83D20FB68002283F83E20EE
:1087B000FB681B6C43F02002FB681A64FB68002214
:1087C00083F83C20012307E0FB681B685B6903F02A
:1087D0000403042BC3D1002318461037BD4680BDC7
:1087E00080B584B000AFF860B9607A6049E0FB689A
:1087F0001B685B6903F01003102B19D1FB681B6821
:108800006FF010025A61FB6800221A63FB68202295
:1088100083F83D20FB68002283F83E20FB681A6C39
:10882000FB681A64FB68002283F83C20012330E0D7
:10883000FCF75CFE02467B68D31ABA689A4202D300
:10884000BB68002B1DD1FB681B685B6903F040030C
:10885000402B16D0FB6800221A63FB68202283F8A5
:108860003D20FB68002283F83E20FB681B6C43F030
:108870002002FB681A64FB68002283F83C20012375
:1088800007E0FB681B685B6903F04003402BAED137
:10889000002318461037BD4680BD80B483B000AFBA
:1088A00078607B681B685B6903F48063B3F5806F55
:1088B0001BD17B681B686FF480625A617B68002261
:1088C0001A637B68202283F83D207B68002283F8AE
:1088D0003E207B681B6C43F004027B681A647B6853
:1088E000002283F83C20012300E0002318460C37C7
:1088F000BD465DF8047B704780B586B000AF7860F8
:108900007B68002B01D1012367E27B681B6803F0C1
:108910000103002B75D0884B9B6803F00C03042BDC
:108920000CD0854B9B6803F00C03082B12D1824BB3
:108930005B6803F48003B3F5800F0BD17E4B1B689B
:1089400003F40033002B5BD07B685B68002B57D1AE
:10895000012342E27B685B68B3F5803F06D1764B2A
:108960001B68754A43F4803313601DE07B685B68C5
:10897000B3F5A02F0CD1704B1B686F4A43F48023D2
:1089800013606D4B1B686C4A43F4803313600BE03B
:10899000694B1B68684A23F480331360664B1B687D
:1089A000654A23F4802313607B685B68002B13D037
:1089B000FCF79CFD386108E0FCF798FD02463B6936
:1089C000D31A642B01D9032307E25B4B1B6803F422
:1089D0000033002BF0D014E0FCF788FD386108E08C
:1089E000FCF784FD02463B69D31A642B01D90323AB
:1089F000F3E1514B1B6803F40033002BF0D100E08E
:108A000000BF7B681B6803F00203002B63D04A4B56
:108A10009B6803F00C03002B0BD0474B9B6803F0C3
:108A20000C03082B1CD1444B5B6803F48003002B20
:108A300016D1414B1B6803F00203002B05D07B6865
:108A4000DB68012B01D00123C7E13B4B1B6823F0FE
:108A5000F8027B681B69DB00374913430B603AE07F
:108A60007B68DB68002B20D0344B01221A60FCF7B6
:108A70003DFD386108E0FCF739FD02463B69D31A39
:108A8000022B01D90323A8E12B4B1B6803F002033F
:108A9000002BF0D0284B1B6823F0F8027B681B6981
:108AA000DB00254913430B6015E0244B00221A60BC
:108AB000FCF71CFD386108E0FCF718FD02463B6935
:108AC000D31A022B01D9032387E11B4B1B6803F048
:108AD0000203002BF0D17B681B6803F00803002B16
:108AE00036D07B685B69002B16D0154B01221A60CB
:108AF000FCF7FCFC386108E0FCF7F8FC02463B6937
:108B0000D31A022B01D9032367E10B4B5B6F03F0F0
:108B10000203002BF0D01BE0094B00221A60FCF787
:108B2000E5FC38610EE0FCF7E1FC02463B69D31A34
:108B3000022B07D9032350E10038024000004742CE
:108B4000800E4742884B5B6F03F00203002BEAD193
:108B50007B681B6803F00403002B00F09780002360
:108B6000FB75814B1B6C03F08053002B0FD100234E
:108B7000BB607D4B1B6C7C4A43F0805313647A4B83
:108B80001B6C03F08053BB60BB680123FB75774B04
:108B90001B6803F48073002B18D1744B1B68734A55
:108BA00043F480731360FCF7A1FC386108E0FCF724
:108BB0009DFC02463B69D31A022B01D903230CE129
:108BC0006A4B1B6803F48073002BF0D07B689B68B2
:108BD000012B06D1644B1B6F634A43F001031367FB
:108BE0001CE07B689B68052B0CD15F4B1B6F5E4ABA
:108BF00043F0040313675C4B1B6F5B4A43F00103B4
:108C000013670BE0584B1B6F574A23F001031367A0
:108C1000554B1B6F544A23F0040313677B689B6812
:108C2000002B15D0FCF762FC38610AE0FCF75EFC13
:108C300002463B69D31A41F28832934201D9032399
:108C4000CBE0494B1B6F03F00203002BEED014E086
:108C5000FCF74CFC38610AE0FCF748FC02463B6933
:108C6000D31A41F28832934201D90323B5E03E4B37
:108C70001B6F03F00203002BEED1FB7D012B05D10E
:108C8000394B1B6C384A23F0805313647B689B6913
:108C9000002B00F0A180344B9B6803F00C03082BE1
:108CA0005CD07B689B69022B41D1314B00221A605A
:108CB000FCF71CFC386108E0FCF718FC02463B6935
:108CC000D31A022B01D9032387E0274B1B6803F03B
:108CD0000073002BF0D17B68DA697B681B6A1A434A
:108CE0007B685B6A9B011A437B689B6A5B08013B5C
:108CF0001B041A437B68DB6A1B061B4913434B604A
:108D00001B4B01221A60FCF7F1FB386108E0FCF70D
:108D1000EDFB02463B69D31A022B01D903235CE029
:108D2000114B1B6803F00073002BF0D054E0104B84
:108D300000221A60FCF7DAFB386108E0FCF7D6FB8A
:108D400002463B69D31A022B01D9032345E0064BA7
:108D50001B6803F00073002BF0D13DE07B689B693A
:108D6000012B07D1012338E0003802400070004099
:108D7000600047421B4B5B68FB607B689B69012B73
:108D800028D0FB6803F480027B68DB699A4221D11A
:108D9000FB6803F03F027B681B6A9A421AD1FA68AB
:108DA00047F6C07313407A68526A9201934211D118
:108DB000FB6803F440327B689B6A5B08013B1B0441
:108DC0009A4207D1FB6803F070627B68DB6A1B067E
:108DD0009A4201D0012300E0002318461837BD460F
:108DE00080BD00BF0038024080B584B000AF78601D
:108DF00039607B68002B01D10123CCE0684B1B68F4
:108E000003F007033A689A420CD9654B3A68D2B22C
:108E10001A70634B1B6803F007033A689A4201D04B
:108E20000123B8E07B681B6803F00203002B20D00D
:108E30007B681B6803F00403002B05D0594B9B682B
:108E4000584A43F4E05393607B681B6803F00803BF
:108E5000002B05D0534B9B68524A43F46043936008
:108E6000504B9B6823F0F0027B689B684D4913438D
:108E70008B607B681B6803F00103002B44D07B6888
:108E80005B68012B07D1474B1B6803F40033002BB1
:108E900019D101237FE07B685B68022B03D07B68DC
:108EA0005B68032B07D13F4B1B6803F00073002B5B
:108EB00009D101236FE03B4B1B6803F00203002B39
:108EC00001D1012367E0374B9B6823F003027B68E5
:108ED0005B68344913438B60FCF708FBF8600AE0D9
:108EE000FCF704FB0246FB68D31A41F28832934236
:108EF00001D903234FE02B4B9B6803F00C027B68E6
:108F00005B689B009A42EBD1254B1B6803F007037B
:108F10003A689A420CD2224B3A68D2B21A70204B6D
:108F20001B6803F007033A689A4201D0012332E03C
:108F30007B681B6803F00403002B08D0194B9B6867
:108F400023F4E0527B68DB68164913438B607B682F
:108F50001B6803F00803002B09D0124B9B6823F415
:108F600060427B681B69DB000E4913438B6000F095
:108F700021F802460B4B9B681B0903F00F030A49BB
:108F8000CB5C22FA03F3094A1360094B1B681846AD
:108F9000FCF768FA002318461037BD4680BD00BFB5
:108FA000003C0240003802405C5D01088000002067
:108FB000840000202DE9B04F90B000AF00237B6308
:108FC0000023FB6300233B630023BB63594B9B6877
:108FD00003F00C03082B0DD0082B00F2A180002B0E
:108FE00002D0042B03D09BE0534BBB639BE0534B5D
:108FF000BB6398E04F4B5B6803F03F037B634D4BD3
:109000005B6803F48003002B28D04A4B5B689B0904
:1090100000223B627A623B6AC3F308000021474B9F
:1090200003FB01F2002300FB03F31344434AA0FBBC
:109030000212FA620A46BA62FA6A1344FB627B6B56
:109040000022BB61FA61D7E90623D7E90A01F7F7E5
:109050001BFE02460B461346FB6353E0354B5B6831
:109060009B0900223B617A613B69C3F3080A4FF018
:10907000000B52465B464FF000004FF000015901D3
:1090800041EAD261500102460B46B2EB0A0863EB9B
:109090000B094FF000024FF000034FEA891343EA37
:1090A00098634FEA8812B2EB080463EB09054FF0AE
:1090B00000024FF00003EB0043EA5473E200144651
:1090C0001D4614EB0A033B6045EB0B037B604FF03E
:1090D00000024FF00003D7E9004529468B022146E4
:1090E00043EA915321468A02104619467B6B0022BF
:1090F000BB60FA60D7E90223F7F7C6FD02460B46CC
:109100001346FB630B4B5B681B0C03F0030301333B
:109110005B003B63FA6B3B6BB2FBF3F3BB6302E0B8
:10912000054BBB6300BFBB6B18464037BD46BDE86F
:10913000B08F00BF003802400024F400001BB700CD
:1091400080B400AF034B1B681846BD465DF8047B36
:10915000704700BF8000002080B500AFFFF7F0FF30
:109160000246054B9B689B0A03F007030349CB5C4F
:1091700022FA03F3184680BD003802406C5D0108F6
:1091800080B500AFFFF7DCFF0246054B9B685B0B29
:1091900003F007030349CB5C22FA03F3184680BDB2
:1091A000003802406C5D010880B582B000AF786085
:1091B0007B68002B01D1012322E07B6893F83430D7
:1091C000DBB2002B05D17B6800221A777868FBF7A9
:1091D000D9FA7B68032283F83420786800F014F809
:1091E0000346002B01D001230AE07B6800229A632A
:1091F0007B6800221A637B68012283F834200023F5
:1092000018460837BD4680BDB0B58EB004AF786053
:109210000023FB6000233B6100237B610023BB61D3
:109220000023FB6176233B627B681D686C4607F177
:10923000180393E8070084E8070007F10C030ECB3E
:10924000284603F06DF82A4B00221A607B681B68E1
:10925000184603F0AEF8264B01221A600220FCF7F4
:1092600051F9786801F006F878627B6A002B0BD020
:109270007B68012283F834207B689A6B7B6A1A43EF
:109280007B689A6301232EE0786800F025FF7862FE
:109290007B6A002B0BD07B68012283F834207B682B
:1092A0009A6B7B6A1A437B689A6301231BE07B6895
:1092B0001B684FF40071184603F00DF978627B6A61
:1092C000002B0FD07B681B680A4A9A637B689A6BF5
:1092D0007B6A1A437B689A637B68012283F8342097
:1092E000012300E0002318462837BD46B0BD00BF6B
:1092F000A0802542FF05400080B58CB000AFF8602B
:10930000B9607A603B607B68BB62BB68002B07D1A9
:10931000FB689B6B43F00062FB689A630123C0E02B
:10932000FB6893F83430DBB2012B40F0B980FB6866
:1093300000229A63BA6A3B681A44FB68DB6D9A4262
:1093400007D9FB689B6B43F00072FB689A630123AB
:10935000A7E0FB68032283F83420FB681B68002227
:10936000DA62FB681B68DB6BFA68126843F44A73C5
:1093700043F00203D363FB681B6C4C4ADA63FB685F
:109380001B6C4B4ADA64FB681B6C00221A65FB6895
:109390001B6C00229A60FB681B6C1B681B6823F027
:1093A000C001FB681B6C9A68FB681B6C1B680A4356
:1093B0001A60FB68186CFB681B6880331946BA6832
:1093C0003B685B029B08FDF731F90346002B17D081
:1093D000FB681B68DA6BFB681B6822F49572DA6322
:1093E000FB681B68334A9A63FB689B6B43F08042BF
:1093F000FB689A63FB68012283F83420012350E064
:109400002D4B01221A60FB685B6C012B02D0BB6AFA
:109410005B02BB624FF0FF333B613B685B027B61E9
:109420009023BB610223FB6100233B6201237B622B
:10943000FB681B6807F110021146184603F01FF87D
:109440003B68012B0AD9FB6882221A63FB681B6800
:10945000B96A184603F083F8F86209E0FB688122D4
:109460001A63FB681B68B96A184603F056F8F8627D
:10947000FB6A002B12D0FB681B680E4A9A63FB68DC
:109480009A6BFB6A1A43FB689A63FB68012283F8B4
:109490003420FB6800221A63012302E0002300E06D
:1094A000022318463037BD4680BD00BFE79E000846
:1094B000599F0008FF0540008C85254280B58CB07F
:1094C00000AFF860B9607A603B607B68BB62BB68E4
:1094D000002B07D1FB689B6B43F00062FB689A632B
:1094E0000123C5E0FB6893F83430DBB2012B40F078
:1094F000BE80FB6800229A63BA6A3B681A44FB6824
:10950000DB6D9A4207D9FB689B6B43F00072FB68E6
:109510009A630123ACE0FB68032283F83420FB68E4
:109520001B680022DA62FB681B68DB6BFA68126852
:1095300043F4067343F00203D363FB68DB6B4E4ACC
:10954000DA63FB68DB6B4D4ADA64FB68DB6B002295
:109550001A65FB685B6C012B02D0BB6A5B02BB62C5
:109560003B68012B0AD9FB68A0221A63FB681B68C1
:10957000B96A184603F037F8F86209E0FB689022F0
:109580001A63FB681B68B96A184603F00AF8F862A8
:10959000FB6A002B12D0FB681B68394A9A63FB6890
:1095A0009A6BFB6A1A43FB689A63FB68012283F893
:1095B0003420FB6800221A63012359E0314B012259
:1095C0001A60FB68DB6B40229A60FB68DB6B1B68F0
:1095D0001B6823F0C001FB68DB6B9A68FB68DB6BE0
:1095E0001B680A431A60FB68D86BB968FB681B6884
:1095F00080331A463B685B029B08FDF717F8034669
:10960000002B1CD0FB681B68DB6BFA68126823F424
:10961000067323F00203D363FB681B68184A9A633E
:10962000FB689B6B43F08042FB689A63FB680122F6
:1096300083F83420FB6800221A63012318E04FF0FE
:10964000FF333B613B685B027B619023BB6100237E
:10965000FB6100233B6201237B62FB681B6807F10F
:1096600010021146184602F00AFF002300E0022310
:1096700018463037BD4680BDBD9E0008599F000882
:10968000FF0540008C85254280B584B000AF78602E
:109690007B681B6BFB607B681B685B6B03F40043A0
:1096A000002B08D0FB6803F00803002B03D0786878
:1096B00001F006F865E17B681B685B6B03F480735F
:1096C000002B00F08F807B681B684FF480729A63D8
:1096D0007B681B68DB6B7A68126823F4434323F0D2
:1096E0003A03D3637B681B68DA6A7B681B6822F0E5
:1096F0000102DA62FB6803F00803002B39D0FB6833
:1097000003F00203002B04D1FB6803F02003002BBD
:1097100011D07B681B68184602F088FFB860BB68F0
:10972000002B08D07B689A6BBB681A437B689A63EE
:10973000786800F02FF97B681B6840F23A529A6310
:109740007B68012283F834207B6800221A63FB685F
:1097500003F00103002B04D1FB6803F00203002B8C
:1097600003D0786803F022FE0BE1786803F014FE62
:1097700007E1FB6803F08003002B00F00281FB6827
:1097800003F02003002B11D07B681B68184602F001
:109790004DFFB860BB68002B08D07B689A6BBB6834
:1097A0001A437B689A63786800F0F4F8FB6803F06A
:1097B0000103002B40F0E580FB6803F00203002B5F
:1097C00040F0DF807B681B68DA6A7B681B6822F0E8
:1097D0000802DA627B68012283F83420786803F09B
:1097E000DBFDCEE07B681B685B6B03F48043002BE2
:1097F00008D0FB6803F00803002B03D0786800F062
:10980000B0FFBEE07B681B685A6B40F23A231340FE
:10981000002B00F0B6807B681B685B6B03F00203D3
:10982000002B05D07B689B6B43F002027B689A6338
:109830007B681B685B6B03F00803002B05D07B681B
:109840009B6B43F008027B689A637B681B685B6BC9
:1098500003F02003002B05D07B689B6B43F02002B4
:109860007B689A637B681B685B6B03F01003002BBB
:1098700005D07B689B6B43F010027B689A637B6822
:109880001B685B6B03F40073002B05D07B689B6B3C
:1098900043F008027B689A637B681B6840F23A7267
:1098A0009A637B681B68DB6B7A68126823F44E73DB
:1098B00023F00203D3637B681B68184602F0B6FEF0
:1098C00002467B689B6B1A437B689A63FB6803F0D4
:1098D0000803002B0AD07B68012283F834207B68C0
:1098E00000221A63786800F055F84AE0FB6803F03C
:1098F0008003002B45D0FB6803F01003002B04D13C
:10990000FB6803F02003002B11D07B68DB6B1F4A40
:109910001A657B68DB6B1846FCF7E0FE0346002BFC
:109920002FD07B68DB6B184600F068FB29E0FB68F2
:1099300003F00103002B04D1FB6803F00203002BAA
:1099400011D07B681B6C124A1A657B681B6C184629
:10995000FCF7C4FE0346002B13D07B681B6C184633
:1099600000F083FB0DE07B6800229A637B68012294
:1099700083F834207B6800221A63786803F002FDC4
:10998000FFE700BF1037BD4680BD00BFFD9F000848
:109990006BA0000880B483B000AF786000BF0C37C4
:1099A000BD465DF8047B704780B483B000AF78603B
:1099B00039607B685B6E9B0FDAB23B681A707B681C
:1099C0005B6E9B0EDBB203F00F03DAB23B685A709A
:1099D0007B685B6E1B0EDBB203F00303DAB23B68FD
:1099E0009A707B685B6E1B0CDAB23B68DA707B683E
:1099F0005B6E1B0ADAB23B681A717B685B6EDAB287
:109A00003B685A717B689B6E1B0D9AB23B68DA808B
:109A10007B689B6E1B0CDBB203F00F03DAB23B6872
:109A20001A727B689B6EDB0BDBB203F00103DAB2C8
:109A30003B685A727B689B6E9B0BDBB203F00103A1
:109A4000DAB23B689A727B689B6E5B0BDBB203F009
:109A50000103DAB23B68DA727B689B6E1B0BDBB2E8
:109A600003F00103DAB23B681A733B6800225A73B1
:109A70007B685B6C002B63D17B689B6E9A0040F621
:109A8000FC7313407A68D26E920F1A433B681A61D6
:109A90007B68DB6EDB0EDBB203F00703DAB23B68F8
:109AA0001A757B68DB6E1B0EDBB203F00703DAB2BC
:109AB0003B685A757B68DB6E5B0DDBB203F0070316
:109AC000DAB23B689A757B68DB6E9B0CDBB203F005
:109AD0000703DAB23B68DA757B68DB6EDB0BDBB25F
:109AE00003F00703DAB23B681A763B681B695A1C1D
:109AF0007B685A653B681B7EDBB203F007030233C9
:109B0000012202FA03F37A68526D03FB02F27B68CA
:109B10005A653B681B7ADBB203F00F0301229A40BF
:109B20007B689A657B685B6D7A68926D520A03FB6D
:109B300002F27B68DA657B684FF400721A6631E0E6
:109B40007B685B6C012B1DD17B689B6E1B0403F44F
:109B50007C127B68DB6E1B0C1A433B681A613B6806
:109B60001B6901339A027B685A657B685A6D7B6872
:109B7000DA657B684FF400729A657B689A6D7B6842
:109B80001A660FE07B681B68584A9A637B689B6B78
:109B900043F080527B689A637B68012283F834200B
:109BA00001239DE07B68DB6E9B0BDBB203F00103BE
:109BB000DAB23B685A767B68DB6EDB09DBB203F016
:109BC0007F03DAB23B689A767B68DB6EDBB203F028
:109BD0007F03DAB23B68DA767B681B6FDB0FDAB2A1
:109BE0003B681A777B681B6F5B0FDBB203F00303E4
:109BF000DAB23B685A777B681B6F9B0EDBB203F0CF
:109C00000703DAB23B689A777B681B6F9B0DDBB268
:109C100003F00F03DAB23B68DA777B681B6F5B0DEA
:109C2000DBB203F00103DAB23B6883F820203B6823
:109C3000002283F821207B681B6F1B0CDBB203F032
:109C40000103DAB23B6883F822207B681B6FDB0BD1
:109C5000DBB203F00103DAB23B6883F823207B68B0
:109C60001B6F9B0BDBB203F00103DAB23B6883F896
:109C700024207B681B6F5B0BDBB203F00103DAB2BD
:109C80003B6883F825207B681B6F1B0BDBB203F05E
:109C90000103DAB23B6883F826207B681B6F9B0ABE
:109CA000DBB203F00303DAB23B6883F827207B685A
:109CB0001B6F1B0ADBB203F00303DAB23B6883F8C5
:109CC00028207B681B6F5B08DBB203F07F03DAB2EE
:109CD0003B6883F829203B68012283F82A2000236F
:109CE00018460C37BD465DF8047B7047FF05400001
:109CF00080B483B000AF786039607B685A6C3B6891
:109D00001A607B689A6C3B685A607B68DA6C3B68C7
:109D10009A607B681A6D3B68DA607B685A6D3B68B5
:109D20001A617B689A6D3B685A617B68DA6D3B68A3
:109D30009A617B681A6E3B68DA61002318460C371B
:109D4000BD465DF8047B7047B0B58EB004AF786057
:109D50003960002387F827307B68032283F834209A
:109D60007B685B6C032B2ED03B68B3F5805F06D11C
:109D70007B689B6B43F080527B689A6329E03B6869
:109D8000B3F5006F0AD1786800F02AFB38627B686F
:109D90009A6B3B6A1A437B689A631AE03B68002B14
:109DA0000AD1786800F067FB38627B689A6B3B6A7F
:109DB0001A437B689A630CE07B689B6B43F00062FC
:109DC0007B689A6305E07B689B6B43F080527B68FD
:109DD0009A637B689B6B002B0BD07B681B68264AC1
:109DE0009A637B68012283F83420012387F82730A7
:109DF0001FE07B685B68BB607B689B68FB607B687F
:109E0000DB683B613B687B617B685B69BB617B684E
:109E10009B69FB617B681D686C4607F1140393E83E
:109E2000070084E8070007F108030ECB284602F07C
:109E300077FA7B681B684FF40071184602F04BFB01
:109E400038623B6A002B0CD07B681B680A4A9A6315
:109E50007B689A6B3B6A1A437B689A63012387F895
:109E600027307B68012283F8342097F82730184682
:109E70002837BD46B0BD00BFFF05400080B586B0A5
:109E800000AF78600023FB6007F10C031946786887
:109E900000F07EFA78617B69002B05D07B689A6BB5
:109EA0007B691A437B689A63FB685B0A03F00F03C4
:109EB0003B613B6918461837BD4680BD80B485B00C
:109EC00000AF78607B689B6BFB60FB681B68DA6B9C
:109ED000FB681B6842F48072DA6300BF1437BD462A
:109EE0005DF8047B704780B584B000AF78607B6814
:109EF0009B6BFB60FB681B6B822B11D1FB681B68A3
:109F0000184602F093FBB860BB68002B08D0FB68D2
:109F10009A6BBB681A43FB689A63F868FFF73AFDCF
:109F2000FB681B68DA6AFB681B6822F00802DA62C9
:109F3000FB681B6840F23A529A63FB68012283F87F
:109F40003420FB6800221A63F86803F02FFA00BF80
:109F50001037BD4680BD000080B586B000AF786088
:109F60007B689B6B7B617868FCF764FD0346022B82
:109F70003ED07B691B6C5B6D3B617B69DB6B5B6D12
:109F8000FB603B69012B02D0FB68012B2DD17B6963
:109F90001B68194A9A637B691B68DA6B7B691B68CB
:109FA00022F49D72DA637B699B6B43F080427B698C
:109FB0009A637869FFF762FFB860BB68062B02D02E
:109FC000BB68052B0AD17B691B68184602F02EFB83
:109FD00002467B699B6B1A437B699A637B6901220A
:109FE00083F834207B6900221A637869FFF7D2FC7A
:109FF00000BF1837BD4680BDFF05400080B584B066
:10A0000000AF78607B689B6BFB60FB681B6840F26D
:10A010003A529A63F868FFF731FFB860FB68012293
:10A0200083F83420FB6800221A63BB68062B02D039
:10A03000BB68052B0AD1FB681B68184602F0F6FACC
:10A040000246FB689B6B1A43FB689A63FB689B6B39
:10A05000002B03D1F86803F095F902E0F868FFF7E8
:10A0600099FC00BF1037BD4680BD80B584B000AFFD
:10A0700078607B689B6BFB60FB681B6840F23A5220
:10A080009A63F868FFF7FAFEB860FB68012283F86C
:10A090003420FB6800221A63BB68062B02D0BB6821
:10A0A000052B0AD1FB681B68184602F0BFFA02466E
:10A0B000FB689B6B1A43FB689A63FB689B6B002BE6
:10A0C00003D1F86803F05EF902E0F868FFF762FC7C
:10A0D00000BF1037BD4680BDB0B594B004AF786006
:10A0E0000123FB817B681B68184602F070F9034668
:10A0F000002B02D14FF08063B8E07B685B6C032BD0
:10A100002FD07B681B68184602F09AFBF863FB6B44
:10A11000002B01D0FB6BA9E07B681B68002118466F
:10A1200002F09AF902467B685A677B681B68042133
:10A13000184602F091F902467B689A677B681B68B3
:10A140000821184602F088F902467B68DA677B68C6
:10A150001B680C21184602F07FF902467B68C3F8A1
:10A1600080207B685B6C032B0DD07B681B6807F13C
:10A170000E021146184602F0A0FBF863FB6B002BA1
:10A1800001D0FB6B72E07B685B6C032B36D0FB89E4
:10A190001A467B681A657B681A687B681B6D1B040E
:10A1A0001946104602F06AFBF863FB6B002B01D0E6
:10A1B000FB6B5BE07B681B680021184602F04CF9E2
:10A1C00002467B685A667B681B680421184602F0C9
:10A1D00043F902467B689A667B681B68082118462B
:10A1E00002F03AF902467B68DA667B681B680C214C
:10A1F000184602F031F902467B681A677B681B68D3
:10A200000421184602F028F903461A0D7B68DA6427
:10A2100007F1100319467868FFF7C6FB0346002BC9
:10A2200002D04FF0805321E07B6819687B681B6D7A
:10A230001B0400221C46154622462B46084602F007
:10A2400017FAF863FB6B002B01D0FB6B0EE07B6809
:10A250001D687B686C4603F1100207CA84E807009A
:10A2600004330ECB284602F05BF800231846403733
:10A27000BD46B0BD80B586B000AF78600023BB603E
:10A2800000237B6100233B617B681B68184602F05A
:10A2900012FAF860FB68002B01D0FB6872E07B6863
:10A2A0001B68184602F025FAF860FB68002B0DD0F9
:10A2B0007B6800229A647B681B68184602F0FBF9F1
:10A2C000F860FB68002B04D0FB685BE07B68012230
:10A2D0009A647B689B6C012B37D17B681B680021DB
:10A2E000184602F025FAF860FB68002B2DD04FF0DD
:10A2F000805347E07B681B680021184602F018FA7B
:10A30000F860FB68002B01D0FB683BE07B681B68B2
:10A310001E49184602F02EFAF860FB68002B02D0A6
:10A320004FF080532EE07B681B680021184602F036
:10A3300093F878617B69DB0F012B01D1012300E0E9
:10A3400000233B61BB680133BB60BB684FF6FE7204
:10A35000934202D83B69002BCCD0BB684FF6FE720B
:10A36000934202D94FF080730CE07B6903F0804385
:10A37000002B03D07B6801225A6402E07B68002234
:10A380005A64002318461837BD4680BD000010C12E
:10A3900080B584B000AF786039603B68002B02D193
:10A3A0004FF0006318E07B681A687B681B6D1B0424
:10A3B0001946104602F0A2FAF860FB68002B01D0A3
:10A3C000FB6809E07B681B680021184602F044F82E
:10A3D00002463B681A60002318461037BD4680BD10
:10A3E00080B586B000AF78600023FB6000233B613E
:10A3F0007B681B680021184602F02EF8034603F024
:10A400000073B3F1007F02D14FF400632FE007F136
:10A410000C031946786800F079F878617B69002BA5
:10A4200001D07B6923E03B6903F48023002B1CD01F
:10A430007B681A687B681B6D1B041946104602F086
:10A4400077F978617B69002B01D07B690FE07B682D
:10A450001B680221184602F0B0F978617B69002B75
:10A4600001D07B6903E0002301E04FF080631846D0
:10A470001837BD4680BD80B586B000AF7860002338
:10A48000FB6000233B617B681B680021184601F0DC
:10A49000E3FF034603F00073B3F1007F02D14FF4F2
:10A4A00000632FE007F10C031946786800F02EF8DE
:10A4B00078617B69002B01D07B6923E03B6903F461
:10A4C0008033002B1CD07B681A687B681B6D1B04D3
:10A4D0001946104602F02CF978617B69002B01D0F7
:10A4E0007B690FE07B681B680021184602F065F964
:10A4F00078617B69002B01D07B6903E0002301E0D8
:10A500004FF0806318461837BD4680BD90B58FB0B8
:10A5100000AF78603960FAF7E9FF386300237B63A6
:10A520000023BB600023FB603B68FB627B681B6809
:10A530000821184601F0CFFFB862BB6A002B01D09A
:10A54000BB6AB9E07B681A687B681B6D1B041946FF
:10A55000104602F0EDF8B862BB6A002B01D0BB6A6E
:10A56000AAE04FF0FF333B6108237B613023BB61DE
:10A570000223FB6100233B6201237B627B681B6833
:10A5800007F110021146184601F079FF7B681B683D
:10A59000184602F034F9B862BB6A002B2AD0BB6AB5
:10A5A0008AE07B681B685B6B03F40013002B0FD001
:10A5B0007B6819687B6B9B0007F10802D41808467A
:10A5C00001F0D9FE034623607B6B01337B6306E019
:10A5D0007B681B685B6B03F40053002B12D0FAF707
:10A5E00085FF02463B6BD31AB3F1FF3F02D14FF018
:10A5F000004361E07B681B685B6B03F02A03002B60
:10A60000CFD000E000BF7B681B685B6B03F00803E2
:10A61000002B06D17B681B685B6B03F40073002B77
:10A6200005D07B681B6808229A63082344E07B6896
:10A630001B685B6B03F00203002B05D07B681B6873
:10A6400002229A63022337E07B681B685B6B03F08E
:10A650002003002B05D07B681B6820229A632023EF
:10A660002AE07B681B6840F23A529A63FB681A063C
:10A67000FB681B0203F47F031A43FB681B0A03F405
:10A680007F431A43FB681B0E1A43FB6A1A60FB6A7E
:10A690000433FB62BB681A06BB681B0203F47F032A
:10A6A0001A43BB681B0A03F47F431A43BB681B0EA3
:10A6B0001A43FB6A1A60002318463C37BD4690BD1A
:10A6C00080B586B000AF78607B689B6AFB607B6872
:10A6D000DB6A3B613B69002B3FD000237B6133E0A9
:10A6E0007B681B68184601F046FEB860BB68DAB2AA
:10A6F000FB681A70FB680133FB603B69013B3B61FF
:10A70000BB681B0ADAB2FB681A70FB680133FB6096
:10A710003B69013B3B61BB681B0CDAB2FB681A70FA
:10A72000FB680133FB603B69013B3B61BB681B0E6F
:10A73000DAB2FB681A70FB680133FB603B69013BCE
:10A740003B617B6901337B617B69072BC8D97B68DF
:10A75000FA689A627B683A69DA6200BF1837BD46C8
:10A7600080BD80B586B000AF78607B681B6AFB60F7
:10A770007B685B6A3B613B69002B43D000237B61B4
:10A7800037E0FB681B78BB60FB680133FB603B690B
:10A79000013B3B61FB681B781A02BB681343BB603B
:10A7A000FB680133FB603B69013B3B61FB681B7845
:10A7B0001A04BB681343BB60FB680133FB603B6951
:10A7C000013B3B61FB681B781A06BB681343BB6007
:10A7D000FB680133FB603B69013B3B617B681B68A5
:10A7E00007F108021146184601F0D2FD7B690133DA
:10A7F0007B617B69072BC4D97B68FA681A627B6826
:10A800003A695A6200BF1837BD4680BD80B582B034
:10A8100000AF78607B68002B01D101237BE07B686F
:10A820005B6A002B08D17B685B68B3F5827F09D037
:10A830007B680022DA6105E07B6800221A617B6890
:10A8400000225A617B6800229A627B6893F851303B
:10A85000DBB2002B06D17B68002283F85020786899
:10A86000FAF7B6F87B68022283F851207B681B68F0
:10A870001A687B681B6822F040021A607B685B687C
:10A8800003F482727B689B6803F404431A437B6879
:10A89000DB6803F400631A437B681B6903F002035F
:10A8A0001A437B685B6903F001031A437B689B6969
:10A8B00003F400731A437B68DB6903F038031A431F
:10A8C0007B681B6A03F0800342EA03017B689B6A92
:10A8D00003F400527B681B680A431A607B689B691B
:10A8E0001B0C03F004017B685B6A03F010027B68B9
:10A8F0001B680A435A607B681B68DA697B681B68BF
:10A9000022F40062DA617B6800225A657B680122CA
:10A9100083F85120002318460837BD4680BD80B516
:10A920008AB000AFF860B9607A607B8001237B62F7
:10A93000FAF7DCFD3862FB6893F85130FB77FB686F
:10A940005B68BB617B88FB82FB7F012B0CD0BB6902
:10A95000B3F5827F06D1FB689B68002B02D1FB7F99
:10A96000042B01D002237FE1BB68002B05D07B685C
:10A97000002B02D07B88002B01D1012374E1FB68FE
:10A9800093F85030012B01D102236DE1FB680122C5
:10A9900083F85020FB6893F85130DBB2042B03D0CE
:10A9A000FB68052283F85120FB6800225A65FB688A
:10A9B0007A689A63FB687A88DA87FB687A889A876C
:10A9C000FB68BA681A63FB687A88DA86FB687A885B
:10A9D0009A86FB6800221A64FB6800225A64FB68AE
:10A9E0001B681B6803F04003402B07D0FB681B6803
:10A9F0001A68FB681B6842F040021A60FB68DB685B
:10AA0000B3F5006F7ED1FB685B68002B02D0FB8A38
:10AA1000012B6CD1FB681B6B1A88FB681B68DA6022
:10AA2000FB681B6B9A1CFB681A63FB68DB8E9BB28E
:10AA3000013B9AB2FB68DA8659E0FB681B689B68A9
:10AA400003F00203022B1BD1FB68DB8E9BB2002BB1
:10AA500016D07B6A012B13D1FB681B6B1A88FB682D
:10AA60001B68DA60FB681B6B9A1CFB681A63FB6847
:10AA7000DB8E9BB2013B9AB2FB68DA8600237B62D5
:10AA8000FB681B689B6803F00103012B19D1FB686D
:10AA9000DB8F9BB2002B14D0FB681B68DA68FB6865
:10AAA0009B6B92B21A80FB689B6B9A1CFB689A6343
:10AAB000FB68DB8F9BB2013B9AB2FB68DA8701230C
:10AAC0007B62FAF713FD02463B6AD31A3A6B9A424D
:10AAD0000DD83B6BB3F1FF3F09D0FB68012283F82F
:10AAE0005120FB68002283F850200323BCE0FB6860
:10AAF000DB8E9BB2002BA0D1FB68DB8F9BB2002BBF
:10AB00009BD182E0FB685B68002B02D0FB8A012BA3
:10AB100071D1FB681A6BFB681B680C3312781A70D2
:10AB2000FB681B6B5A1CFB681A63FB68DB8E9BB2CD
:10AB3000013B9AB2FB68DA865DE0FB681B689B68A4
:10AB400003F00203022B1CD1FB68DB8E9BB2002BAF
:10AB500017D07B6A012B14D1FB681A6BFB681B684A
:10AB60000C3312781A70FB681B6B5A1CFB681A6353
:10AB7000FB68DB8E9BB2013B9AB2FB68DA8600234E
:10AB80007B62FB681B689B6803F00103012B19D1F2
:10AB9000FB68DB8F9BB2002B14D0FB681B68DA6864
:10ABA000FB689B6BD2B21A70FB689B6B5A1CFB68EC
:10ABB0009A63FB68DB8F9BB2013B9AB2FB68DA8732
:10ABC00001237B62FAF792FC02463B6AD31A3A6B86
:10ABD0009A4203D83B6BB3F1FF3F02D13B6B002B92
:10ABE00009D1FB68012283F85120FB68002283F819
:10ABF0005020032338E0FB68DB8E9BB2002B9CD1F6
:10AC0000FB68DB8F9BB2002B97D13A6A396BF868EF
:10AC100000F0B6F80346002B08D0FB6820225A65E6
:10AC2000FB68002283F8502001231DE0FB689B682D
:10AC3000002B0AD100233B61FB681B68DB683B618A
:10AC4000FB681B689B683B613B69FB68012283F8DA
:10AC50005120FB68002283F85020FB685B6D002BBD
:10AC600001D0012300E0002318462837BD4680BDEF
:10AC700080B588B000AFF860B9603B601346FB71E7
:10AC8000FAF734FC0246BB6A9B1A3A681344FB612C
:10AC9000FAF72CFCB861394B1B685B011B0DFA6994
:10ACA00002FB03F37B6155E03B68B3F1FF3F51D0FA
:10ACB000FAF71CFC0246BB69D31AFA699A4202D918
:10ACC000FB69002B3DD1FB681B685A68FB681B6859
:10ACD00022F0E0025A60FB685B68B3F5827F11D115
:10ACE000FB689B68B3F5004F04D0FB689B68B3F525
:10ACF000806F07D1FB681B681A68FB681B6822F02D
:10AD000040021A60FB689B6AB3F5005F0FD1FB68D5
:10AD10001B681A68FB681B6822F400521A60FB6803
:10AD20001B681A68FB681B6842F400521A60FB68D3
:10AD3000012283F85120FB68002283F8502003236E
:10AD400018E07B69002B02D10023FB6102E07B69E4
:10AD5000013B7B61FB681B689A68BB681340BA685B
:10AD60009A420CBF01230023DBB21A46FB799A42B8
:10AD70009AD1002318462037BD4680BD80000020B0
:10AD800080B588B002AFF860B9607A607B680093E4
:10AD9000BB6801220221F868FFF76AFF0346002B17
:10ADA00007D0FB685B6D43F02002FB685A65032304
:10ADB00032E01B4B1B681B4AA2FB03235B0D4FF4C5
:10ADC0007A7202FB03F37B61FB685B68B3F5827FF9
:10ADD00012D17B680093BB6800228021F868FFF7DE
:10ADE00047FF0346002B16D0FB685B6D43F0200243
:10ADF000FB685A6503230FE07B69002B0AD07B694F
:10AE0000013B7B61FB681B689B6803F08003802B20
:10AE1000F2D000E000BF002318461837BD4680BDC1
:10AE200080000020819F5E1680B582B000AF786000
:10AE30007B68002B01D1012341E07B6893F83D3012
:10AE4000DBB2002B06D17B68002283F83C207868B7
:10AE5000FAF7C2F87B68022283F83D207B681A6803
:10AE60007B6804331946104600F0B2FB7B68012270
:10AE700083F846207B68012283F83E207B6801220C
:10AE800083F83F207B68012283F840207B68012201
:10AE900083F841207B68012283F842207B680122ED
:10AEA00083F843207B68012283F844207B680122D9
:10AEB00083F845207B68012283F83D200023184653
:10AEC0000837BD4680BD000080B485B000AF786013
:10AED0007B6893F83D30DBB2012B01D0012346E0C3
:10AEE0007B68022283F83D207B681B68234A9342DB
:10AEF00022D07B681B68B3F1804F1DD07B681B6834
:10AF00001F4A934218D07B681B681E4A934213D095
:10AF10007B681B681C4A93420ED07B681B681B4AE7
:10AF2000934209D07B681B68194A934204D07B681E
:10AF30001B68184A934211D17B681B689B6803F019
:10AF40000703FB60FB68062B10D07B681B681A6840
:10AF50007B681B6842F001021A6007E07B681B688F
:10AF60001A687B681B6842F001021A6000231846C9
:10AF70001437BD465DF8047B704700BF00000140F8
:10AF80000004004000080040000C004000040140A4
:10AF9000004001400018004080B582B000AF7860EA
:10AFA0007B68002B01D1012341E07B6893F83D30A1
:10AFB000DBB2002B06D17B68002283F83C20786846
:10AFC00000F039F87B68022283F83D207B681A681C
:10AFD0007B6804331946104600F0FAFA7B680122B8
:10AFE00083F846207B68012283F83E207B6801229B
:10AFF00083F83F207B68012283F840207B68012290
:10B0000083F841207B68012283F842207B6801227B
:10B0100083F843207B68012283F844207B68012267
:10B0200083F845207B68012283F83D2000231846E1
:10B030000837BD4680BD80B483B000AF786000BFE4
:10B040000C37BD465DF8047B7047000080B584B0C6
:10B0500000AF786039603B68002B09D17B6893F8BA
:10B060003E30DBB2012B14BF01230023DBB222E010
:10B070003B68042B09D17B6893F83F30DBB2012B8E
:10B0800014BF01230023DBB215E03B68082B09D174
:10B090007B6893F84030DBB2012B14BF01230023FF
:10B0A000DBB208E07B6893F84130DBB2012B14BFC0
:10B0B00001230023DBB2002B01D001237CE03B689D
:10B0C000002B04D17B68022283F83E2013E03B680A
:10B0D000042B04D17B68022283F83F200BE03B68FD
:10B0E000082B04D17B68022283F8402003E07B68B0
:10B0F000022283F841207B681B68012239681846C8
:10B1000000F056FD7B681B682D4A934204D07B6893
:10B110001B682C4A934201D1012300E00023002B3D
:10B1200007D07B681B685A6C7B681B6842F400423E
:10B130005A647B681B68224A934222D07B681B6852
:10B14000B3F1804F1DD07B681B681F4A934218D013
:10B150007B681B681D4A934213D07B681B681C4A9E
:10B1600093420ED07B681B68164A934209D07B68D5
:10B170001B68184A934204D07B681B68164A9342A6
:10B1800011D17B681B689B6803F00703FB60FB68B9
:10B19000062B10D07B681B681A687B681B6842F01E
:10B1A00001021A6007E07B681B681A687B681B68ED
:10B1B00042F001021A60002318461037BD4680BDD8
:10B1C000000001400004014000040040000800406D
:10B1D000000C0040004001400018004080B582B0E3
:10B1E00000AF786039607B681B68002239681846B8
:10B1F00000F0DEFC7B681B682E4A934204D07B681B
:10B200001B682D4A934201D1012300E00023002B4B
:10B2100017D07B681B681A6A41F211131340002B88
:10B220000FD17B681B681A6A40F244431340002B1D
:10B2300007D17B681B685A6C7B681B6822F400424C
:10B240005A647B681B681A6A41F211131340002B81
:10B250000FD17B681B681A6A40F244431340002BED
:10B2600007D17B681B681A687B681B6822F00102A3
:10B270001A603B68002B04D17B68012283F83E20D2
:10B2800013E03B68042B04D17B68012283F83F2044
:10B290000BE03B68082B04D17B68012283F8402037
:10B2A00003E07B68012283F8412000231846083719
:10B2B000BD4680BD000001400004014080B586B05D
:10B2C00000AFF860B9607A600023FB75FB6893F803
:10B2D0003C30012B01D10223AEE0FB68012283F850
:10B2E0003C207B680C2B00F29F8001A252F823F0D7
:10B2F00025B3000829B4000829B4000829B40008BF
:10B3000065B3000829B4000829B4000829B400086E
:10B31000A7B3000829B4000829B4000829B400081C
:10B32000E7B30008FB681B68B968184600F0F6F937
:10B33000FB681B689A69FB681B6842F008029A6107
:10B34000FB681B689A69FB681B6822F004029A611B
:10B35000FB681B689969BB681A69FB681B680A432C
:10B360009A6164E0FB681B68B968184600F046FA09
:10B37000FB681B689A69FB681B6842F400629A616B
:10B38000FB681B689A69FB681B6822F480629A61FB
:10B39000FB681B689969BB681B691A02FB681B681C
:10B3A0000A439A6143E0FB681B68B968184600F0DD
:10B3B0009BFAFB681B68DA69FB681B6842F00802AD
:10B3C000DA61FB681B68DA69FB681B6822F004021B
:10B3D000DA61FB681B68D969BB681A69FB681B687E
:10B3E0000A43DA6123E0FB681B68B968184600F07D
:10B3F000EFFAFB681B68DA69FB681B6842F40062BD
:10B40000DA61FB681B68DA69FB681B6822F48062FA
:10B41000DA61FB681B68D969BB681B691A02FB68A3
:10B420001B680A43DA6102E00123FB7500BFFB6879
:10B43000002283F83C20FB7D18461837BD4680BDAE
:10B4400080B584B000AF786039600023FB737B68FF
:10B4500093F83C30012B01D10223B4E07B68012238
:10B4600083F83C207B68022283F83D207B681B68C0
:10B470009B68BB60BB6823F07703BB60BB6823F4A9
:10B480007F43BB607B681B68BA689A603B681B6837
:10B49000B3F5005F3ED0B3F5005F00F28780B3F5EF
:10B4A000805F00F08680B3F5805F7FD8702B1AD064
:10B4B000702B7BD8602B50D0602B77D8502B3CD092
:10B4C000502B73D8402B58D0402B6FD8302B64D0E2
:10B4D000302B6BD8202B60D0202B67D8002B5CD072
:10B4E000102B5AD062E07B6818683B6899683B680B
:10B4F0005A683B68DB6800F03BFB7B681B689B6815
:10B50000BB60BB6843F07703BB607B681B68BA68AD
:10B510009A604FE07B6818683B6899683B685A6896
:10B520003B68DB6800F024FB7B681B689A687B68DB
:10B530001B6842F480429A603CE07B6818683B6874
:10B5400059683B68DB681A4600F098FA7B681B680C
:10B550005021184600F0F1FA2CE07B6818683B682F
:10B5600059683B68DB681A4600F0B7FA7B681B68CD
:10B570006021184600F0E1FA1CE07B6818683B681F
:10B5800059683B68DB681A4600F078FA7B681B68EC
:10B590004021184600F0D1FA0CE07B681A683B683D
:10B5A0001B681946104600F0C8FA03E00123FB733C
:10B5B00000E000BF7B68012283F83D207B68002209
:10B5C00083F83C20FB7B18461037BD4680BD000049
:10B5D00080B485B000AF786039607B681B68FB6021
:10B5E0007B68434A934213D07B68B3F1804F0FD0FE
:10B5F0007B68404A93420BD07B683F4A934207D016
:10B600007B683E4A934203D07B683D4A934208D10F
:10B61000FB6823F07003FB603B685B68FA681343C8
:10B62000FB607B68324A93422BD07B68B3F1804F3A
:10B6300027D07B682F4A934223D07B682E4A9342BF
:10B640001FD07B682D4A93421BD07B682C4A9342C3
:10B6500017D07B682B4A934213D07B682A4A9342C7
:10B660000FD07B68294A93420BD07B68284A9342CB
:10B6700007D07B68274A934203D07B68264A9342CF
:10B6800008D1FB6823F44073FB603B68DB68FA6811
:10B690001343FB60FB6823F080023B685B69134344
:10B6A000FB603B689A687B68DA623B681A687B6873
:10B6B0009A627B680E4A934203D07B68104A934299
:10B6C00003D13B681A697B681A637B681B6843F087
:10B6D00004027B681A607B6801225A617B68FA6801
:10B6E0001A6000BF1437BD465DF8047B704700BF89
:10B6F000000001400004004000080040000C004031
:10B700000004014000400140004401400048014065
:10B7100000180040001C00400020004080B487B0AA
:10B7200000AF786039607B681B6A7B617B681B6A4D
:10B7300023F001027B681A627B685B683B617B686F
:10B740009B69FB60FB6823F07003FB60FB6823F0E0
:10B750000303FB603B681B68FA681343FB607B696B
:10B7600023F002037B613B689B687A6913437B612A
:10B770007B68204A934203D07B681F4A93420CD1D6
:10B780007B6923F008037B613B68DB687A691343BC
:10B790007B617B6923F004037B617B68154A9342DC
:10B7A00003D07B68144A934211D13B6923F4807320
:10B7B0003B613B6923F400733B613B685B693A6919
:10B7C00013433B613B689B693A6913433B617B6868
:10B7D0003A695A607B68FA689A613B685A687B6884
:10B7E0005A637B687A691A6200BF1C37BD465DF8F0
:10B7F000047B7047000001400004014080B487B022
:10B8000000AF786039607B681B6A7B617B681B6A6C
:10B8100023F010027B681A627B685B683B617B687F
:10B820009B69FB60FB6823F4E043FB60FB6823F447
:10B830004073FB603B681B681B02FA681343FB60A4
:10B840007B6923F020037B613B689B681B017A695D
:10B8500013437B617B68224A934203D07B68214A71
:10B8600093420DD17B6923F080037B613B68DB68E9
:10B870001B017A6913437B617B6923F040037B6181
:10B880007B68174A934203D07B68164A934213D1D0
:10B890003B6923F480633B613B6923F400633B61B4
:10B8A0003B685B699B003A6913433B613B689B695A
:10B8B0009B003A6913433B617B683A695A607B6835
:10B8C000FA689A613B685A687B689A637B687A6910
:10B8D0001A6200BF1C37BD465DF8047B704700BF8D
:10B8E000000001400004014080B487B000AF7860E0
:10B8F00039607B681B6A7B617B681B6A23F48072FA
:10B900007B681A627B685B683B617B68DB69FB6014
:10B91000FB6823F07003FB60FB6823F00303FB600C
:10B920003B681B68FA681343FB607B6923F4007370
:10B930007B613B689B681B027A6913437B617B6870
:10B94000214A934203D07B68204A93420DD17B6900
:10B9500023F400637B613B68DB681B027A69134355
:10B960007B617B6923F480637B617B68164A934229
:10B9700003D07B68154A934213D13B6923F480536B
:10B980003B613B6923F400533B613B685B691B01EE
:10B990003A6913433B613B689B691B013A69134356
:10B9A0003B617B683A695A607B68FA68DA613B6898
:10B9B0005A687B68DA637B687A691A6200BF1C3751
:10B9C000BD465DF8047B7047000001400004014063
:10B9D00080B487B000AF786039607B681B6A3B61D8
:10B9E0007B681B6A23F480527B681A627B685B6801
:10B9F0007B617B68DB69FB60FB6823F4E043FB60F1
:10BA0000FB6823F44073FB603B681B681B02FA6809
:10BA10001343FB603B6923F400533B613B689B6825
:10BA20001B033A6913433B617B68124A934203D07C
:10BA30007B68114A934209D17B6923F480437B617F
:10BA40003B685B699B017A6913437B617B687A6918
:10BA50005A607B68FA68DA613B685A687B681A64E6
:10BA60007B683A691A6200BF1C37BD465DF8047BEB
:10BA7000704700BF000001400004014080B487B05F
:10BA800000AFF860B9607A60FB681B6A7B61FB6895
:10BA90001B6A23F00102FB681A62FB689B693B6129
:10BAA0003B6923F0F0033B617B681B013A69134358
:10BAB0003B617B6923F00A037B617A69BB681343AE
:10BAC0007B61FB683A699A61FB687A691A6200BF18
:10BAD0001C37BD465DF8047B704780B487B000AF6B
:10BAE000F860B9607A60FB681B6A7B61FB681B6A5F
:10BAF00023F01002FB681A62FB689B693B613B699B
:10BB000023F470433B617B681B033A6913433B6139
:10BB10007B6923F0A0037B61BB681B017A69134337
:10BB20007B61FB683A699A61FB687A691A6200BFB7
:10BB30001C37BD465DF8047B704780B485B000AF0C
:10BB4000786039607B689B68FB60FB6823F070035A
:10BB5000FB603A68FB68134343F00703FB607B68B4
:10BB6000FA689A6000BF1437BD465DF8047B7047E1
:10BB700080B487B000AFF860B9607A603B60FB6862
:10BB80009B687B617B6923F47F437B613B681A027E
:10BB90007B681A43BB6813437A6913437B61FB6874
:10BBA0007A699A6000BF1C37BD465DF8047B704718
:10BBB00080B487B000AFF860B9607A60BB6803F00A
:10BBC0001F03012202FA03F37B61FB681A6A7B6997
:10BBD000DB431A40FB681A62FB681A6ABB6803F011
:10BBE0001F03796801FA03F31A43FB681A6200BF66
:10BBF0001C37BD465DF8047B7047000080B485B0FB
:10BC000000AF786039607B6893F83C30012B01D13C
:10BC100002235AE07B68012283F83C207B680222E1
:10BC200083F83D207B681B685B68FB607B681B6852
:10BC30009B68BB60FB6823F07003FB603B681B687C
:10BC4000FA681343FB607B681B68FA685A607B687C
:10BC50001B68214A934222D07B681B68B3F1804F56
:10BC60001DD07B681B681D4A934218D07B681B68F7
:10BC70001B4A934213D07B681B681A4A93420ED02A
:10BC80007B681B68184A934209D07B681B68174A77
:10BC9000934204D07B681B68154A93420CD1BB6861
:10BCA00023F08003BB603B685B68BA681343BB60EA
:10BCB0007B681B68BA689A607B68012283F83D2024
:10BCC0007B68002283F83C20002318461437BD46C9
:10BCD0005DF8047B704700BF000001400004004095
:10BCE00000080040000C00400004014000400140FA
:10BCF0000018004080B485B000AF78603960002340
:10BD0000FB607B6893F83C30012B01D102233DE0BE
:10BD10007B68012283F83C20FB6823F0FF023B682C
:10BD2000DB681343FB60FB6823F440723B689B684D
:10BD30001343FB60FB6823F480623B685B6813433A
:10BD4000FB60FB6823F400623B681B681343FB60E5
:10BD5000FB6823F480523B681B691343FB60FB685C
:10BD600023F400523B685B691343FB60FB6823F4D8
:10BD700080423B68DB691343FB607B681B68FA68A1
:10BD80005A647B68002283F83C200023184614374D
:10BD9000BD465DF8047B704780B582B000AF786027
:10BDA0007B68002B01D1012342E07B6893F841308E
:10BDB000DBB2002B06D17B68002283F84020786834
:10BDC000F9F70AFA7B68242283F841207B681B6814
:10BDD000DA687B681B6822F40052DA60786800F049
:10BDE0002BF87B681B681A697B681B6822F49042F9
:10BDF0001A617B681B685A697B681B6822F02A02FB
:10BE00005A617B681B68DA687B681B6842F40052E1
:10BE1000DA607B6800225A647B68202283F8412024
:10BE20007B68202283F842207B6800225A6300232B
:10BE300018460837BD4680BD2DE9B04FC0B000AFF1
:10BE4000C7F8F400D7F8F4301B681B6923F440509E
:10BE5000D7F8F430D968D7F8F4301A6840EA01030B
:10BE60001361D7F8F4309A68D7F8F4301B691A4395
:10BE7000D7F8F4305B691A43D7F8F430DB69134321
:10BE8000C7F8F830D7F8F4301B68DB6823F41641A4
:10BE900021F00C01D7F8F4301A68D7F8F8300B43CA
:10BEA000D360D7F8F4301B685B6923F44070D7F88F
:10BEB000F4309969D7F8F4301A6840EA0103536105
:10BEC000D7F8F4301A688F4B9A4205D0D7F8F4307F
:10BED0001A688D4B9A4204D1FDF752F9C7F8FC005D
:10BEE00003E0FDF739F9C7F8FC00D7F8F430DB6957
:10BEF000B3F5004F40F00C81D7F8FC300022C7F8B2
:10BF0000E830C7F8EC20D7E93A4522462B4691188D
:10BF1000B9655B41FB65D7E91623214612EB0108A1
:10BF2000294643EB01094FF000024FF000034FEAAE
:10BF3000C90343EA58734FEAC8029046994623461C
:10BF400018EB0303C7F8E0302B4649EB0303C7F8AF
:10BF5000E430D7F8F4305B680022C7F8D830C7F86F
:10BF6000DC20D7E936120B46DB183B65134642EB63
:10BF700003037B65D7E91423D7E93801F4F784FE7E
:10BF800002460B46614BA3FB02235B091C01D7F859
:10BF9000FC300022C7F8D030C7F8D420D7E9348964
:10BFA00042464B469118B9645B41FB64D7E91223C2
:10BFB000414612EB010A494643EB010B4FF00002E8
:10BFC0004FF000034FEACB0343EA5A734FEACA0229
:10BFD00092469B4643461AEB0303C7F8C8304B46CC
:10BFE0004BEB0303C7F8CC30D7F8F4305B68002282
:10BFF000C7F8C030C7F8C420D7E930120B46DB18A9
:10C000003B64134642EB03037B64D7E91023D7E973
:10C010003201F4F739FE02460B4611463B4BA3FBB7
:10C0200001235B09642202FB03F3CB1ADB0003F15B
:10C030003202364BA3FB02235B095B0003F4F87367
:10C040001C44D7F8FC300022C7F8B830C7F8BC2031
:10C05000D7E92E8942464B469118B9635B41FB6391
:10C06000D7E90E2341465118396349464B417B635A
:10C070004FF000024FF00003D7E90CAB5946CB005C
:10C08000514643EA51735146CA00104619460346C9
:10C0900042469B18C7F8B0304B460A4642EB0303B2
:10C0A000C7F8B430D7F8F4305B680022C7F8A8307E
:10C0B000C7F8AC20D7E92A120B46DB18BB6213463F
:10C0C00042EB0303FB62D7E90A23D7E92C01F4F71B
:10C0D000DBFD02460B460D4BA3FB02135B096421FB
:10C0E00001FB03F3D31ADB003233084AA2FB03231C
:10C0F0005B0903F00702D7F8F4301B6822449A600A
:10C1000006E100BF00100140001401401F85EB5103
:10C11000D7F8FC300022C7F8A030C7F8A420D7E930
:10C12000288942464B46911839625B417B62D7E9C8
:10C13000082341465418494643EB01054FF00002DD
:10C140004FF00003EB0043EA5473E20014461D462F
:10C150004346E318C7F898304B4645EB0303C7F84E
:10C160009C30D7F8F4305B680022C7F89030C7F8ED
:10C1700094204FF000024FF00003D7E924452946F0
:10C180008B00214643EA917321468A00D7E92601B4
:10C19000F4F77AFD02460B46604BA3FB02235B09D2
:10C1A0001C01D7F8FC300022C7F88830C7F88C2073
:10C1B000D7E9228942464B469118B9615B41FB6140
:10C1C000D7E9062341465118396149464B417B6105
:10C1D0004FF000024FF00003D7E904AB5946CB0003
:10C1E000514643EA51735146CA0010461946034668
:10C1F00042469B18C7F880304B460A4642EB030381
:10C20000C7F88430D7F8F4305B680022BB67FA6760
:10C210004FF000024FF00003D7E91E8949468B001A
:10C22000414643EA917341468A00D7E92001F4F779
:10C230002BFD02460B461146384BA3FB01235B093D
:10C24000642202FB03F3CB1A1B013233334AA2FBF5
:10C2500003235B0903F0F0031C44D7F8FC300022F1
:10C260003B677A67D7E91C8942464B469118B9600B
:10C270005B41FB60D7E902234146511839604946CA
:10C280004B417B604FF000024FF00003D7E900AB59
:10C290005946CB00514643EA51735146CA001046F5
:10C2A0001946034642469B18BB664B460A4642EB7C
:10C2B0000303FB66D7F8F4305B6800223B667A66BE
:10C2C0004FF000024FF00003D7E9188949468B0070
:10C2D000414643EA917341468A00D7E91A01F4F7CF
:10C2E000D3FC02460B460D4BA3FB02135B096421F2
:10C2F00001FB03F3D31A1B013233084AA2FB0323C9
:10C300005B0903F00F02D7F8F4301B6822449A60EF
:10C3100000BF07F58077BD46BDE8B08F1F85EB51A4
:10C3200084B080B485B000AF786007F11C0080E86D
:10C330000E000023FB60FA693B6A1A437B6A1A43CA
:10C34000BB6A1A43FB6A1A433B6B1343FA681343F5
:10C35000FB607B685B6823F4FD4323F07F03FA688E
:10C360001A437B685A60002318461437BD465DF8AF
:10C37000047B04B0704780B483B000AF78607B6802
:10C38000D3F8803018460C37BD465DF8047B704703
:10C3900080B483B000AF786039603B681A687B680E
:10C3A000C3F88020002318460C37BD465DF8047B97
:10C3B000704780B483B000AF78607B6803221A6056
:10C3C000002318460C37BD465DF8047B704780B4E7
:10C3D00083B000AF78607B681B6803F003031846E6
:10C3E0000C37BD465DF8047B704780B485B000AF64
:10C3F000786039600023FB603B681A687B689A604C
:10C400003B685A683B689B681A433B68DB681A4381
:10C410003B681B691343FA681343FB607B68DB6866
:10C4200023F47F6323F00F03FA681A437B68DA6012
:10C43000002318461437BD465DF8047B704780B46E
:10C4400083B000AF78607B681B69DBB218460C379D
:10C45000BD465DF8047B704780B485B000AF78605E
:10C4600039607B6814331A463B681344FB60FB68F1
:10C470001B6818461437BD465DF8047B704780B4CE
:10C4800085B000AF786039600023FB603B681A68B4
:10C490007B685A623B685A687B689A623B689A6814
:10C4A0003B68DB681A433B681B691A433B685B695E
:10C4B0001343FA681343FB607B68DB6A23F0F702DF
:10C4C000FB681A437B68DA62002318461437BD46BE
:10C4D0005DF8047B704780B588B000AF7860396044
:10C4E0003B68BB601023FB6040233B6100237B6102
:10C4F0004FF48063BB6107F1080319467868FFF7C2
:10C5000074FF41F288321021786800F019FAF8615E
:10C51000FB6918462037BD4680BD80B588B000AFA6
:10C52000786039603B68BB601123FB6040233B614E
:10C5300000237B614FF48063BB6107F10803194658
:10C540007868FFF752FF41F288321121786800F0D5
:10C55000F7F9F861FB6918462037BD4680BD80B504
:10C5600088B000AF786039603B68BB601223FB6025
:10C5700040233B6100237B614FF48063BB6107F183
:10C58000080319467868FFF730FF41F2883212211C
:10C59000786800F0D5F9F861FB6918462037BD4688
:10C5A00080BD80B588B000AF786039603B68BB6003
:10C5B0001823FB6040233B6100237B614FF48063C1
:10C5C000BB6107F1080319467868FFF70EFF41F2D7
:10C5D00088321821786800F0B3F9F861FB691846D1
:10C5E0002037BD4680BD80B588B000AF7860396027
:10C5F0003B68BB601923FB6040233B6100237B61E8
:10C600004FF48063BB6107F1080319467868FFF7B0
:10C61000ECFE41F288321921786800F091F9F86156
:10C62000FB6918462037BD4680BD000080B588B044
:10C6300000AF78600023BB600C23FB6040233B61AC
:10C6400000237B614FF48063BB6107F10803194647
:10C650007868FFF7CAFE054A0C21786800F070F987
:10C66000F861FB6918462037BD4680BD00E1F5053D
:10C6700080B58AB000AFF860C7E900233B683B6132
:10C6800007237B614023BB610023FB614FF4806380
:10C690003B6207F110031946F868FFF7A6FE41F266
:10C6A00088320721F86800F04BF978627B6A1846F7
:10C6B0002837BD4680BD80B588B000AF78600023C4
:10C6C000BB600023FB6000233B6100237B614FF4D0
:10C6D0008063BB6107F1080319467868FFF785FEA0
:10C6E000786800F065FBF861FB6918462037BD46A5
:10C6F00080BD80B588B000AF78604FF4D573BB6063
:10C700000823FB6040233B6100237B614FF480637F
:10C71000BB6107F1080319467868FFF766FE786881
:10C7200000F0F8FAF861FB6918462037BD4680BD75
:10C7300080B588B000AF786039603B68BB60372354
:10C74000FB6040233B6100237B614FF48063BB614E
:10C7500007F1080319467868FFF747FE41F288326F
:10C760003721786800F0ECF8F861FB69184620374B
:10C77000BD4680BD80B588B000AF786039603B6849
:10C7800043F0004343F48013BB602923FB60402344
:10C790003B6100237B614FF48063BB6107F10803B9
:10C7A00019467868FFF721FE786800F0FFF9F86114
:10C7B000FB6918462037BD4680BD80B588B000AF04
:10C7C000786039603B68BB600623FB6040233B61B7
:10C7D00000237B614FF48063BB6107F108031946B6
:10C7E0007868FFF702FE41F288320621786800F08F
:10C7F000A7F8F861FB6918462037BD4680BD80B5B3
:10C8000088B000AF78600023BB603323FB60402317
:10C810003B6100237B614FF48063BB6107F1080338
:10C8200019467868FFF7E1FD41F2883233217868D4
:10C8300000F086F8F861FB6918462037BD4680BDD8
:10C8400080B588B000AF78600023BB600223FB6036
:10C85000C0233B6100237B614FF48063BB6107F120
:10C86000080319467868FFF7C0FD786800F056F9AC
:10C87000F861FB6918462037BD4680BD80B588B099
:10C8800000AF786039603B68BB600923FB60C02360
:10C890003B6100237B614FF48063BB6107F10803B8
:10C8A00019467868FFF7A1FD786800F037F9F8615C
:10C8B000FB6918462037BD4680BD80B588B000AF03
:10C8C000786039600023BB600323FB6040233B6139
:10C8D00000237B614FF48063BB6107F108031946B5
:10C8E0007868FFF782FD3A680321786800F09CF9C8
:10C8F000F861FB6918462037BD4680BD80B588B019
:10C9000000AF786039603B68BB600D23FB6040235B
:10C910003B6100237B614FF48063BB6107F1080337
:10C9200019467868FFF761FD41F288320D21786879
:10C9300000F006F8F861FB6918462037BD4680BD57
:10C9400080B588B000AFF8600B467A60FB72704B20
:10C950001B68704AA2FB03235A0A7B6802FB03F39D
:10C96000FB61FB695A1EFA61002B02D14FF00043B4
:10C97000C9E0FB685B6BBB61BB6903F04503002B3F
:10C98000EFD0BB6903F40063002BEAD1FB685B6B5B
:10C9900003F00403002B04D0FB6804229A630423F1
:10C9A000B1E0FB685B6B03F00103002B04D0FB6874
:10C9B00001229A630123A6E0FB68C5229A63F86806
:10C9C000FFF73DFD03461A46FB7A934201D001234F
:10C9D00099E00021F868FFF73FFD78617A694E4BD6
:10C9E0001340002B01D100238DE07B69002B02DA7C
:10C9F0004FF0007387E07B6903F08043002B01D088
:10CA0000402380E07B6903F00053002B01D080239A
:10CA100079E07B6903F08053002B02D04FF48073E0
:10CA200071E07B6903F00063002B02D04FF40073C8
:10CA300069E07B6903F08063002B02D04FF48063D0
:10CA400061E07B6903F08073002B02D04FF4006338
:10CA500059E07B6903F40003002B02D04FF48053AC
:10CA600051E07B6903F48003002B02D04FF40053A4
:10CA700049E07B6903F40013002B02D04FF480439C
:10CA800041E07B6903F48013002B02D04FF4004394
:10CA900039E07B6903F48023002B02D04FF400338C
:10CAA00031E07B6903F40033002B02D04FF4802384
:10CAB00029E07B6903F48033002B02D04FF400237C
:10CAC00021E07B6903F40043002B02D04FF4801374
:10CAD00019E07B6903F48043002B02D04FF400136C
:10CAE00011E07B6903F40053002B02D04FF4800364
:10CAF00009E07B6903F00803002B02D04FF4000328
:10CB000001E04FF4803318462037BD4680BD00BF9A
:10CB100080000020D34D621008E0FFFD80B485B096
:10CB200000AF78601F4B1B681F4AA2FB03235B0A00
:10CB300041F2883202FB03F3FB60FB685A1EFA6085
:10CB4000002B02D14FF0004326E07B685B6BBB609B
:10CB5000BB6803F04503002BEFD0BB6803F4006310
:10CB6000002BEAD17B685B6B03F00403002B04D03D
:10CB70007B6804229A6304230EE07B685B6B03F0FE
:10CB80000103002B04D07B6801229A63012303E098
:10CB90007B68C5229A63002318461437BD465DF8AA
:10CBA000047B704780000020D34D621080B485B0B4
:10CBB00000AF78601A4B1B681A4AA2FB03235B0A7A
:10CBC00041F2883202FB03F3FB60FB685A1EFA60F5
:10CBD000002B02D14FF000431BE07B685B6BBB6016
:10CBE000BB6803F04503002BEFD0BB6803F4006380
:10CBF000002BEAD17B685B6B03F00403002B04D0AD
:10CC00007B6804229A63042303E07B68C5229A634D
:10CC1000002318461437BD465DF8047B704700BFFB
:10CC200080000020D34D621080B588B000AFF8605E
:10CC30000B467A60FB72354B1B68354AA2FB032317
:10CC40005B0A41F2883202FB03F3FB61FB695A1E67
:10CC5000FA61002B02D14FF0004352E0FB685B6B9E
:10CC6000BB61BB6903F04503002BEFD0BB6903F444
:10CC70000063002BEAD1FB685B6B03F00403002B1D
:10CC800004D0FB6804229A6304233AE0FB685B6BE0
:10CC900003F00103002B04D0FB6801229A630123F7
:10CCA0002FE0F868FFF7CBFB03461A46FB7A934266
:10CCB00001D0012325E0FB68C5229A630021F868B2
:10CCC000FFF7CAFB78617B6903F46043002B06D150
:10CCD0007B691B0C9AB27B681A80002311E07B6988
:10CCE00003F48043002B02D04FF4005309E07B692A
:10CCF00003F40043002B02D04FF4805301E04FF4C3
:10CD0000803318462037BD4680BD00BF800000201C
:10CD1000D34D621080B485B000AF7860224B1B68A1
:10CD2000224AA2FB03235B0A41F2883202FB03F38F
:10CD3000FB60FB685A1EFA60002B02D14FF00043E3
:10CD40002CE07B685B6BBB60BB6803F04503002B8A
:10CD5000EFD0BB6803F40063002BEAD17B685B6B08
:10CD600003F00403002B04D07B6804229A6304239D
:10CD700014E07B685B6B03F00103002B04D07B683D
:10CD800001229A63012309E07B685B6B03F0400397
:10CD9000002B02D07B6840229A6300231846143788
:10CDA000BD465DF8047B704780000020D34D6210C3
:10CDB00080B485B000AF7860114B1B68114AA2FBAC
:10CDC00003235B0A41F2883202FB03F3FB60FB683A
:10CDD0005A1EFA60002B02D14FF0004309E07B6835
:10CDE0005B6B03F08003002BF1D07B68C5229A6354
:10CDF000002318461437BD465DF8047B704700BF1A
:10CE000080000020D34D621084B080B584B000AFA4
:10CE1000786007F11C0080E80E0097F82130012BA4
:10CE200023D17B689B6B23F480327B689A637B6899
:10CE3000DB6823F4840323F040037A68D3607B68C3
:10CE4000DB6823F440127B68DA6097F82830012B06
:10CE500005D17B68DB6843F480127B68DA60786810
:10CE600000F001F90346FB731BE07B68DB6843F0CD
:10CE700040027B68DA60786800F0F5F80346FB73DF
:10CE800097F82530002B06D17B689B6B43F48032EA
:10CE90007B689A6305E07B689B6B23F480327B6838
:10CEA0009A63BB7F012B0BD17B689B6843F0060222
:10CEB0007B689A607B689B6843F020027B689A607D
:10CEC000FB7B18461037BD46BDE8804004B0704774
:10CED00080B483B000AF78607B689B6823F0010268
:10CEE0007B689A60002318460C37BD465DF8047BCA
:10CEF000704780B584B000AF78600B46FB700023AC
:10CF0000FB607B68DB6823F0C0427B68DA60FB78FB
:10CF1000012B15D17B68DB6843F000527B68DA6037
:10CF20000A20F8F7EFFAFB680A33FB60786800F034
:10CF30008CF80346012B1ED0FB68C72BF0D91AE0F2
:10CF4000FB78002B15D17B68DB6843F080427B685F
:10CF5000DA600A20F8F7D6FAFB680A33FB607868D3
:10CF600000F073F80346002B05D0FB68C72BF0D9FF
:10CF700001E0012305E0FB68C82B01D1012300E09B
:10CF8000002318461037BD4680BD80B485B000AF81
:10CF9000786039600023FB60FB680133FB60FB684D
:10CFA000B3F1706F01D903231BE07B681B69002B71
:10CFB000F2DA0023FB603B689B0143F020027B68B0
:10CFC0001A61FB680133FB60FB68B3F1706F01D934
:10CFD000032306E07B681B6903F02003202BF0D0BD
:10CFE000002318461437BD465DF8047B704780B4B3
:10CFF00085B000AF78600023FB60FB680133FB6005
:10D00000FB68B3F1706F01D9032318E07B681B69DB
:10D01000002BF2DA0023FB607B6810221A61FB68A8
:10D020000133FB60FB68B3F1706F01D9032306E0A5
:10D030007B681B6903F01003102BF0D00023184607
:10D040001437BD465DF8047B704780B483B000AFF1
:10D0500078607B685B6903F0010318460C37BD46B6
:10D060005DF8047B704780B485B000AF7860002322
:10D07000FB60FB680133FB60FB68B3F1706F01D9A3
:10D08000032322E07B681B69002BF2DA0A23FB6092
:10D0900002E0FB68013BFB60FB68002BF9D17B6879
:10D0A0001B6943F001027B681A61FB680133FB6076
:10D0B000FB68B3F1706F01D9032306E07B681B693D
:10D0C00003F00103012BF0D0002318461437BD46AE
:10D0D0005DF8047B7047000084B080B586B000AF77
:10D0E000786007F1240080E80E000023FB757B6860
:10D0F000FB60FB6803F560631A46002313607B68DE
:10D100009B6B43F400127B689A637B689B6B23F4F0
:10D1100000227B689A637B689B6B23F480227B6888
:10D120009A637B68DB6803F04003002B19D197F802
:10D130002730012B0AD1FB6803F580631B68FA686E
:10D1400002F5806243F00403136014E0FB6803F50A
:10D1500080631B68FA6802F5806223F004031360A1
:10D1600009E0FB6803F580631B68FA6802F58062DA
:10D1700023F00403136010217868FFF706FF0346CD
:10D18000002B01D00123FB757868FFF730FF0346C1
:10D19000002B01D00123FB7500233B6115E03B69A7
:10D1A0005A01FB68134403F5A0631A464FF0FF339E
:10D1B00093603B695A01FB68134403F5A0631A4668
:10D1C0000023D3603B6901333B6197F825301A4651
:10D1D0003B699342E3D37B6800229A617B684FF0FE
:10D1E000FF325A617B68184A93420BD17B684FF437
:10D1F00000725A627B68154A9A627B68144AC3F8C7
:10D20000002109E07B6880225A627B68114A9A6299
:10D210007B68114AC3F8002197F82630002B05D10E
:10D220007B689B6943F010027B689A617B689A690E
:10D230000A4B13437A689361FB7D18461837BD4645
:10D24000BDE8804004B070470000044000020001C7
:10D250000003E00080006000E0004000080020A320
:10D2600080B500AF0449054803F0D6FE03461A46D0
:10D27000034B1A7000BF80BD785000207C5D010810
:10D280007450002080B400AF00231846BD465DF8FE
:10D29000047B704780B582B000AF0023FB7100F0C3
:10D2A00096F80346012B01D0012312E00B48FBF74F
:10D2B0007BFF0346FB71FB79002B09D14FF4006122
:10D2C0000648FCF741FD0346002B01D00123FB710A
:10D2D000FB7918460837BD4680BD00BF884900204D
:10D2E00080B586B000AFF860B9607A600023FB7546
:10D2F0007B68BA68F9680648FBF7FEFF0346002B17
:10D3000001D00123FB75FB7D18461837BD4680BD53
:10D310008849002080B586B000AFF860B9607A60B7
:10D320000023FB757B68BA68F9680648FCF7C6F805
:10D330000346002B01D00123FB75FB7D18461837EF
:10D34000BD4680BD8849002080B500AF0548FCF788
:10D3500095FD0346042B14BF01230023DBB21846BE
:10D3600080BD00BF8849002080B582B000AF7860E2
:10D3700079680348FCF7BCFC00BF0837BD4680BD98
:10D380008849002080B582B000AF786000F018F8BE
:10D3900000BF0837BD4680BD80B582B000AF786061
:10D3A00000F08CF900BF0837BD4680BD80B582B063
:10D3B00000AF786000F08EF900BF0837BD4680BD31
:10D3C00080B400AF00BFBD465DF8047B704780B4F9
:10D3D00083B000AF0123FB71FB79DBB218460C3739
:10D3E000BD465DF8047B704780B584B000AF7860BF
:10D3F000F8F77CF8F86006E0FFF7A6FF0346002B7D
:10D4000001D1002309E0F8F771F80246FB68D31A4E
:10D410007A689A42F0D84FF0FF3318461037BD466D
:10D4200080BD000080B582B000AF0346FB710B4B9E
:10D4300001221A70FFF788FF0346002B07D1074B24
:10D440001B78DBB223F00103DAB2044B1A70034BF2
:10D450001B78DBB218460837BD4680BD8900002026
:10D4600080B582B000AF0346FB71FFF713FF0346A0
:10D47000002B07D1FB791846FFF7D4FF03461A4665
:10D48000044B1A70034B1B78DBB218460837BD46B5
:10D4900080BD00BF8900002080B582B000AF034688
:10D4A000FB71FB791846FFF7BDFF034618460837A6
:10D4B000BD4680BD80B586B000AFB9607A603B6084
:10D4C0000346FB730123FB7547F23050FFF78CFFD7
:10D4D0000346002B01DAFB7D3BE03A687968B868C7
:10D4E000FFF7FEFE0346002B32D11C4B00221A60D0
:10D4F000F7F7FCFF386100BF184B1B68002B08D101
:10D50000F7F7F4FF02463B69D31A47F22F529342D2
:10D51000F2D9124B1B68002B02D10123FB7517E0D7
:10D520000E4B00221A60F7F7E1FF386107E0FFF7C2
:10D530000BFF0346002B02D10023FB7508E0F7F731
:10D54000D5FF02463B69D31A47F22F529342EED9D8
:10D55000FB7D18461837BD4680BD00BFB452002081
:10D5600080B586B000AFB9607A603B600346FB735C
:10D570000123FB75244B00221A6047F23050FFF75D
:10D5800033FF0346002B01DAFB7D38E03A68796807
:10D59000B868FFF7BFFE0346002B2FD1F7F7A6FFB1
:10D5A000386100BF184B1B68002B08D1F7F79EFFAE
:10D5B00002463B69D31A47F22F529342F2D9124BDB
:10D5C0001B68002B02D10123FB7517E00E4B0022D4
:10D5D0001A60F7F78BFF386107E0FFF7B5FE0346E7
:10D5E000002B02D10023FB7508E0F7F77FFF02460E
:10D5F0003B69D31A47F22F529342EED9FB7D18466E
:10D600001837BD4680BD00BFB052002080B58CB039
:10D6100000AF03463A60FB710B46BB71012387F8EC
:10D620002F30254B1B78DBB203F00103002B01D018
:10D6300003233CE0BB79032B34D801A252F823F03A
:10D6400051D6000859D6000871D600088BD60008BC
:10D65000002387F82F3028E007F10C031846FFF766
:10D6600083FE7A6A3B681A60002387F82F301CE03B
:10D6700007F10C031846FFF777FEBB6A9AB23B68C6
:10D680001A80002387F82F300FE007F10C031846AB
:10D69000FFF76AFEBB6A5A0A3B681A60002387F8E4
:10D6A0002F3002E0042387F82F3097F82F301846E8
:10D6B0003037BD4680BD00BF8900002080B400AF78
:10D6C000034B01221A6000BFBD465DF8047B704722
:10D6D000B052002080B400AF034B01221A6000BF9B
:10D6E000BD465DF8047B7047B452002080B584B01D
:10D6F00000AF0346FB71FB79084A9B0013445B684B
:10D700005B68FA7905490A44127A1046984703463D
:10D71000FB73FB7B18461037BD4680BDE0540020EC
:10D7200080B584B000AF0346FB710023FB73FB7927
:10D730000E4AD35C002B14D1FB790C4A9B00134496
:10D740005B681B68FA7909490A44127A10469847BF
:10D750000346FB73FB7B002B03D1FB79034A0121BA
:10D76000D154FB7B18461037BD4680BDE0540020E5
:10D7700090B587B000AFB9607A603B600346FB7339
:10D78000FB7B0A4A9B0013445B689C68FB7B074A4F
:10D790001344187A3B687A68B968A0470346FB755A
:10D7A000FB7D18461C37BD4690BD00BFE0540020ED
:10D7B00090B587B000AFB9607A603B600346FB73F9
:10D7C000FB7B0A4A9B0013445B68DC68FB7B074ACF
:10D7D0001344187A3B687A68B968A0470346FB751A
:10D7E000FB7D18461C37BD4690BD00BFE0540020AD
:10D7F00080B584B000AF03463A60FB710B46BB7145
:10D80000FB79094A9B0013445B681B69FA79064956
:10D810000A44107AB9793A6898470346FB73FB7B50
:10D8200018461037BD4680BDE054002080B485B056
:10D8300000AF78607B6801331B78FB81B7F90E304D
:10D840001B021AB27B681B781BB213431BB2FB810D
:10D85000FB8918461437BD465DF8047B704780B4D9
:10D8600085B000AF78607B6803331B78FB60FB6892
:10D870001B027A68023212781343FB60FB681B02BA
:10D880007A68013212781343FB60FB681B027A68E6
:10D8900012781343FB60FB6818461437BD465DF8E9
:10D8A000047B704780B483B000AF78600B467B8008
:10D8B0007B685A1C7A607A88D2B21A707B881B0AFD
:10D8C0007B807B685A1C7A607A88D2B21A7000BF5B
:10D8D0000C37BD465DF8047B704780B483B000AF61
:10D8E000786039607B685A1C7A603A68D2B21A70E4
:10D8F0003B681B0A3B607B685A1C7A603A68D2B26C
:10D900001A703B681B0A3B607B685A1C7A603A6855
:10D91000D2B21A703B681B0A3B607B685A1C7A6063
:10D920003A68D2B21A7000BF0C37BD465DF8047B6E
:10D93000704780B487B000AFF860B9607A60FB6868
:10D940007B61BB683B617B68002B0DD03A69531C3F
:10D950003B617B69591C796112781A707B68013BC5
:10D960007B607B68002BF1D100BF1C37BD465DF8A2
:10D97000047B704780B487B000AFF860B9607A600C
:10D98000FB687B617B695A1C7A61BA68D2B21A70F3
:10D990007B68013B7B607B68002BF3D100BF00BF3D
:10D9A0001C37BD465DF8047B704780B489B000AF7A
:10D9B000F860B9607A60FB68FB61BB68BB610023FB
:10D9C0007B61FB695A1CFA611B781946BB695A1CBA
:10D9D000BA611B78CB1A7B617B68013B7B607B68FB
:10D9E000002B02D07B69002BEBD07B6918462437D3
:10D9F000BD465DF8047B704780B483B000AF7860AB
:10DA0000396002E07B6801337B607B681B78002B08
:10DA100005D07B681B781A463B689342F2D17B683D
:10DA20001B7818460C37BD465DF8047B7047000034
:10DA300080B485B000AF786039600023BB60BB68FC
:10DA4000FB6029E0274AFB681B0113441B68002B7D
:10DA50001DD0244AFB681B0113441A687B681B68AD
:10DA60009A4216D11F4AFB681B01134404331A68FB
:10DA70007B689B689A420CD11A4AFB681B011344CD
:10DA800008331A687B685B699A4202D107E0012378
:10DA9000BB60FB680133FB60FB68012BD2D9FB68DC
:10DAA000022B09D1BB68002B02D13B68022B01D1AC
:10DAB000002310E012230EE03B68002B08D1094A36
:10DAC000FB681B0113440C331B88B3F5807F01D125
:10DAD000102300E0002318461437BD465DF8047B90
:10DAE000704700BFC052002080B483B000AF002355
:10DAF0007B6002E07B6801337B607B68012B06D88A
:10DB0000094A7B681B0113441B68002BF2D17B6818
:10DB1000022B14BF01230023DBB218460C37BD468D
:10DB20005DF8047B704700BFC052002080B485B010
:10DB300000AF786039600023FB601FE0414AFB685A
:10DB40001B0113441A687B681B689A4213D13D4A33
:10DB5000FB681B01134404331A687B689B689A4274
:10DB600009D1384AFB681B01134408331A687B68E3
:10DB70005B699A4206D0FB680133FB60FB68012BAE
:10DB8000DCD900E000BFFB68022B32D10023FB6030
:10DB900002E0FB680133FB60FB68012B06D8294AD1
:10DBA000FB681B0113441B68002BF2D1FB68022B9E
:10DBB00001D1002340E07B681A682249FB681B0101
:10DBC0000B441A607B689A681E49FB681B010B4472
:10DBD00004331A607B685A691A49FB681B010B44BD
:10DBE00008331A60174AFB681B0113440C330022E8
:10DBF0001A803B68002B09D0124AFB681B011344B2
:10DC00000C331B88002B01D0002315E03B68002B50
:10DC100008D10C4AFB681B0113440C331B880133E9
:10DC20009AB201E04FF480720649FB681B010B4475
:10DC30000C331A80FB68013318461437BD465DF873
:10DC4000047B7047C052002080B485B000AF78607C
:10DC50007B68013B7B607B68012B25D8174A7B687A
:10DC60001B0113440C331B88FB81FB89B3F5807FB8
:10DC700001D10023FB81FB89002B02D0FB89013BF2
:10DC8000FB810E4A7B681B0113440C33FA891A800E
:10DC9000FB89002B05D1094A7B681B011344002234
:10DCA0001A6000237B7301E002237B737B7B1846A1
:10DCB0001437BD465DF8047B704700BFC05200209A
:10DCC00080B485B000AF78600023FB6010E00D4A9F
:10DCD000FB681B0113441B687A689A4205D1094A04
:10DCE000FB681B01134400221A60FB680133FB60D0
:10DCF000FB68012BEBD900BF00BF1437BD465DF8B0
:10DD0000047B7047C052002080B586B000AF7860B9
:10DD10000023FB737B68DB78002B34D07B681B6BA4
:10DD20007B617B6858787B6803F1340101237A6951
:10DD3000FFF73EFD0346002B02D00123FB7322E0D8
:10DD40007B680022DA707B685B6A7A69D21A7B682A
:10DD5000DB699A4217D27B689B783B6110E07B6855
:10DD6000DB697A6913447B617B6858787B6803F1CF
:10DD7000340101237A69FFF71BFD3B69013B3B61DD
:10DD80003B69012BEBD8FB7B18461837BD4680BD9D
:10DD900080B584B000AF786039600023FB737B6886
:10DDA0001B6B3A689A421BD07868FFF7ADFF0346B9
:10DDB000FB73FB7B002B13D17B6858787B6803F1E6
:10DDC000340101233A68FFF7D3FC0346002B04D04B
:10DDD0004FF0FF333B600123FB737B683A681A63A3
:10DDE000FB7B18461037BD4680BD000080B584B06F
:10DDF00000AF78607868FFF787FF0346FB73FB7B13
:10DE0000002B58D17B681B78032B48D17B681B798A
:10DE1000012B44D17B6834334FF400720021184643
:10DE2000FFF7A8FD7B68343303F5FF734AF65521ED
:10DE30001846FFF737FD7B68343321491846FFF752
:10DE40004CFD7B68343303F5F2731E491846FFF727
:10DE500044FD7B68343303F5F4727B685B691946D3
:10DE60001046FFF73AFD7B68343303F5F6727B68A2
:10DE70001B6919461046FFF730FD7B681B6A5A1C68
:10DE80007B681A637B6858787B6803F134017B6890
:10DE90001A6B0123FFF78CFC7B6800221A717B68E8
:10DEA0005B78002200211846FFF7A2FC0346002BF6
:10DEB00001D00123FB73FB7B18461037BD4680BDA4
:10DEC000525261417272416180B483B000AF786098
:10DED00039603B68023B3B607B689B69023B3A6868
:10DEE0009A4201D3002308E07B685B891A463B68AD
:10DEF00003FB02F27B68DB6A134418460C37BD460D
:10DF00005DF8047B704780B586B000AF78603960FB
:10DF10007B681B683B613B68012B04D93B699B69AB
:10DF20003A689A4202D301237B618EE04FF0FF33BF
:10DF30007B613B691B78032B61D0032B7BDC012BBE
:10DF400002D0022B41D076E03B68FB60FB685B08A7
:10DF5000FA681344FB603B695A6AFB685B0A134426
:10DF600019463869FFF714FF0346002B66D1FB689A
:10DF70005A1CFA60C3F308033A69134493F8343027
:10DF8000BB603B695A6AFB685B0A134419463869EF
:10DF9000FFF7FEFE0346002B52D1FB68C3F30803D4
:10DFA0003A69134493F834301B02BA681343BB60D8
:10DFB0003B6803F00103002B02D0BB681B0902E0A1
:10DFC000BB68C3F30B037B613FE03B695A6A3B6864
:10DFD0001B0A134419463869FFF7DAFE0346002B83
:10DFE00030D13B6903F134023B685B0003F4FF73FB
:10DFF00013441846FFF71AFC03467B6125E03B6992
:10E000005A6A3B68DB09134419463869FFF7C0FEBA
:10E010000346002B18D13B6903F134023B689B0097
:10E0200003F4FE7313441846FFF719FC034623F06C
:10E0300070437B6109E001237B6106E000BF04E0DF
:10E0400000BF02E000BF00E000BF7B691846183740
:10E05000BD4680BD90B589B000AFF860B9607A6008
:10E060000223FB77BB68012B40F2D980FB689B69D8
:10E07000BA689A4280F0D380FB681B78032B00F0CB
:10E080009680032B00F3CB80012B02D0022B6ED0A5
:10E09000C5E0BB68BB61BB695B08BA691344BB617F
:10E0A000FB685A6ABB695B0A13441946F868FFF7B4
:10E0B0006FFE0346FB77FB7F002B40F0A980FB68D7
:10E0C00003F13402BB69591CB961C3F3080313445B
:10E0D0007B61BB6803F00103002B0DD07B691B78CB
:10E0E0005BB203F00F035AB27B685BB21B015BB2F9
:10E0F00013435BB2DBB201E07B68DBB27A69137079
:10E10000FB680122DA70FB685A6ABB695B0A134438
:10E110001946F868FFF73CFE0346FB77FB7F002BB0
:10E1200078D1FB6803F13402BB69C3F308031344DD
:10E130007B61BB6803F00103002B03D07B681B09E4
:10E14000DBB20EE07B691B785BB223F00F035AB29F
:10E150007B681B0A5BB203F00F035BB213435BB235
:10E16000DBB27A691370FB680122DA7057E0FB6852
:10E170005A6ABB681B0A13441946F868FFF708FE81
:10E180000346FB77FB7F002B46D1FB6803F134028B
:10E19000BB685B0003F4FF7313447A6892B21146C4
:10E1A0001846FFF77FFBFB680122DA7037E0FB6857
:10E1B0005A6ABB68DB0913441946F868FFF7E8FDA3
:10E1C0000346FB77FB7F002B28D17B6823F070444C
:10E1D000FB6803F13402BB689B0003F4FE73134435
:10E1E0001846FFF73CFB034603F0704323437B6074
:10E1F000FB6803F13402BB689B0003F4FE73134415
:10E2000079681846FFF769FBFB680122DA7006E0BF
:10E2100000BF04E000BF02E000BF00E000BFFB7FE2
:10E2200018462437BD4690BD80B588B000AFF86071
:10E23000B9607A600023FB77FB681B68BB61BB6831
:10E24000012B04D9BB699B69BA689A4201D30223A6
:10E250004BE07B68002B0CD04FF0FF327968B86937
:10E26000FFF7F8FE0346FB77FB7F002B01D0FB7F17
:10E270003BE0B968F868FFF746FE78617B69002BE0
:10E2800031D07B69012B01D102232EE07B69B3F1F0
:10E29000FF3F01D1012328E00022B968B869FFF7E8
:10E2A000D9FE0346FB77FB7F002B01D0FB7F1CE0F0
:10E2B000BB695A69BB699B69023B9A420BD2BB6935
:10E2C0005B695A1CBB695A61BB691B7943F0010346
:10E2D000DAB2BB691A717B69BB60BB699B69BA68BA
:10E2E0009A42C6D300E000BF002318462037BD463F
:10E2F00080BD80B588B000AF786039607B681B68EE
:10E300003B613B68002B0DD13B691B69BB61BB695D
:10E31000002B04D03B699B69BA699A421BD3012345
:10E32000BB6118E039687868FFF7EDFDF860FB68BD
:10E33000012B01D8012370E0FB68B3F1FF3F01D14D
:10E34000FB686AE03B699B69FA689A4201D2FB6804
:10E3500063E03B68BB61BB69FB61FB690133FB6147
:10E360003B699B69FA699A4207D30223FB61FA6908
:10E37000BB699A4201D900234FE0F9697868FFF739
:10E38000C2FDF860FB68002B0ED0FB68012B03D0A8
:10E39000FB68B3F1FF3F01D1FB683EE0FA69BB695E
:10E3A0009A42DAD1002338E000BF4FF0FF32F9691A
:10E3B0003869FFF74FFE0346FB75FB7D002B09D143
:10E3C0003B68002B06D0FA6939683869FFF742FECE
:10E3D0000346FB75FB7D002B16D13B69FA691A6178
:10E3E0003B695A693B699B69023B9A4204D83B6985
:10E3F0005B695A1E3B695A613B691B7943F0010313
:10E40000DAB23B691A7107E0FB7D012B02D14FF0B4
:10E41000FF3300E00123FB61FB6918462037BD464E
:10E4200080BD80B487B000AF786039607B681B68BE
:10E43000FB607B68DB6A04333B613B685B0AFA681C
:10E440005289B3FBF2F37B613B691A1D3A611B6889
:10E45000BB60BB68002B01D1002310E07A69BB6868
:10E460009A4207D37A69BB68D31A7B613B6904334C
:10E470003B61E9E700BF3B691A687B6913441846B2
:10E480001C37BD465DF8047B704780B586B000AF91
:10E49000786039607B681B683B613B68B3F5001F9F
:10E4A00004D23B6803F01F03002B01D0022363E07A
:10E4B0007B683A685A617B689B687B617B69002B4B
:10E4C00006D13B691B78022B02D93B699B6A7B61B1
:10E4D0007B69002B0CD13B685B093A691289934236
:10E4E00001D3022348E03B699A6A7B68DA6129E03C
:10E4F0003B695B895B02FB6019E07B6879691846C0
:10E50000FFF701FD78617B69B3F1FF3F01D1012382
:10E5100032E07B69012B04D93B699B697A699A4295
:10E5200001D3022328E03A68FB68D31A3B603A68BB
:10E53000FB689A42E1D279693869FFF7C5FC024667
:10E540007B68DA617B687A699A617B68DB69002B9A
:10E5500001D1022310E07B68DA693B685B0A1A4448
:10E560007B68DA613B6903F134023B68C3F308035B
:10E570001A447B681A62002318461837BD4680BDCE
:10E5800080B586B000AF786039607B681B68FB603F
:10E590007B685B692033BB607B68DB69002B03D041
:10E5A000BB68B3F5001F01D30423AAE0BB68C3F323
:10E5B0000803002B40F098807B68DB695A1C7B685D
:10E5C000DA617B689B69002B0BD1BB685B09FA6839
:10E5D00012899342C0F088807B680022DA610423AC
:10E5E0008FE0BB685B0AFA685289013A1340002B3E
:10E5F0007AD17A687B689B6919461046FFF783FCDD
:10E6000078617B69012B01D802237AE07B69B3F141
:10E61000FF3F01D1012374E0FB689B697A699A424C
:10E6200058D33B68002B04D17B680022DA610423B5
:10E6300067E07A687B689B6919461046FFF759FEC8
:10E6400078617B69002B01D107235AE07B69012B9C
:10E6500001D1022355E07B69B3F1FF3F01D10123D2
:10E660004FE0F868FFF750FB0346002B01D0012371
:10E6700047E0FB6834334FF4007200211846FFF77F
:10E6800079F900233B617969F868FFF71DFC0246C0
:10E69000FB681A6312E0FB680122DA70F868FFF782
:10E6A00033FB0346002B01D001232AE03B690133F1
:10E6B0003B61FB681B6B5A1CFB681A63FB685B8938
:10E6C0001A463B699342E6D3FB681A6B3B69D21A40
:10E6D000FB681A637B687A699A617969F868FFF761
:10E6E000F3FB02467B68DA617B68BA685A61FB68B3
:10E6F00003F13402BB68C3F308031A447B681A624F
:10E70000002318461837BD4680BD80B586B000AFDF
:10E71000786039607B681B68FB6000217868FFF7D0
:10E72000B4FE0346FB75FB7D002B2BD100233B6120
:10E730007B68DB691946F868FFF72AFB0346FB751F
:10E74000FB7D002B1DD17B681B6A1B78E52B04D059
:10E750007B681B6A1B78002B07D13B6901333B6147
:10E760003A693B689A4202D10CE000233B610121E7
:10E770007868FFF705FF0346FB75FB7D002BD7D0BC
:10E7800000E000BFFB7D042B01D10723FB75FB7D5F
:10E7900018461837BD4680BD80B584B000AF78609C
:10E7A00039603B681A331846FFF740F80346FB60B0
:10E7B0007B681B78032B09D13B6814331846FFF79D
:10E7C00035F803461B04FA681343FB60FB681846E0
:10E7D0001037BD4680BD80B584B000AFF860B96029
:10E7E0007A60BB681A337A6892B211461846FFF70E
:10E7F00059F8FB681B78032B09D1BB6803F114029D
:10E800007B681B0C9BB219461046FFF74BF800BF04
:10E810001037BD4680BD000090B587B000AF78606E
:10E8200039603B681A331846FFF700F80346002B9F
:10E8300001D0002359E03B681B7803F03F035A1EC8
:10E8400013465B0013449B0013447B610123FB814F
:10E8500000233B6133E0274A3B6913441B781A4687
:10E860003B6813441846FEF7E1FF0346BB81FB8972
:10E87000002B1AD07B69FE2B12D8BB89184602F0F8
:10E8800017FC03461C467B695A1C7A615B007A6858
:10E8900013441B88184602F00BFC03469C4201D02F
:10E8A000002322E0BB89FB8106E0BB894FF6FF72A3
:10E8B000934201D0002318E03B6901333B613B697F
:10E8C0000C2BC8D93B681B7803F04003002B0BD0FE
:10E8D000FB89002B08D07B695B007A6813441B8896
:10E8E000002B01D0002300E0012318461C37BD4651
:10E8F00090BD00BF105E010880B586B000AF7860A3
:10E9000039603B681A331846FEF790FF0346002B28
:10E9100001D000234DE03B681B7823F040035A1ED2
:10E9200013465B0013449B0013447B610123FB816E
:10E9300000233B6128E0214A3B6913441B781A46B7
:10E940003B6813441846FEF771FF0346BB81FB8901
:10E95000002B0FD07B69FE2B01D9002329E0BB8956
:10E96000FB817B695A1C7A615B007A681344FA89DF
:10E970001A8006E0BB894FF6FF72934201D0002354
:10E9800017E03B6901333B613B690C2BD3D93B68F2
:10E990001B7803F04003002B0AD07B69FE2B01D9C2
:10E9A000002306E07B695B007A68134400221A802A
:10E9B000012318461837BD4680BD00BF105E010810
:10E9C00080B588B000AFF860B96011461A460B46B2
:10E9D000FB711346BB71BB680D33BA791A70BB6803
:10E9E0000B330F221A70BB680C3300221A70BB68FD
:10E9F0001A3300211846FEF755FFFB795A1E1346BD
:10EA00005B0013449B001344FB610023FB82002343
:10EA1000BB61FB8A4FF6FF72934207D0FB695A1C19
:10EA2000FA615B00FA6813441B88FB82174ABB69D2
:10EA300013441B781A46BB681344FA8A11461846D9
:10EA4000FEF730FFFB8A002B02D14FF6FF73FB82EB
:10EA5000BB690133BB61BB690C2BDAD9FB8A4FF66A
:10EA6000FF72934206D0FB695B00FA6813441B886F
:10EA7000002B03D1FB7943F04003FB71BB68FA79AB
:10EA80001A7000BF2037BD4680BD00BF105E010870
:10EA900080B58CB000AFF860B9607A603B600B2243
:10EAA000B968F868FEF745FF3B68052B2BD93B6832
:10EAB000FB6122E07B689A1C7A601B887B840023C0
:10EAC000BB6217E0FB695A007B8C03F0010313441F
:10EAD000FB617B8C5B087B84FB6903F48033002B38
:10EAE00005D0FB6983F4883383F02103FB61BB6AA3
:10EAF0000133BB62BB6A0F2BE4D97B681B88002BF8
:10EB0000D8D1FB693B600723BB623B68DBB203F0F3
:10EB10000F03DBB2303387F82F3097F82F30392BC3
:10EB200004D997F82F30073387F82F30BB6A5A1E65
:10EB3000BA6230333B4497F82F2003F81C2C3B6813
:10EB40001B093B603B68002BDFD107F11402BB6A55
:10EB500013447E221A7000237B6202E07B6A013339
:10EB60007B627A6ABB6A9A4205D2FA687B6A13446E
:10EB70001B78202BF2D1BB6A072B07D8BB6A5A1C23
:10EB8000BA6230333B4413F81C1C00E020217B6A3E
:10EB90005A1C7A62FA6813440A461A707B6A072B79
:10EBA000E9D900BF00BF3037BD4680BD80B485B015
:10EBB00000AF78600023FB730B23BB60FB7BDAB2F2
:10EBC0005208DB011343DAB27B68591C79601B7869
:10EBD0001344FB73BB68013BBB60BB68002BEDD1EA
:10EBE000FB7B18461437BD465DF8047B704780B543
:10EBF00086B000AF786039600423FB757B681B68C2
:10EC00003B61FF237B75FF233B7581E07B68DB69FC
:10EC100019463869FFF7BCF80346FB75FB7D002BEE
:10EC20007CD17B681B6A1B78BB75BB7D002B02D136
:10EC30000423FB7577E07B681B6A0B331B7803F0BA
:10EC40003F03FB737B68FA7B9A71BB7DE52B0ED08B
:10EC5000BB7D2E2B0BD0FB7B23F02003082B0CBF9E
:10EC600001230023DBB21A463B68934202D0FF2304
:10EC70007B7544E0FB7B0F2B2FD1BB7D03F0400362
:10EC8000002B0DD07B681B6A5B7B3B75BB7D23F043
:10EC90004003BB75BB7D7B757B685A697B681A63D3
:10ECA000BA7D7B7D9A4215D17B681B6A0D331B7838
:10ECB0003A7D9A420ED13B69DA687B681B6A194635
:10ECC0001046FFF719FE0346002B03D07B7D013B66
:10ECD000DBB200E0FF237B7511E07B7D002B09D1C7
:10ECE0007B681B6A1846FFF761FF03461A463B7DA7
:10ECF000934215D07B684FF0FF321A6310E0002179
:10ED00007868FFF73DFC0346FB75FB7D002B09D1BE
:10ED10007B68DB69002B7FF479AF04E000BF02E081
:10ED200000BF00E000BFFB7D002B02D07B6800220B
:10ED3000DA61FB7D18461837BD4680BD80B586B0C8
:10ED400000AF78607B681B683B6100217868FFF743
:10ED50009CFB0346FB75FB7D002B01D0FB7DA9E0EE
:10ED6000FF233B753B7D7B757B684FF0FF321A6359
:10ED70007B68DB6919463869FFF70AF80346FB75BB
:10ED8000FB7D002B40F090807B681B6A1B78BB7575
:10ED9000BB7D002B02D10423FB758AE07B681B6AD4
:10EDA0000B331B7803F03F03FB737B68FA7B9A718C
:10EDB000BB7DE52B07D0FB7B03F00803002B09D0BC
:10EDC000FB7B0F2B06D0FF237B757B684FF0FF3258
:10EDD0001A635EE0FB7B0F2B36D17B6893F82F30F4
:10EDE00003F04003002B54D1BB7D03F04003002B04
:10EDF0000DD07B681B6A5B7B3B75BB7D23F04003BA
:10EE0000BB75BB7D7B757B685A697B681A63BA7D6D
:10EE10007B7D9A4215D17B681B6A0D331B783A7D46
:10EE20009A420ED13B69DA687B681B6A1946104624
:10EE3000FFF7F2FC0346002B03D07B7D013BDBB2E6
:10EE400000E0FF237B7524E07B7D002B09D17B68EC
:10EE50001B6A1846FFF7AAFE03461A463B7D9342FB
:10EE600024D07B6893F82F3003F00103002B0AD1E4
:10EE70007B68186A7B6824330B221946FEF795FDE0
:10EE80000346002B14D0FF237B757B684FF0FF32C5
:10EE90001A6300217868FFF773FB0346FB75FB7D5F
:10EEA000002B3FF465AF04E000BF02E000BF00E0CC
:10EEB00000BFFB7D18461837BD4680BD80B58CB0BD
:10EEC00000AF78607B681B68FB617B6893F82F302C
:10EED00003F0A003002B01D00623E0E000237B62B7
:10EEE00002E07B6A01337B62FB69DA687B6A5B0064
:10EEF00013441B88002BF4D17B6803F1240107F134
:10EF00000C030C221846FEF714FDFB7D03F00103F1
:10EF1000002B32D07B68402283F82F200123BB6274
:10EF200016E07B6803F12400FB69DA6807F10C0145
:10EF3000BB6AFFF7ADFD7868FFF700FF034687F86F
:10EF40002F3097F82F30002B06D1BB6A0133BB62FC
:10EF5000BB6A632BE5D900E000BFBB6A642B01D11B
:10EF600007239CE097F82F30042B02D097F82F301E
:10EF700095E0FA7D7B6883F82F20FB7D03F0020388
:10EF8000002B07D07B6A0C33474AA2FB03239B0864
:10EF9000013300E001233B62396A7868FFF7B5FB73
:10EFA000034687F82F3097F82F30002B48D13B6A63
:10EFB000013B3B623B6A002B42D07B685A693B6A4B
:10EFC0005B01D31A19467868FFF75FFA034687F8A2
:10EFD0002F3097F82F30002B32D17B68243318461E
:10EFE000FFF7E4FD0346FB767B68DB691946F869A9
:10EFF000FEF7CEFE034687F82F3097F82F30002B10
:10F000001DD1FB69D8687B68196A3B6ADAB2FB7E5E
:10F01000FFF7D6FCFB690122DA7000217868FFF760
:10F02000AFFA034687F82F3097F82F30002B07D11F
:10F030003B6A013B3B623B6A002BD5D100E000BF3D
:10F0400097F82F30002B28D17B68DB691946F869C7
:10F05000FEF79EFE034687F82F3097F82F30002BDF
:10F060001BD17B681B6A202200211846FEF782FC18
:10F070007B68186A7B6824330B221946FEF759FC1B
:10F080007B6893F82F207B681B6A0C3302F0180210
:10F09000D2B21A70FB690122DA7097F82F30184645
:10F0A0003037BD4680BD00BF4FECC44E80B588B040
:10F0B00000AF786039607B681B683B613B68002269
:10F0C0009A757B68DB69002B00F0CA807B681B6B3C
:10F0D000B3F1FF3F32D00023BB61BB69FB611BE092
:10F0E000FB890021184601F0A7FF0346FB81FB893D
:10F0F000002B02D10023FB611AE0FB69FE2B02D931
:10F100000023FB6114E0FB695A1CFA61FA89D1B251
:10F110003A6813440A469A753B69DA68BB69591C18
:10F12000B9615B0013441B88FB81FB89002BD7D19D
:10F130003A68FB691344163300221A700023BB613E
:10F14000BB69FB613A68FB69134416331B78BB81CA
:10F150004DE07B681A6AFB69591CF96113441B78FE
:10F16000FB75FB7D202B41D0FB7D052B01D1E523D9
:10F17000FB75FB69092B0FD1BB89002B05D13A68C0
:10F18000BB69134416332E221A70BB695A1CBA612C
:10F190003A6813442E225A723A68BB691344093301
:10F1A000FA7D1A70BB89002B1CD1FB7D402B13D933
:10F1B000FB7D5A2B10D87B681B6A0C331B781A46D0
:10F1C000FB69082B01D9102300E008231340002B12
:10F1D00002D0FB7D2033FB753A68BB6913441633BC
:10F1E000FA7D1A70BB690133BB6100E000BFFB69A7
:10F1F0000A2BAED9BB89002B0DD13A68BB691344E9
:10F20000163300221A707B681B6A0C331B78002BA4
:10F2100001D10023BB613A68BB6913440933002262
:10F220001A707B681B6ADA7A3B681A727B681B6A01
:10F230001C331846FEF713FB02463B681A607B68D6
:10F240001B6A16331846FEF70AFBB860BB689AB211
:10F250003B68DA80BB681B0C9AB23B689A8000E07E
:10F2600000BF2037BD4680BD80B58AB000AF786052
:10F2700039603B681B683B617B681B68DB68FB602F
:10F2800000237B617B69BB61BB695A1CBA613A6927
:10F2900013441B78BB84BB8C1F2B40D9BB8C2F2BFA
:10F2A00006D0BB8C5C2B10D102E0BB690133BB6183
:10F2B0003A69BB6913441B782F2BF6D03A69BB69B6
:10F2C00013441B785C2BF0D02AE07B69FE2B01D91C
:10F2D00006237DE1BB8CDBB2BB84BB8C01211846CD
:10F2E00001F0AAFE0346BB84BB8C002B01D1062390
:10F2F0006EE1BB8C7F2B09D8BB8C19468D48FEF77D
:10F300007BFB0346002B01D0062361E17B695A1C7D
:10F310007A615B00FA681344BA8C1A80B4E700BFC4
:10F320003A69BB691A443B681A60BB8C1F2B01D831
:10F33000042300E0002387F8273011E07B6903F104
:10F340000043013B5B00FA6813441B88BB84BB8C01
:10F35000202B02D0BB8C2E2B06D17B69013B7B611D
:10F360007B69002BEAD100E000BF7B695B00FA6893
:10F37000134400221A807B69002B01D1062327E168
:10F380007B6824330B2220211846FEF7F3FA002372
:10F39000BB6102E0BB690133BB61BB695B00FA681A
:10F3A00013441B88202BF5D0BB695B00FA6813441B
:10F3B0001B882E2BEED0BB69002B09D097F8273085
:10F3C00043F0030387F8273002E07B69013B7B6150
:10F3D0007B69002B09D07B6903F10043013B5B0093
:10F3E000FA6813441B882E2BEFD1002387F82630B0
:10F3F00000233B620823FB61BB695A1CBA615B00B6
:10F40000FA6813441B88BB84BB8C002B00F09080EF
:10F41000BB8C202B06D0BB8C2E2B0AD1BA697B6902
:10F420009A4206D097F8273043F0030387F8273035
:10F430007DE03A6AFB699A4203D2BA697B699A42D3
:10F4400023D1FB690B2B06D197F8273043F0030338
:10F4500087F8273075E0BA697B699A4205D097F83A
:10F46000273043F0030387F82730BA697B699A4253
:10F4700066D87B69BB6108233B620B23FB6197F86D
:10F4800026309B0087F8263051E0BB8C7F2B14D9A7
:10F49000BB8C0021184601F0CFFD0346BB84BB8C1A
:10F4A000002B04D0BB8C803B234AD35CBB8497F8F1
:10F4B000273043F0020387F82730BB8C002B07D09E
:10F4C000BB8C19461D48FEF797FA0346002B08D05F
:10F4D0005F23BB8497F8273043F0030387F8273076
:10F4E0001BE0BB8C402B09D9BB8C5A2B06D897F854
:10F4F000263043F0020387F826300EE0BB8C602BE9
:10F500000BD9BB8C7A2B08D897F8263043F001032F
:10F5100087F82630BB8C203BBB843B6A5A1C3A627E
:10F52000BA8CD1B27A6813440A4683F8242063E780
:10F5300000BF06E0085D0108905D0108145D010848
:10F5400000BF7B6893F82430E52B03D17B6805224C
:10F5500083F82420FB69082B04D197F826309B0000
:10F5600087F8263097F8263003F00C030C2B05D0D3
:10F5700097F8263003F00303032B05D197F82730C3
:10F5800043F0020387F8273097F8273003F002038F
:10F59000002B17D197F8263003F00303012B05D178
:10F5A00097F8273043F0100387F8273097F8263074
:10F5B00003F00C03042B05D197F8273043F0080320
:10F5C00087F827307B6897F8272083F82F200023BF
:10F5D00018462837BD4680BD80B586B000AF78603C
:10F5E00039607B683B613B691B68FB6002E03B68FC
:10F5F00001333B603B681B782F2BF8D03B681B78AE
:10F600005C2BF4D03B6900229A603B681B781F2B6F
:10F610000AD87B68802283F82F2000217868FEF7C3
:10F6200034FF0346FB7543E03B4619467868FFF715
:10F630001BFE0346FB75FB7D002B34D17868FFF77A
:10F640007DFB0346FB757B6893F82F30FB72FB7DD7
:10F65000002B0AD0FB7D042B27D1FB7A03F0040397
:10F66000002B22D10523FB751FE0FB7A03F0040376
:10F67000002B1CD13B699B7903F01003002B02D1B6
:10F680000523FB7514E0FB6803F134027B685B69BA
:10F69000C3F3080313441946F868FFF77DF80246E0
:10F6A0003B699A60C0E700BF02E000BF00E000BF16
:10F6B000FB7D18461837BD4680BD80B487B000AFCB
:10F6C00078604FF0FF333B617B681B68002B31D0C3
:10F6D0007B681B687B6102E07B6901337B617B692E
:10F6E0001B781F2B03D97B691B783A2BF4D17B69DC
:10F6F0001B783A2B1CD17B681B68FB60FB685A1C8B
:10F70000FA601B78303BBB60BB68092B0ED8FA68E7
:10F710007B699A420AD1BB68002B07D1BB683B6169
:10F720007B6901337B617B687A691A603B6902E01F
:10F7300000233B613B6918461C37BD465DF8047BDE
:10F740007047000080B582B000AF786039607B6898
:10F750000022DA707B684FF0FF321A6339687868EC
:10F76000FEF716FB0346002B01D0042338E07B682C
:10F77000343303F5FF731846FEF758F803461A466C
:10F780004AF655239A4201D0032329E07B6893F877
:10F790003430E92B09D07B6893F83430EB2B1ED141
:10F7A0007B6893F83630902B19D17B68343336332D
:10F7B0001846FEF754F8034623F07F430A4A934263
:10F7C00001D100230CE07B68343352331846FEF736
:10F7D00046F80346054A934201D1002300E0022384
:10F7E00018460837BD4680BD464154004641543353
:10F7F00080B596B000AFF860B9601346FB71BB6886
:10F8000000221A60F868FFF758FFF863FB6B002BC3
:10F8100001DA0B2330E2A14AFB6B52F82330BB63C1
:10F82000BB6B002B01D10C2326E2BB68BA6B1A60BC
:10F83000FB7923F00103FB71BB6B1B78002B1AD003
:10F84000BB6B5B781846FDF751FF034687F83730EE
:10F8500097F8373003F00103002B0CD1FB79002B14
:10F8600007D097F8373003F00403002B01D00A23A8
:10F8700002E2002300E2BB6B00221A70FB6BDAB2DB
:10F88000BB6B5A70BB6B5B781846FDF749FF0346AC
:10F8900087F8373097F8373003F00103002B01D099
:10F8A0000323E9E1FB79002B07D097F8373003F009
:10F8B0000403002B01D00A23DEE100233B65396DF0
:10F8C000B86BFFF73FFF034687F8573097F857307C
:10F8D000022B49D100233B641EE0BB6B03F13402D1
:10F8E0003B6C1B0103F5DF7313443B633B6B043339
:10F8F0001B78002B06D03B6B08331846FDF7AFFF93
:10F90000024600E000223B6C9B0058333B4443F826
:10F91000442C3B6C01333B643B6C032BDDD900234F
:10F920003B643B6C002B02D03B6C013B3B643B6C6B
:10F930009B0058333B4453F8443C3B653B6D002BE4
:10F9400005D0396DB86BFFF7FDFE034600E00323D9
:10F9500087F8573097F85730012B05D93B6C0133A6
:10F960003B643B6C032BE2D997F85730042B01D151
:10F97000012381E197F85730012B01D90D237BE159
:10F98000BB6B34330B331846FDF750FF0346B3F51A
:10F99000007F01D00D236FE1BB6B34331633184663
:10F9A000FDF744FF0346FB64FB6C002B06D1BB6BE9
:10F9B000343324331846FDF752FFF864BB6BFA6CFE
:10F9C000DA61BB6B93F84420BB6B9A70BB6B9B787E
:10F9D000012B05D0BB6B9B78022B01D00D234BE193
:10F9E000BB6B9B781A46FB6C02FB03F3FB64BB6B9F
:10F9F00093F841301A46BB6B5A81BB6B5B89002B75
:10FA000008D0BB6B5B891A46BB6B5B89013B13401B
:10FA1000002B01D00D232FE1BB6B3433113318467B
:10FA2000FDF704FF03461A46BB6B1A81BB6B1B89AB
:10FA300003F00F039BB2002B01D00D231CE1BB6B25
:10FA4000343313331846FDF7F1FE0346BB64BB6C39
:10FA5000002B06D1BB6B343320331846FDF7FFFE75
:10FA6000B864BB6B34330E331846FDF7DFFE034634
:10FA7000FB85FB8D002B01D10D23FDE0FA8DFB6C86
:10FA80001344BA6B1289120992B21344BB62BA6C66
:10FA9000BB6A9A4204D20D23EEE000BFB8520020A8
:10FAA000BA6CBB6AD31ABA6B5289B3FBF2F37B62AE
:10FAB0007B6A002B01D10D23DEE0032387F857304A
:10FAC0007B6A4FF6F572934202D8022387F85730CB
:10FAD0007B6A40F6F572934202D8012387F85730CB
:10FAE0007B6A9A1CBB6B9A61BB6B3A6D1A62FA8D8A
:10FAF0003B6D1A44BB6B5A623A6DBB6A1A44BB6BCE
:10FB0000DA6297F85730032B1ED1BB6B34332A339C
:10FB10001846FDF78BFE0346002B01D00D23ABE00A
:10FB2000BB6B1B89002B01D00D23A5E0BB6B3433CD
:10FB30002C331846FDF793FE0246BB6B9A62BB6BF3
:10FB40009B699B007B641FE0BB6B1B89002B01D171
:10FB50000D2391E0BB6B5A6AFB6C1A44BB6B9A6233
:10FB600097F85730022B03D1BB6B9B695B000AE00F
:10FB7000BB6B9A6913465B0013445A08BB6B9B69C5
:10FB800003F0010313447B64BB6BDA697B6C03F203
:10FB9000FF135B0A9A4201D20D236DE0BB6B4FF05D
:10FBA000FF325A61BB6B5A69BB6B1A61BB6B802217
:10FBB0001A7197F85730032B49D1BB6B343330336C
:10FBC0001846FDF733FE0346012B40D13B6D013350
:10FBD0001946B86BFEF7DCF80346002B37D1BB6B38
:10FBE00000221A71BB6B343303F5FF731846FDF71F
:10FBF0001DFE03461A464AF655239A4227D1BB6B8F
:10FC000034331846FDF72BFE03461D4A93421ED19E
:10FC1000BB6B343303F5F2731846FDF720FE034641
:10FC2000184A934213D1BB6B343303F5F47318466F
:10FC3000FDF715FE0246BB6B5A61BB6B343303F50F
:10FC4000F6731846FDF70BFE0246BB6B1A61BB6BE1
:10FC500097F857201A700C4B1B8801339AB20A4B45
:10FC60001A80094B1A88BB6BDA80BB6B074ADA60D3
:10FC7000B86BFEF725F8002318465837BD4680BDFF
:10FC80005252614172724161BC520020E052002028
:10FC900080B584B000AF786039600923FB737B685E
:10FCA000002B1CD07B681B68002B18D07B681B685E
:10FCB0001B78002B13D07B689A887B681B68DB88D5
:10FCC0009A420CD17B681B685B781846FDF70EFDE5
:10FCD000034603F00103002B01D10023FB73FB7BE0
:10FCE000002B02D17B681B6800E000233A68136098
:10FCF000FB7B18461037BD4680BD000080B588B03C
:10FD000000AFF860B9601346FB71BB683B6107F157
:10FD100010031846FFF7D1FCF861FB69002B01DAEC
:10FD20000B232BE0174AFB6952F82330BB61BB69F8
:10FD3000002B05D0B869FDF7C3FFBB6900221A701C
:10FD4000FB68002B02D0FB6800221A70FA680D498C
:10FD5000FB6941F82320FB68002B02D0FB79012BC3
:10FD600001D000230AE007F10C0107F1080300228B
:10FD70001846FFF73DFD0346FB75FB7D184620370F
:10FD8000BD4680BDB852002080B59AB000AFF86083
:10FD9000B9601346FB71FB68002B01D10923A9E16F
:10FDA000FB7903F03F03FB71FA7907F1140107F1C6
:10FDB00008031846FFF71CFD034687F8673097F8DD
:10FDC0006730002B40F08D817B69BB61BA6807F119
:10FDD000180311461846FFF7FFFB034687F8673004
:10FDE00097F86730002B18D197F847305BB2002B9B
:10FDF00003DA062387F867300FE0FB79012B8CBF0D
:10FE000001230023DBB21A4607F1180311461846F6
:10FE1000FDF70EFE034687F86730FB7903F01C03FD
:10FE2000002B7FD097F86730002B17D097F86730FA
:10FE3000042B0ED1FDF758FE0346002B06D007F128
:10FE400018031846FFF73AF8034600E0122387F834
:10FE50006730FB7943F00803FB7110E0BB7F03F0D0
:10FE60001103002B03D0072387F8673007E0FB79E5
:10FE700003F00403002B02D0082387F8673097F8BB
:10FE80006730002B68D1FB7903F00803002B63D0A7
:10FE9000FDF7F8F9B865BB6B0E33B96D1846FDF781
:10FEA0001CFDBB6B1633B96D1846FDF716FDBB6B19
:10FEB0000B3320221A707B69BA6B11461846FEF785
:10FEC0006BFC78657B69B96B00221846FEF783FCF2
:10FED000BB6B1C3300211846FDF7FFFC7B69012238
:10FEE000DA707B6D002B37D07B691B6BBB6507F12C
:10FEF00018030022796D1846FEF796F9034687F835
:10FF0000673097F86730002B26D17B69B96D1846AA
:10FF1000FDF73EFF034687F867307B697A6D013A4B
:10FF20001A6119E097F86730002B15D1BB7F03F0F9
:10FF30001003002B03D0042387F867300CE0FB7913
:10FF400003F00203002B07D0BB7F03F00103002B5B
:10FF500002D0072387F8673097F86730002B26D147
:10FF6000FB7903F00803002B03D0FB7943F0400337
:10FF7000FB717B691A6BFB685A62BA6BFB689A6209
:10FF8000FB79012B8CBF01230023DBB21A4607F15A
:10FF9000180311461846FDF7C9FD0246FB681A61B1
:10FFA000FB681B69002B02D1022387F8673097F8A2
:10FFB0006730002B40F095807B69BA6B114618467C
:10FFC000FEF7EAFB0246FB689A60BB6B1C331846DF
:10FFD000FDF745FC0246FB68DA60FB680022DA6246
:10FFE0007A69FB681A607B69DA88FB689A80FB682B
:10FFF000FA791A75FB6800225A75FB6800221A62AA
:020000040801F1
:10000000FB6800229A61FB6830334FF400720021D4
:100010001846FDF7AFFCFB7903F02003002B60D0FE
:10002000FB68DB68002B5CD0FB68DA68FB689A61D0
:100030007B695B895B023B65FB689B683B66FB6891
:10004000DB68FB6516E0FB68396E1846FDF75BFF61
:1000500038663B6E012B02D8022387F867303B6E6F
:10006000B3F1FF3F02D1012387F86730FA6D3B6D92
:10007000D31AFB6597F86730002B03D1FA6D3B6DFF
:100080009A42E0D8FB683A6EDA6197F86730002B45
:1000900027D1FB6DC3F30803002B22D07B69396E97
:1000A0001846FDF711FFF864FB6C002B03D1022307
:1000B00087F8673015E0FB6D5A0AFB6C1A44FB6841
:1000C0001A627B695878FB6803F13001FB681A6A91
:1000D0000123FDF74DFB0346002B02D0012387F8D7
:1000E000673097F86730002B02D0FB6800221A6057
:1000F00097F8673018466837BD4680BD80B58EB02A
:1001000000AFF860B9607A603B60BB687B623B68B7
:1001100000221A60FB6807F1140211461846FFF727
:10012000B7FD034687F8373097F83730002B07D1F3
:10013000FB685B7D87F8373097F83730002B02D0AB
:1001400097F8373015E1FB681B7D03F00103002BA6
:1001500001D107230DE1FB68DA68FB689B69D31ABC
:100160003B627A683B6A9A4240F2FE803B6A7B605F
:10017000FAE0FB689B69C3F30803002B40F0C680DC
:10018000FB689B695B0A7A695289013A1340FB61FB
:10019000FB69002B2FD1FB689B69002B03D1FB6807
:1001A0009B683B6313E0FB68DB6A002B07D0FB68AE
:1001B0009B691946F868FEF734F9386307E0FA6876
:1001C000FB68DB6919461046FDF79DFE38633B6B03
:1001D000012B04D8FB6802225A750223C9E03B6B4D
:1001E000B3F1FF3F04D1FB6801225A750123C0E03F
:1001F000FB683A6BDA617A69FB68DB69194610467D
:10020000FDF762FEB861BB69002B04D1FB680222D6
:100210005A750223ADE0BA69FB691344BB617B6880
:100220005B0ABB62BB6A002B39D0FA69BB6A134414
:100230007A695289934205D97B695B891A46FB69C1
:10024000D31ABB627B695878BB6ABA69796AFDF7D1
:100250008FFA0346002B04D0FB6801225A75012354
:1002600087E0FB681B7D5BB2002B14DAFB681A6A1F
:10027000BB69D31ABA6A9A420DD9FB681A6ABB697C
:10028000D31A5B027A6AD018FB6830334FF40072DD
:100290001946FDF74EFBBB6A5B02FB6250E0FB6850
:1002A0001B6ABA699A422ED0FB681B7D5BB2002B99
:1002B00018DA7B695878FB6803F13001FB681A6A29
:1002C0000123FDF775FA0346002B04D0FB680122D9
:1002D0005A7501234DE0FB681B7D03F07F03DAB202
:1002E000FB681A757B695878FB6803F130010123BC
:1002F000BA69FDF73DFA0346002B04D0FB680122E2
:100300005A75012335E0FB68BA691A62FB689B697C
:10031000C3F30803C3F50073FB62FA6A7B689A4271
:1003200001D97B68FB62FB6803F13002FB689B69C3
:10033000C3F308031344FA6A1946786AFDF7F9FA19
:100340007A6AFB6A13447B62FB689A69FB6A1A4407
:10035000FB689A613B681A68FB6A1A443B681A603A
:100360007A68FB6AD31A7B607B68002B7FF401AF4D
:10037000002318463837BD4680BD80B58CB000AF2D
:10038000F860B9607A603B60BB68FB613B68002243
:100390001A60FB6807F1100211461846FFF778FC57
:1003A000034687F82F3097F82F30002B07D1FB68D2
:1003B0005B7D87F82F3097F82F30002B02D097F80D
:1003C0002F304BE1FB681B7D03F00203002B01D1B2
:1003D000072343E1FB689A697B681A44FB689B69C1
:1003E0009A4280F02D81FB689B69DB437B6027E1AB
:1003F000FB689B69C3F30803002B40F0E380FB68B4
:100400009B695B0A3A695289013A1340BB61BB6937
:10041000002B43D1FB689B69002B0CD1FB689B68C8
:10042000BB62BB6A002B1AD1FB6800211846FDF79E
:1004300060FFB86213E0FB68DB6A002B07D0FB6843
:100440009B691946F868FDF7ECFFB86207E0FA68A7
:10045000FB68DB6919461046FDF74BFFB862BB6AC3
:10046000002B00F0F280BB6A012B04D1FB68022252
:100470005A750223F2E0BB6AB3F1FF3F04D1FB6877
:1004800001225A750123E9E0FB68BA6ADA61FB6868
:100490009B68002B02D1FB68BA6A9A60FB681B7DDF
:1004A0005BB2002B18DA3B695878FB6803F1300126
:1004B000FB681A6A0123FDF77BF90346002B04D081
:1004C000FB6801225A750123C8E0FB681B7D03F01D
:1004D0007F03DAB2FB681A753A69FB68DB69194673
:1004E0001046FDF7F1FC78617B69002B04D1FB68B5
:1004F00002225A750223B1E07A69BB6913447B6119
:100500007B685B0A3B623B6A002B3CD0BA693B6A62
:1005100013443A695289934205D93B695B891A466B
:10052000BB69D31A3B623B6958783B6A7A69F969BF
:10053000FDF73EF90346002B04D0FB6801225A75F3
:1005400001238BE0FB681A6A7B69D31A3A6A9A42E4
:1005500015D9FB6803F13000FB681A6A7B69D31A6E
:100560005B02FA6913444FF400721946FDF7E1F992
:10057000FB681B7D03F07F03DAB2FB681A753B6AE8
:100580005B027B623FE0FB681B6A7A699A4216D085
:10059000FB689A69FB68DB689A4210D23B6958781D
:1005A000FB6803F1300101237A69FDF7E1F80346A6
:1005B000002B04D0FB6801225A7501234EE0FB6832
:1005C0007A691A62FB689B69C3F30803C3F5007379
:1005D0007B627A6A7B689A4201D97B687B62FB689E
:1005E00003F13002FB689B69C3F3080313447A6A82
:1005F000F9691846FDF79DF9FB681B7D63F07F03E1
:10060000DAB2FB681A75FA697B6A1344FB61FB680E
:100610009A697B6A1A44FB689A61FB68DA68FB682E
:100620009B699A4238BF1A46FB68DA603B681A68D1
:100630007B6A1A443B681A607A687B6AD31A7B60CB
:100640007B68002B7FF4D4AE00E000BFFB681B7D0D
:1006500043F04003DAB2FB681A75002318463037BE
:10066000BD4680BD80B586B000AF78607B6807F17D
:10067000080211461846FFF70BFB0346FB75FB7D8E
:10068000002B68D17B681B7D03F04003002B62D0F8
:100690007B681B7D5BB2002B15DABB6858787B68E2
:1006A00003F130017B681A6A0123FDF781F80346E4
:1006B000002B01D001234FE07B681B7D03F07F03FB
:1006C000DAB27B681A75FCF7DDFD3861BA687B68C1
:1006D0005B6A19461046FDF75BFB0346FB75FB7D25
:1006E000002B38D17B689B6AFB60FB680B331A7860
:1006F000FB680B3342F02002D2B21A707B68186894
:100700007B689B681A46F968FEF765F8FB6803F199
:100710001C027B68DB6819461046FDF7DEF8FB68B3
:10072000163339691846FDF7D8F8FB6812330021F3
:100730001846FDF7B7F8BB680122DA70BB681846A7
:10074000FDF754FB0346FB757B681B7D23F04003DC
:10075000DAB27B681A75FB7D18461837BD4680BD36
:1007600080B584B000AF78607868FFF77BFF034600
:10077000FB73FB7B002B18D17B6807F10802114645
:100780001846FFF785FA0346FB73FB7B002B0CD161
:100790007B681B691846FDF757FA0346FB73FB7B22
:1007A000002B02D17B6800221A60FB7B18461037B1
:1007B000BD4680BD80B590B000AF786039607B6881
:1007C00007F1080211461846FFF762FA034687F858
:1007D0003F3097F83F30002B03D17B685B7D87F873
:1007E0003F3097F83F30002B02D097F83F30E6E1DA
:1007F0007B68DB6A002B00F0D1803B68B3F1FF3FE0
:100800005AD17B68DB6A7B627B6A1A1D7A621B683D
:100810007B610223BB627B689B683B633B6B002B65
:100820003AD03B6B3B610023FB62BB6A0233BB6285
:100830003B6BFB60FB6A0133FB627B68396B1846DC
:10084000FDF761FB38633B6B012B04D87B68022208
:100850005A750223B3E13B6BB3F1FF3F04D17B68D0
:1008600001225A750123AAE1FB6801333A6B9A42CF
:10087000DED0BA6A7B699A4209D87B6A1A1D7A620D
:10088000FA6A1A607B6A1A1D7A623A691A60BB6852
:100890009B693A6B9A42C4D37B68DB6ABA6A1A6076
:1008A000BA6A7B699A4203D87B6A00221A6084E1A3
:1008B000112387F83F3080E17B68DB683A689A4211
:1008C00002D97B68DB683B607B683A689A613B6869
:1008D000002B00F072813B68013B19467868FDF7F8
:1008E000A0FD02467B68DA61BA687B68DB6919465D
:1008F0001046FDF7E9FAB861BB69002B04D17B68AB
:1009000002225A7502235AE13B68013B5B0ABA682E
:100910005289013A1340BA691344BB617B689B69F1
:10092000C3F30803002B00F048817B681B6ABA6997
:100930009A4200F042817B681B7D5BB2002B18DA83
:10094000BB6858787B6803F130017B681A6A012321
:10095000FCF72EFF0346002B04D07B6801225A755A
:1009600001232CE17B681B7D03F07F03DAB27B68F7
:100970001A75BB6858787B6803F130010123BA69A6
:10098000FCF7F6FE0346002B04D07B6801225A7563
:10099000012314E17B68BA691A620EE17B68DB68A7
:1009A0003A689A4208D97B681B7D03F00203002B4A
:1009B00002D17B68DB683B607B689B693B620023FC
:1009C0007B637B687A6B9A613B68002B00F0A780A1
:1009D000BB685B895B02FB613B6A002B1BD03B68F9
:1009E0005A1EFB69B2FBF3F23B6A591EFB69B1FB6D
:1009F000F3F39A420FD33B6A5A1EFB695B421A40DB
:100A00007B689A617B689B693A68D31A3B607B6814
:100A1000DB69BB6322E07B689B68BB63BB6B002B1D
:100A200019D17B6800211846FDF763FCB863BB6BE6
:100A3000012B04D17B6802225A750223BFE0BB6BF5
:100A4000B3F1FF3F04D17B6801225A750123B6E060
:100A50007B68BA6B9A607B68BA6BDA61BB6B002B00
:100A60005DD03AE03A68FB69D31A3B607B689A69CB
:100A7000FB691A447B689A617B681B7D03F0020363
:100A8000002B0BD07B68B96B1846FDF732FCB863BE
:100A9000BB6B002B08D100233B6022E07B68B96B65
:100AA0001846FDF730FAB863BB6BB3F1FF3F04D1D2
:100AB0007B6801225A75012381E0BB6B012B04D9AD
:100AC000BB689B69BA6B9A4204D37B6802225A7551
:100AD000022374E07B68BA6BDA613A68FB699A4278
:100AE000C0D87B689A693B681A447B689A613B6806
:100AF000C3F30803002B12D0BB68B96B1846FDF78F
:100B0000E3F978637B6B002B04D17B6802225A7572
:100B1000022354E03B685B0A7A6B13447B637B6877
:100B20009A697B68DB689A420AD97B689A697B6814
:100B3000DA607B681B7D43F04003DAB27B681A758C
:100B40007B689B69C3F30803002B36D07B681B6A64
:100B50007A6B9A4231D07B681B7D5BB2002B18DA2E
:100B6000BB6858787B6803F130017B681A6A0123FF
:100B7000FCF71EFE0346002B04D07B6801225A7549
:100B800001231CE07B681B7D03F07F03DAB27B68E6
:100B90001A75BB6858787B6803F1300101237A6BC2
:100BA000FCF7E6FD0346002B04D07B6801225A7552
:100BB000012304E07B687A6B1A6297F83F3018468D
:100BC0004037BD4680BD80B586B000AF78603960E3
:100BD0007B68002B01D1092364E07B683B6107F14E
:100BE0000C013B4600221846FEF702FE0346FB7549
:100BF000FB7D002B4FD1FA683B691A603B681946B0
:100C00007868FEF7E9FC0346FB75FB7D002B3DD1C0
:100C10007B6893F82F305BB2002B12DB3B699B792A
:100C200003F01003002B0AD0FA687B681B6A194690
:100C30001046FDF7B1FD02463B699A6001E00523CD
:100C4000FB75FB7D002B21D1FB68DA883B699A801C
:100C500000217868FDF719FC0346FB75FB7D002B2E
:100C600014D13B699B68002B0DD000217868FCF7FC
:100C70005DFF02463B691A613B691B69002B05D188
:100C80001223FB7502E03B6900221A61FB7D042BF5
:100C900001D10523FB75FB7D002B02D03B690022AF
:100CA0001A60FB7D18461837BD4680BD80B584B0FC
:100CB00000AF78607B6807F1080211461846FEF71E
:100CC000E7FF0346FB73FB7B002B10D17B681B699E
:100CD000002B06D07B681B691846FCF7B5FF03465E
:100CE000FB73FB7B002B02D17B6800221A60FB7B2D
:100CF00018461037BD4680BD80B584B000AF78601F
:100D000039607B6807F1080211461846FEF7C0FFFC
:100D10000346FB73FB7B002B26D13B68002B06D1DF
:100D200000217868FDF7B1FB0346FB731CE000214E
:100D30007868FDF75CFF0346FB73FB7B042B01D156
:100D40000023FB73FB7B002B0ED139687868FEF71C
:100D5000ADF900217868FDF713FC0346FB73FB7BBC
:100D6000042B01D10023FB73FB7B18461037BD46D3
:100D700080BD80B598B000AF786007F10C013B1DD5
:100D800002221846FEF734FD034687F85F30FB6801
:100D90003B6197F85F30002B40F0EC807A6807F1F8
:100DA000100311461846FEF717FC034687F85F301C
:100DB00097F85F30002B02D1082387F85F3097F84F
:100DC0005F30042B40F0D68007F110030021184655
:100DD000FDF78FFAF864FB685B895B02FB61002317
:100DE00087F85F30FB6C002B02D1072387F85F3058
:100DF000FB6C012B02D1022387F85F30FB6CB3F14F
:100E0000FF3F02D1012387F85F3097F85F30002B56
:100E100006D1FB681846FCF777FF034687F85F307A
:100E2000FCF730FAB86497F85F30002B6AD1FB68A2
:100E3000F96C1846FDF748F87865FB6834337B6435
:100E40004FF400720021786CFCF794FD0B222021F6
:100E5000786CFCF78FFD7B6C2E221A707B6C0B3349
:100E600010221A707B6C1633B96C1846FCF735FDEE
:100E7000FB68FA6C796C1846FDF7ADFC7B6C20338F
:100E80002022796C1846FCF754FD7B6C21332E220E
:100E90001A70BB693B65FB681B78032B06D1FB68A6
:100EA0009B6A3A6D9A4201D100233B65F8687B6CDE
:100EB00020333A6D1946FDF78EFCFB685B89BB65F4
:100EC0001BE07B6D5A1C7A65FA681363FB6801228C
:100ED000DA70FB681846FCF717FF034687F85F30A7
:100EE00097F85F30002B0CD14FF400720021786C22
:100EF000FCF740FDBB6D013BBB65BB6D002BE0D13A
:100F000000E000BF97F85F30002B07D107F1100316
:100F10001846FDF7D3FF034687F85F3097F85F3038
:100F2000002B20D13B6B7B647B6C1633B96C18466D
:100F3000FCF7D3FCFB68FA6C796C1846FDF74BFCA8
:100F40007B6C0B3310221A70FB680122DA7097F861
:100F50005F30002B0ED1FB681846FCF747FF0346B5
:100F600087F85F3006E007F110030022F96C18469D
:100F7000FDF75AF997F85F3018466037BD4680BDD7
:100F800080B487B000AFF860B9601346FB710123ED
:100F9000FB750023BB751F4B5B7ADBB2002B31D195
:100FA0001C4B5B7ADBB21A461A4B00219954194B41
:100FB0005B7ADBB2174A9B001344FA685A60154B00
:100FC0005B7ADBB21A46134B1344FA791A72114B4F
:100FD0005B7ADBB25A1CD1B20E4A5172BB75BB7D33
:100FE0003033DAB2BB681A70BB6801333A221A7028
:100FF000BB6802332F221A70BB68033300221A70B9
:101000000023FB75FB7D18461C37BD465DF8047B4D
:10101000704700BFE054002080B582B000AF786018
:101020003960002239687868FFF7AAFF034618463E
:101030000837BD4680BD000080B485B000AF0346D0
:101040003960FB80FB887F2B02D8FB88FB8125E081
:101050003B68002B0BD0FB88FF2B05D8FB88803B1F
:10106000124A32F8133000E00023FB8116E000231F
:10107000FB8109E0FB890D4A32F81330FA889A4265
:1010800006D0FB890133FB81FB897F2BF2D900E07D
:1010900000BFFB8980339BB2DBB2FB81FB89184622
:1010A0001437BD465DF8047B704700BF205E010821
:1010B00080B487B000AF0346FB80FB88B3F5805F48
:1010C00001D23E4B00E03E4B7B617B699A1C7A610A
:1010D0001B887B827B8A002B68D0FA887B8A9A42A5
:1010E00064D37B699A1C7A611B883B823B8A1B0A0A
:1010F000FB813B8ADBB23B82FA88798A3B8A0B44CC
:101100009A4249DAFB89082B4FD801A252F823F002
:1011100035110108471101085D1101086511010829
:101120006D110108751101087D1101088511010873
:101130008D110108FA887B8AD31A5B007A691344FF
:101140001B88FB8027E0FA887B8AD31A9BB203F0C6
:1011500001039BB2FA88D31AFB801CE0FB88103B8A
:10116000FB8018E0FB88203BFB8014E0FB88303BD1
:10117000FB8010E0FB881A3BFB800CE0FB88083307
:10118000FB8008E0FB88503BFB8004E0FB88A3F574
:10119000E353FB8000BF08E0FB89002B95D13B8A1D
:1011A0005B007A6913447B618FE700BFFB881846B8
:1011B0001C37BD465DF8047B704700BF205F010807
:1011C000146101082DE9FF4757EC106B002F0C4606
:1011D00019463B46BBBF07F100431F4600232D23A2
:1011E0000B700D9BDDF830A0914623F02008BCBFAA
:1011F00032461646B8F1460F05D0B8F1450F00D17A
:101200000134022100E0032103AB019302AB009300
:1012100047EC106B5346224601F0EEFEB8F1470F43
:10122000054619D119F0010F0ED000EB0409002278
:10123000002330463946EFF747FC08B1CDF80C9053
:101240003022039B4B451ED3039B0E9A5B1B284603
:10125000136004B0BDE8F087B8F1460F00EB040955
:10126000E5D10378302B0AD10022002330463946DD
:10127000EFF72AFC18B9C4F10104CAF80040DAF803
:1012800000309944D3E7591C03911A70D9E7F7B598
:101290000029BABF49422D232B230929027043702C
:1012A00029DD0DF107031D460A271A46B1FBF7F6A3
:1012B00007FB1614303402F8014C0C46632C03F182
:1012C000FF333146F1DC3031941E03F8011C411C20
:1012D0002346AB420AD30DF109039B1AAC4288BFE7
:1012E000002302330344181A03B0F0BD13F8016B56
:1012F00001F8016FEDE7302330318370C170031DB9
:10130000F1E700002DE9F04F8DB00C46DDF8588074
:1013100016461F46054601F0C3FD036804931846B0
:10132000EEF7A6FF00230A93D8F8003005900733A4
:1013300023F0070303F1080294F818A0D4F800B0D2
:10134000C8F80020D3E9008929F000430793CDF8BD
:101350001880C4E91289DDE906019C4B4FF0FF3289
:10136000EFF7E4FB70BBDDE90601984B4FF0FF326D
:10137000EFF7BEFB30BB0022002340464946EFF7A3
:10138000ADFB10B12D2384F84330914A914BBAF153
:10139000470F8CBF90469846032323612BF004032C
:1013A00023604FF00009009733460BAA21462846D8
:1013B00000F0D2F9013040F08D804FF0FF300DB0D9
:1013C000BDE8F08F42464B4640464946EFF7AEFB3C
:1013D00040B14B46002BBCBF2D2384F843307E4ADE
:1013E0007E4BD4E763680AF0DF0206925A1C3BD1B9
:1013F000062363604BF480620023226003930AABF0
:10140000CDE901A309AB0093616849EC108B0DF1A4
:1014100023032846FFF7D6FE069B0999472B8046F3
:1014200029D1C81C02DB6368994241DDAAF1020A96
:101430005FFA8AFA0139524604F150000991FFF728
:1014400026FF0A9A1318012A8146236102DC2268CA
:10145000D20701D5013323619DF82330002BA2D0A0
:101460002D2384F843309EE7069A472AC2D1002BE9
:10147000C0D10123BDE7BAF1650FDBD9BAF1660F20
:1014800018D1002963680BDD216113B92268D007E8
:1014900002D501330B442361A1654FF00009DBE75E
:1014A00013B92268D20701D50233F4E70123F2E72A
:1014B0004FF0670A0A9B994205DB23682161D80730
:1014C000EAD54B1CE7E70029D4BFC1F10202012293
:1014D0001344E0E723685A0507D42369424631469E
:1014E0002846B84701302BD167E7BAF1650F40F2C3
:1014F000DD80D4E9120100220023EFF7E5FA00288D
:1015000033D0374A012331462846B84701303FF4EB
:1015100054AFDDE90938434502DB2368D8070FD50E
:10152000DDE9042331462846B84701303FF445AF92
:101530004FF0000908F1FF3804F11A0AC84509DC28
:1015400023689B0700F10381E0680B9B9842B8BFBA
:10155000184634E70123524631462846B847013041
:101560003FF42BAF09F10109E8E7099B002B39DCB7
:101570001B4A012331462846B84701303FF41DAFCE
:10158000DDE9093959EA030302D12368D907D7D520
:10159000DDE9042331462846B84701303FF40DAF5A
:1015A0004FF0000A04F11A0B099B5B42534501DC22
:1015B0004B4693E701235A4631462846B847013047
:1015C0003FF4FBAE0AF1010AEEE700BFFFFFEF7F39
:1015D000D4610108D0610108DC610108D86101080B
:1015E000E0610108A36DDDF828A05345A8BF53466C
:1015F000002B994636DC4FF0000B29EAE97904F11B
:101600001A02A36D0693A3EB09035B4531DC099B2A
:101610009A453ADC2368DA0737D4099BAAEB030919
:10162000069BAAEB03039945A8BF9946B9F1000FA1
:1016300033DC4FF0000829EAE97904F11A0B099B21
:10164000AAEB0303A3EB090343457FF779AF01231B
:101650005A4631462846B84701303FF4AEAE08F14D
:101660000108ECE7424631462846B8470130C2D16E
:10167000A3E60123314628460692B84701303FF4DD
:101680009CAE069A0BF1010BBBE7DDE90423314662
:101690002846B8470130C0D18FE6069A4B464244EF
:1016A00031462846B8470130C3D186E6DDF828A088
:1016B000BAF1010F01DCDB0736D501234246314682
:1016C0002846B84701303FF478AEDDE904233146BF
:1016D0002846B84701303FF470AED4E91201002229
:1016E00000230AF1FF3AEFF7EFF9C0B9534608F1CA
:1016F000010231462846B84701300CD15DE601238E
:101700005A4631462846B84701303FF456AE08F1F4
:101710000108D045F3DB4B4604F15002DFE64FF001
:10172000000804F11A0BF4E701234246E1E7012324
:101730004A4631462846B84701303FF43EAE08F1EC
:101740000108E3680B995B1A4345F0DCFCE64FF0B7
:10175000000804F11909F4E72DE9F0471646984608
:101760008A680B69DDF820909342B8BF1346336056
:1017700091F8432007460C460AB1013333602368D1
:10178000990642BF336802333360256815F00605B9
:1017900006D104F1190AE36832689B1AAB4226DCD1
:1017A00094F843302268003B18BF012392062BD4E3
:1017B00004F1430241463846C84701301ED0236831
:1017C000226903F00603042B02BFE5683368ED1AB3
:1017D000A3680CBF25EAE57500259342C4BF9B1A98
:1017E000ED1800261A34B5421AD1002008E0012372
:1017F000524641463846C847013003D14FF0FF30CA
:10180000BDE8F0870135C6E7E1185A1C302081F8A1
:101810004300224494F8451082F843100233C7E78E
:101820000123224641463846C8470130E6D00136FA
:10183000D9E700002DE9FF470F7E0C9E782F9146D7
:1018400080460C469A4601F1430207D8622F0AD817
:10185000002F00F0D180582F00F0B88004F142062C
:1018600084F842703AE0A7F16303152BF6D801A182
:1018700051F823F0CD180108E11801085D1801089E
:101880005D1801085D1801085D180108E1180108DC
:101890005D1801085D1801085D1801085D18010850
:1018A000DF1901080B190108991901085D180108D1
:1018B0005D180108011A01085D1801080B190108DB
:1018C0005D1801085D180108A119010833681A1D87
:1018D0001B68326004F1420684F8423001239CE028
:1018E00033682068191D3160060601D51D6803E0C4
:1018F0004506FBD5B3F90050002D03DA2D236D42C8
:1019000084F8433058480A2311E0216833680806F8
:1019100053F8045B02D4490648BFADB26F2F52485A
:10192000336014BF0A230823002184F8431066683B
:10193000A660002E05DB21682E4321F00401216002
:101940004BD01646B5FBF3F103FB1157C75D06F804
:10195000017D2F46BB420D46F4D9082B0BD12368DD
:10196000DF0708D5236961689942DEBF302306F896
:10197000013C06F1FF36921B2261CDF800A04B46D8
:1019800003AA21464046FFF7E7FE01304AD14FF057
:10199000FF3004B0BDE8F087236843F020032360E4
:1019A0003248782784F84570236831681F0651F85B
:1019B000045B02D45F0648BFADB23160D90744BFB3
:1019C00043F0200323601DB11023ADE72648E9E76B
:1019D000236823F020032360F6E71646BDE733684B
:1019E00025686169181D30602E061B6801D51960D5
:1019F00002E06806FBD51980002323611646BCE788
:101A000033681A1D32601E68626800213046EEF7A6
:101A1000DFFB08B1801B606063682361002384F8EA
:101A20004330AAE72369324649464046D047013051
:101A3000ADD023689B0713D4E068039B9842B8BFDE
:101A40001846A6E70123324649464046D0470130B2
:101A50009DD00135E36803995B1AAB42F2DCEBE7FA
:101A6000002504F11906F5E7E2610108F3610108B8
:101A70002DE9F04F87B0914603938B685A1EB2F55B
:101A8000AE7F81BF6FF4AE7503EB050B40F25D13C3
:101A90008B600B680A464FF0000543F4F06342F890
:101AA0001C3BCDE9045580460C4698BF4FF0000B17
:101AB00001921646AA462F460295A2685AB1D9F855
:101AC00000301B784E2B63D8402B3BD8A3F12B0161
:101AD000C8B20E2839D91FB1236823F4807323605C
:101AE0000AF1FF3ABAF1010F00F21481019B9E4204
:101AF00000F20581012007B0BDE8F08FA3F161027B
:101B00000D2AE8D801A151F822F000BF551C0108A8
:101B1000D71A0108D71A0108D71A0108B11C010801
:101B20008B1C0108D71A0108D71A0108631C010889
:101B3000D71A0108D71A0108D71A0108D71A0108BD
:101B40001F1C0108A3F14102DAE70E29C3D801A046
:101B500050F821F00F1C0108D71A01080F1C0108CA
:101B60009F1C0108D71A0108B11B0108F51B0108C9
:101B7000F51B0108F51B0108F51B0108F51B010801
:101B8000F51B0108F51B0108F51B0108F51B0108F1
:101B90006E2B09D8602BB1D8542B7BD0592B9AD1FE
:101BA000072D98D108252FE0742B73D0792BF6E7F9
:101BB0002168C8051ED521F0800121600137BBF1E5
:101BC000000F03D001320BF1FF3BA260A368013B81
:101BD000A360236901332361D9F80430013B002B52
:101BE000C9F8043040F38280D9F800300133C9F8D5
:101BF000003062E71AEB05017FF46DAF226822F432
:101C0000C07222600D468A4606F8013BDEE7226874
:101C100010067FF560AF22F080022260F4E7BAF18F
:101C2000000F0CD177B9226802F4E061B1F5E06FE2
:101C300008D122F4F06222604FF0010AE4E7BAF121
:101C4000020F50D0012D02D0042D7FF444AF013596
:101C5000EDB2D9E7BAF1010F7FF43DAF4FF0020AC0
:101C6000D2E775B9002F7FF437AF226802F4E06144
:101C7000B1F5E06F40F0038122F4F06222600125AB
:101C8000C2E7032DE3D0052DDFE7022D7FF423AF5C
:101C90000325B9E7062D7FF41EAF0725B4E72268B8
:101CA00091057FF518AF22F4207222600297ABE70E
:101CB000226802F4A061B1F5806F05D050057FF570
:101CC0000AAF002F00F0DB80910558BF029922F483
:101CD000F06258BF791A42F4C07258BFCDE90416B9
:101CE0002260002790E74FF0030A8DE7D4F8803197
:101CF00049464046984700283FF4DFAEEBE6D4F86B
:101D00007C3116F8011D4A46404698472369013B3D
:101D10002361EBE66B1E062B24D8022D36D8019BDF
:101D20009E427FF6E7AED4F87C3116F8011D4A4694
:101D3000404698472369013B2361F0E7D4F87C31A2
:101D40001BF8011D4A46404698472369013B236121
:101D50000AF1FF3A5FFA8AFABAF1020FEED1033DB7
:101D6000EDB2761B2368DA0530D55B0511D5019BF2
:101D70009E427FF6BFAED4F87C3116F8011D4A466C
:101D8000404698472369013B2361F0E7AA46B346E2
:101D9000DEE716F8011C2369652903F1FF3306F11C
:101DA000FF3523610CD045290AD0D4F87C314A464E
:101DB00040469847236916F8021C013BB51E236173
:101DC000D4F87C314A46404698472E46226812F0A5
:101DD000100201D000208EE63270236803F4C06345
:101DE000B3F5806F25D1029B9F420AD0DA1B04F223
:101DF0006F139E4228BF04F5B7762249304600F0A3
:101E00007BF801990022404600F03EFF039B2168C9
:101E10001B6811F0020F57EC106B03F1040215D090
:101E200003990A601B68C3E90067E3680133E36054
:101E3000D0E7049B002BE4D005990A2301314046EA
:101E400000F0A2FF049B059EC21AD0E711F0040F18
:101E500003990A60E6D11D6832463B463046394652
:101E6000EEF764FE28B1084801F036F885ED000A67
:101E7000DBE730463946EEF7B7FE2860D5E70027A6
:101E80002EE600BF04620108A56301080CB430B55A
:101E9000184B0C1E1D689DB008DA8B232B604FF089
:101EA000FF301DB0BDE8304002B070474FF4027300
:101EB000ADF814304FF000031B9314BF04F1FF334F
:101EC0002346049307934FF6FF7302900690ADF8F4
:101ED0001630209A21AB02A92846019302F0F0F9AE
:101EE000431CBCBF8B232B60002CDAD0029B00224A
:101EF0001A70D6E7040200200EB410B59DB01FABD7
:101F0000029006906FF000410A48079104910A4937
:101F100053F8042B0591002402A9006801931B9437
:101F200002F0CEF9029B1C701DB0BDE8104003B05A
:101F3000704700BF040200200802FFFF002310B515
:101F40000446C0E90033C0E90433836081814366FD
:101F5000C2818361194608225C3000F045FF0D4BB9
:101F600063620D4BA3620D4BE3620D4B23630D4B7C
:101F700024629C4206D003F16802944202D0D0331E
:101F80009C4205D104F15800BDE8104000F084BF28
:101F900010BD00BFF5500108175101084F5101084D
:101FA00073510108EC540020024A0349034800F031
:101FB000EDBE00BF8C000020394701080802002058
:101FC00041680C4B994210B5044601D002F0B4FBB5
:101FD000A168094B994202D0204602F0ADFBE168AE
:101FE000064B994204D02046BDE8104002F0A4BB45
:101FF00010BD00BFEC54002054550020BC550020FB
:1020000010B50B4B0B4C0C4A1A60204600220421E1
:10201000FFF794FF04F1680001220921FFF78EFF0A
:1020200004F1D0000222BDE810401221FFF786BF64
:1020300024560020EC540020A91F0108014800F09C
:102040002CBF00BF29560020014800F027BF00BF69
:102050002956002010B50446FFF7F0FF236A1BB194
:10206000BDE81040FFF7F0BF044B2362044B1B6830
:10207000002BF5D1FFF7C4FFF2E700BFC11F010835
:102080002456002070B504460D4645EC104B16460C
:1020900002F0F2FE51EC100B7EB1C5F30A53C3F10E
:1020A0006B03002B09DD1B0503F17F55002405F5AB
:1020B000401522462B46EEF79FFA41EC100B70BDFF
:1020C0002DE9F04F9FB00C46179200221A9205900E
:1020D0004FF0000A4FF0000B0A46199211782B2995
:1020E0004AD038D80D2932D8082932D800293BD017
:1020F00000220E92199D2A78302A40F0B2806A7828
:1021000002F0DF02582A6ED102930E9B01931AABA4
:1021100000938F4A05981BAB19A901F0A5FD10F09B
:102120000F06044605D0062E28D101350023199547
:102130000E93179B002B40F08E850E9BCBB1524621
:102140000BF1004343EC102B1FB0BDE8F08F2029AA
:10215000CED10132C1E72D29CAD101210E91511CE6
:1021600019915278002AC5D1179B1994002B40F081
:10217000708552465B46E5E70021EFE71A9A3AB1CF
:1021800035211CA802F072FF1A99059802F048FB4D
:10219000013E1B9A042E06D8DFE806F014031D202A
:1021A0001400DDE91CABE10548BF4BF0004B2BF000
:1021B00000431B0D1B05002BBBD100F043FE222367
:1021C0000360B6E7DDE91CA302F2334223F4801377
:1021D00043EA025BE7E7DFF880B1E4E76FF0004B2A
:1021E0004FF0FF3ADFE7199B5A1C19925B78302BAE
:1021F000F9D0002B9DD0012300270893199B0C9345
:102200000B97B9460A2219980578A5F13003D9B27F
:10221000092928D94F49012200F0EEFD002832D0CB
:1022200000202A460A904D460346652A01D0452AD9
:1022300014D11DB9089A024396D00025199C621C3E
:10224000199262782B2A7AD02D2A7ED04FF0000C7A
:10225000A2F13001092940F2858019944FF000085D
:10226000A5E00023C8E7B9F1080FD8BF0B9900F12A
:102270000100DABF02FB01330B9302FB073709F1C0
:1022800001091990BFE7199B5A1C19925A78B9F1A4
:10229000000F3BD00A904D46A2F13003092B12D912
:1022A0000123C2E7199B5A1C19925A780130302A2F
:1022B000F8D0A2F13103082B00F2D284199B0A90C6
:1022C00000200C930546303A00F1010318D00A991A
:1022D00019440A912E464FF00A0E711CA1EB050C11
:1022E000634515DC20EAE0702B18082B05F1010589
:1022F00005441ADC0B990A2303FB01230B930023EB
:10230000199A511C199152781846C5E74846CEE7EC
:10231000082E05DC0B9E0EFB06F60B960E46DCE740
:102320001029D8BF0EFB07F7F8E70F2BDCBF0A23F5
:1023300003FB0727E3E700230A9301237AE74FF023
:10234000000CA21C1992A27882E74FF0010CF8E76A
:10235000BC630108096201080000F07F199A511C52
:1023600019915278302AF9D0A2F1310108293FF6AB
:1023700075AF303A0992199A0F924FF00A08199ADC
:10238000561C19965278A2F1300EBEF1090F39D9B8
:102390000F99761A082E44F61F6803DC09998845C0
:1023A000A8BF8846BCF1000F01D0C8F10008002D7D
:1023B0004ED1089908437FF4BCAE002B7FF4D4AE15
:1023C000692A28D025DC492A25D04E2A7FF4CCAEB4
:1023D0009A4919A801F06AFE00283FF4C5AE199B7E
:1023E0001B78282B2ED196491CAA19A801F072FE41
:1023F000052827D11D9BDDF870A043F0FF4B4BF45F
:10240000E00B96E6099908FB0121A1F1300209923F
:10241000B5E76E2ADAE78B4919A801F047FE0028D4
:102420003FF4A2AE199B8849013B19A8199301F00A
:102430003DFE10B9199B01331993DFF81CB24FF020
:10244000000A76E6814800F03FFD5BEC10AB70E6D9
:102450000A9B0B98A8EB0303B9F1000F08BFA9462C
:10246000102D09932C46A8BF1024EEF74BF8092D28
:1024700082468B4613DC099B002B3FF45AAE099B26
:1024800078DD162B5FDC724901EBC301D1E9000155
:1024900052465B46EEF7B0F882468B4649E66C4BF7
:1024A00003EBC40353E91223EEF7A6F8824638463D
:1024B0008B46EEF727F802460B4650465946EDF795
:1024C000E5FE0F2D82468B46D5DD099B2C1B1C4457
:1024D000002C40F3938014F00F030AD05C4901EB09
:1024E000C30152465B46D1E90001EEF785F882460A
:1024F0008B4634F00F0473D0B4F59A7F49DD002485
:10250000A0460B94A146059ADFF84CB12223136034
:102510004FF0000A0B9B002B3FF40BAE1A99059865
:1025200002F07EF90598494602F07AF9059841468D
:1025300002F076F90B99059802F072F90598214698
:1025400002F06EF9F5E5099AC5F125039342BCDB6B
:102550003F4CC5F10F0504EBC50152465B46D1E97E
:102560000001EEF749F8099B5D1B04EBC504D4E9B3
:1025700000238FE71633A8DB0A9BA3EB0808344B34
:1025800003EBC808D8E9002350465946EEF75EF938
:1025900082E700232F4F2411504659461E46012C36
:1025A00021DC0BB182468B462A49ABF1547B01EB0F
:1025B000C60152465B46D1E90001EEF71DF8264BF5
:1025C0000A460B4025498B42824698D8A1F58011D6
:1025D0008B4286BFDFF888B04FF0FF3A02F1547BA0
:1025E0000023089376E0E20704D5D7E90023EEF74D
:1025F00003F80123013664100837D0E7F0D06442B5
:1026000014F00F020AD0124B03EBC2035046594696
:10261000D3E90023EEF71AF982468B462411DFD066
:102620001F2C1FDD0024A0460B94A146059A2223EF
:102630004FF0000A4FF0000B13606BE7DD610108FB
:10264000A8630108D561010816620108A5630108A5
:1026500030650108086501080000F07F0000A07CDB
:10266000FFFFEF7F14F0100318BF6A23A94E0893F1
:10267000504659460023E70704D5D6E90023EDF775
:10268000BBFF0123641006F10806F4D10BB18246AA
:102690008B46089BB3B1CBF30A52C2F16B03002BFC
:1026A00059460FDD1F2B56DD342BDEBF4FF0FF33B5
:1026B000C2F14B0293404FF0000ACCBF4FF05C7B5D
:1026C00003EA010B0022002350465946EEF7FCF9BD
:1026D0000028A7D10B9B00930C9905982B464A46DE
:1026E00002F006F90B9000283FF409AF099A0A9B03
:1026F000002AA3EB0803A8BF00231293002422EAB8
:10270000E2731693A0460B9B0598596802F048F8AF
:10271000814600283FF4F7AE0B9B1A69023203F1A1
:102720000C0192000C3000F0BFFB4BEC10AB059895
:102730001CAA1BA9CDE90CAB02F00EFC1A900028D4
:102740003FF4E1AE0598012102F068F9804648B9EE
:102750004FF00008D7E64FF0FF3202FA03F303EA26
:102760000A0AAFE71B9D1C9A002DABBF129B169B5C
:10277000169E129FACBFEF185E1B089BED1A154406
:10278000654B013D9D42C2F1360250DA5B1B1F2BA7
:10279000A2EB03024FF001013DDC01FA03F31393B6
:1027A00000231093BD18089BAF4216441E443B46BD
:1027B000A8BF2B46B342A8BF3346002BC2BFED1AB9
:1027C000F61AFF1A129B002B16DD414605981A4691
:1027D00002F0DCF980460028BAD001461A9A059822
:1027E00002F032F90A9000283FF48DAE1A9905984C
:1027F00002F016F80A9B1A93002D1DDC099B002B92
:1028000023DD4946169A059802F0C0F98146E0B9E1
:102810004FF0000977E6C5F17F4505F57F0505F521
:102820007B45E23501FA05F310931391BAE70023D3
:10283000109301231393B5E71A9905982A4602F0DD
:10284000FFF91A900028D9D15DE6002E07DD494630
:102850000598324602F0F4F981460028D8D0002FBE
:1028600008DD414605983A4602F0EAF9804600281C
:102870003FF449AE1A9905984A4602F069FA0446AF
:1028800000283FF440AEC3680F930023C360414665
:1028900002F042FA002845DA0F9B53EA0A036BD193
:1028A000CBF31303002B67D12BF000431B0D1B054B
:1028B000B3F1D66F60D9636913B92369012B5BDD6E
:1028C00021460122059802F0BBF94146044602F078
:1028D00023FA002850DD2BF00043089A1B0D1B053E
:1028E000002A6AD0B3F1D66F67D8B3F15C7F7FF668
:1028F0009DAE0A4B504659460022EDF77DFE084B2F
:102900000B4082468B46002B7FF408AE059A2223AB
:10291000136003E6D063010802FCFFFF000050399A
:102920000000F07FCDF828B065D10F9ACBF31303E8
:102930005AB39F4A93422BD1089B514603B39D4BF8
:102940005A461340B3F1D46F4FF0FF321BD81B0D22
:10295000C3F16B0302FA03F3994219D1964B0A9A19
:102960009A4202D101313FF4CEAD924B0A9A1A40FD
:1029700002F5801B4FF0000A089B002BB9D1CDE572
:102980004FF0FF33E8E71346E6E753EA0A03A2D025
:10299000109BDBB10A9A1342EED00F9B089A504667
:1029A0005946BBB1FFF76EFBDDE90C0153EC102B70
:1029B000EDF76CFC82468B46DEE7A3F580136FEAE9
:1029C000135B6FEA0B5B4FF0FF3AD5E7139B13EAFB
:1029D0000A0FE1E7FFF756FBDDE90C0153EC102B82
:1029E000EDF752FC0022002382468B46EEF76CF88E
:1029F0000028C1D01AE64146204602F005FB57ECFC
:102A0000106B00224FF0804330463946EEF770F8E5
:102A100000286FD00F9B002B7AD1BAF1000F58D14C
:102A20000A9BC3F31303002B5AD1644B0022304698
:102A30003946EEF753F8002859D130463946604BF5
:102A40000022EDF7D9FD06460F4607F10043069632
:102A50000793DDE90623574DCDE910230A9B1D405E
:102A6000584B9D4240F0B2800A9BA3F1547B4BEC43
:102A700010AB02F001FADDE9062351EC100BEDF783
:102A8000BBFD52465B46EDF701FC0B4649494E4AF9
:102A900019409142824642D90D9A474B9A4203D13E
:102AA0000C9B01333FF42FADDFF80CB14FF0FF3A30
:102AB0001A99059801F0B4FE0598494601F0B0FE58
:102AC0000598414601F0ACFE0598214601F0A8FEAC
:102AD00019E6BAF1010F03D10A9B002B3FF4A6AD12
:102AE0009FED2B7B354F8DED067B0026B1E7344FF4
:102AF0000026AAE7324B304639460022EDF77CFD2E
:102B00000F9B06460F46002B9FD0CDE90667A0E736
:102B10009FED217B8DED067B57EC176B99E703F159
:102B2000547B089BCDF828B0002BC1D12BF000437B
:102B30001B0D1B059D42BBD130463946EEF7BCF854
:102B4000EDF72CFD02460B4630463946EDF79CFB6F
:102B50000B460246CDE90C23CBF313060F9B46EA46
:102B60000A061E436FD00EA3D3E90023EDF7B6FF8C
:102B700000287FF4D3AC0CA3D3E90023DDE90C01DA
:102B8000EDF7CAFF002893D0C8E400BFAFF3008080
:102B9000000000000000F0BF000000000000F03F57
:102BA0009535A094FFFFDF3F35E5AF350000E03FEE
:102BB000FFFF0F000000F07FFFFFEF7F0000F03FFE
:102BC0000000E03F0000E07FFFFF9F7C089B23B3F5
:102BD000B5F1D46F21D828A3D3E900233046394674
:102BE000EDF786FFA0B139463046EDF7DDFF01284D
:102BF00038BF0120EDF786FC0F9B06460F46FBB958
:102C000001F1004314901593DDE91423CDE910235D
:102C1000119B03F1D6635B1B11939DED0C0BDDE95A
:102C200010AB02F029F9504653EC102B5946EDF742
:102C3000E3FCDDE90C23EDF729FB82468B4670E7C8
:102C4000CDE91467E0E70EA3D3E90023EDF746FFD3
:102C500098E700230E93179A199B1360FFF76DBA3C
:102C6000652A3FF468AB452A3FF465AB0123FFF7C3
:102C7000A0BB00BFAFF300800000C0FFFFFFDF413B
:102C80009535A094FFFFCF3F014BFFF719BA00BF66
:102C900098000020242B2DE9F0478646904601D865
:102CA000012B06D100F0CEF8162303600020BDE80A
:102CB000F08734480D462A4615F8014B065D16F09C
:102CC0000806F8D12D2C10D12C780126951C33F054
:102CD000100215D1302C0DD12A7802F0DF02582ACB
:102CE00008D16C78023510230AE02B2C04BF2C7815
:102CF000951CECE7002BF6D1302C14BF0A230823D7
:102D000006F1004C0CF1FF3C0022BCFBF3F910462D
:102D100003FB19CAA4F13007092F0FD83C46A34280
:102D20001BDD571C07D0814514D301D1A24511DB0F
:102D300000FB0340012215F8014BEBE7A4F141072A
:102D4000192F01D8373CEAE7A4F16107192F04D8FD
:102D5000573CE4E74FF0FF32EDE7531C08D1222344
:102D6000CEF800306046B8F1000FA0D0691E06E032
:102D700006B14042B8F1000F99D0002AF6D1C8F848
:102D8000001094E7F9630108FFF784BF2DE9F843C9
:102D90000746884614460026D4E90195B9F1010991
:102DA00005D52468002CF7D13046BDE8F883AB89FF
:102DB000012B07D9B5F90E30013303D02946384627
:102DC000C04706436835E9E710B50139024490422F
:102DD00001D1002005E0037811F8014FA34201D092
:102DE000181B10BD0130F2E702440346934200D1A4
:102DF000704703F8011BF9E710B56AB1013984186F
:102E000010F8012B11F8013F9A4203D1A04201D0E2
:102E1000002AF5D1D01A10BD1046FCE710B50139D3
:102E2000034632B111F8014F03F8014B013A002C6F
:102E3000F7D11A440021934200D110BD03F8011BC1
:102E4000F9E70000014B1868704700BF040200203A
:102E500070B50D4D0D4C641BA4100026A64209D17F
:102E60000B4D0C4C02F06EFD641BA4100026A64214
:102E700005D170BD55F8043B98470136EEE755F88B
:102E8000043B98470136F2E7006601080066010836
:102E9000006601080466010870477047704700002B
:102EA00000487047880100200A44914200F1FF3336
:102EB00000D1704710B511F8014B03F8014F914252
:102EC000F9D110BD000000009FED010B704700BF5D
:102ED000000000000000F87F9FED010A704700BF6E
:102EE0000000C07F2DE9F74F03690C69A342074634
:102EF0007EDB013C01F11408A30000F114050093EE
:102F000005EB8403019358F8243055F8242001334D
:102F10009A4208EB8409B2FBF3F62ED34FF0000A75
:102F2000C446AE46D3465CF8043B98B206FB00A00C
:102F3000020C1B0C06FB0323DEF8002080B292B2C9
:102F4000121A5A44DEF800004FEA134A9BB2C3EB50
:102F5000224303EB104392B242EA0342E1454EF8AA
:102F6000042B4FEA234BDED2009BEB582BB9019B7D
:102F7000043B9D421A462FD33C61384601F0CCFEFB
:102F8000002825DB2946002058F8042BD1F800C082
:102F90001FFA82FE1FFA8CF3A3EB0E030344120CFC
:102FA000C2EB234202EB1C429BB243EA0243C145FF
:102FB00041F8043B4FEA2240E6D255F8242005EBC5
:102FC000840322B9043B9D421A460BD33C6101366F
:102FD000304603B0BDE8F08F1268043B002ACBD125
:102FE000013CC6E71268043B002AEFD1013CEAE746
:102FF0000020EEE7000000002DE9F04FC76997B010
:103000008DED040B55EC104B209E079181460C92E0
:1030100011937FB9102001F04FFA0246C9F81C0045
:1030200020B9A94BEF21A94802F052F9C0E9017774
:103030000760C760D9F81C30196859B15A684A60EE
:10304000012393408B60484601F0EAFBD9F81C301D
:1030500000221A602B1EB9BF23F000430593002302
:103060003360059F9A4BBCBF01223260BB4312D133
:10307000119A42F20F731360C7F31303234300F056
:103080005A85219BDFF85CA2002B00F05C850AF1D9
:10309000030300F056BD9DED047B002251EC170B9D
:1030A00000238DED0A7BEDF70FFD804658B1119A94
:1030B00001231360219B13B1219A864B1360DFF823
:1030C00028A200F040BD9DED0A0B14AA15A94846A0
:1030D00001F042FFC7F30A560290002E78D00B9BF6
:1030E000CDF84880C3F31303DDE90A0143F07F53B1
:1030F00043F44013A6F2FF3619460022764BEDF753
:10310000C3F86BA3D3E90023EDF776FA6AA3D3E9FA
:103110000023EDF7BBF8044630460D46EDF702FA02
:1031200067A3D3E90023EDF767FA02460B46204672
:103130002946EDF7ABF804460D46EDF70DFD0022EC
:103140000746002320462946EDF7C8FC40B1384623
:10315000EDF7E8F922462B46EDF7B6FC00B9013F42
:10316000162F52D85D4B03EBC703D3E90023DDE9EB
:103170000A01EDF7B3FC002849D0013F002310936A
:10318000149B9B1B5A1E45BFC3F1010300930023F0
:103190000023069254BF00930693002F39DB069B51
:1031A0000D973B44069300230893079B092B63D894
:1031B000052BC4BF043B0793079BA3F10203CCBFBD
:1031C00000240124032B63D8DFE803F05254372B8B
:1031D000DDE914631E4406F23243202BC1BFC3F164
:1031E00040039F4006F2124324FA03F3D6BFC3F113
:1031F000200347EA030004FA03F0EDF783F9012204
:10320000A1F1F873013E129276E70123B7E710901F
:10321000B6E7009BDB1B00937B42089300230D93D2
:10322000C3E7012309930C9B07EB030B0BF101038D
:10323000012B0393B8BF012306E0012309930C9BE4
:10324000002B28DD9B460393D9F81C0000210422A3
:1032500002F114059D4226D94160484601F0A0FACA
:103260008246002842D11E4B024640F2AF11DAE6F8
:103270000023E3E70023D5E7012400230793099403
:103280004FF0FF3B0022CDF80CB012230C92DBE78D
:1032900001230993F4E74FF0010BCDF80CB05B4626
:1032A000CDF830B0D0E701315200D1E7AFF3008064
:1032B00061436F63A787D23FB3C8608B288AC63F3C
:1032C000FB799F501344D33F206201083762010805
:1032D0000000F07FE16101080000F83F306501085F
:1032E0008F6201081C620108E0610108D9F81C30F6
:1032F0001860039B0E2B00F2A180002C00F09E8032
:10330000002F33DD9C4B07F00F0203EBC20393ED5C
:10331000007BF8058DED0E7B4FEA271416D5974BF1
:10332000DDE90A01D3E90823EDF790FACDE90401BC
:1033300004F00F040326914D54B9DDE90E23DDE9B5
:103340000401EDF783FACDE9040128E00226F2E753
:10335000E10708D5DDE90E01D5E90023EDF74CF9C9
:10336000CDE90E01013664100835E5E700F0AF80C5
:103370007C42814B814D04F00F0203EBC203D3E981
:103380000023DDE90A01EDF737F9CDE90401241145
:1033900000230226002C40F08F80002BD3D1109BFD
:1033A000DDE90445002B00F09480754B0022204697
:1033B0002946EDF793FB002800F08B80039B002B40
:1033C00000F08780BBF1000F34DD20466D4B0022FA
:1033D0002946EDF711F9CDE9040107F1FF3801366F
:1033E0005C463046EDF79EF8DDE90423EDF704F97D
:1033F000654B0022ECF74AFF0546A1F15076002C00
:103400006AD1DDE90401614B0022ECF73DFF024681
:103410000B46CDE904232A463346EDF77DFB002811
:1034200040F09882DDE904012A4606F10043EDF7F9
:1034300055FB38BBDDE90A34CDE90434159B002B7C
:10344000C0F257810E2F00F354814B4B03EBC7039F
:1034500093ED007B0C9B002B8DED007B80F2E580D3
:10346000039B002B00F3E1800CD1484B002251EC70
:10347000170BEDF7C1F8DDE90423EDF743FB002856
:1034800000F06682002425460C9B56466FEA03082E
:1034900000272146484601F0C3F9002D00F0BD8009
:1034A0002FB1AF4203D03946484601F0B9F9294659
:1034B000484601F0B5F9B0E0E20705D5D5E90023AB
:1034C000EDF79AF8013601236410083562E7022609
:1034D00065E7039CB84684E7274B099903EBC403CF
:1034E00053E902235444002954D029490020EDF720
:1034F000ADF933462A46ECF7C7FECDE90E01564634
:10350000DDE90401EDF728FB0546EDF70BF802466F
:103510000B46DDE90401ECF7B7FE303502460B46F9
:10352000CDE9042306F8015BDDE90E23EDF7D6FAB9
:10353000002872D1DDE9042311490020ECF7A4FE34
:10354000DDE90E23EDF7CAFA002840F0B480A64268
:103550003FF470AFDDE90E010A4B0022EDF74CF8A5
:10356000084BCDE90E010022DDE90401EDF744F836
:10357000CDE90401C4E700BF306501080865010812
:103580000000F03F0000244000001C4000001440F8
:103590000000E03F31462846EDF72EF8CDE90E0158
:1035A00013945646DDE90401EDF7D6FA0546ECF72B
:1035B000B9FF02460B46DDE90401ECF765FE303544
:1035C00006F8015B02460B46A642CDE904234FF004
:1035D000000224D1AF4BDDE90E01ECF757FE0246A5
:1035E0000B46DDE90401EDF797FA002863D1DDE928
:1035F0000E23A8490020ECF747FE02460B46DDE902
:103600000401EDF76BFA00283FF414AF139E731E0C
:10361000139316F8013C302BF8D047463BE09E4B05
:10362000ECF7EAFFCDE90401BCE7DDE904455646C5
:10363000DDE9002320462946EDF708F9EDF78CFA7D
:103640008046ECF76FFFDDE90023ECF7D5FF02467B
:103650000B462046294608F13004ECF715FE06F823
:10366000014B039DA6EB0A04A54202460B4633D14B
:10367000ECF70CFEDDE9002304460D46EDF74CFAAD
:10368000C0B9DDE9002320462946EDF71DFA10B147
:1036900018F0010F0ED10299484601F0C1F800233D
:1036A0003370119B01371F60219B002B00F04B8270
:1036B0001E6048E2B84633461E4613F8012D392AEB
:1036C00006D19A45F8D1302208F101088AF8002085
:1036D0001A7801321A70A0E76F4B0022ECF78CFFCA
:1036E0000022002304460D46EDF7EEF900289FD096
:1036F000D1E7099A002A00F0EA80079A012A00F32C
:10370000CD80129A002A00F0C18003F23343089C56
:10371000009E009A1A440092069A01211A444846D3
:10372000069201F07BF9054666B1069B002B09DD88
:10373000B342009AA8BF3346D21A0092069AF61AEC
:10374000D31A0693089B0BB3099B002B00F0C6808D
:10375000002C00F0C08029462246484601F016FAA7
:10376000029A01460546484601F06EF902998046E4
:10377000484601F055F8089B1B1B089300F0B180E8
:10378000089A4146484601F001FA02900121484654
:1037900001F044F90D9B0446002B00F0D8811A4635
:1037A0000146484601F0F2F9079B012B044600F35D
:1037B0009F80049B002B40F09780059BC3F313036D
:1037C000002B40F09380059B23F000431B0D1B054D
:1037D00033B1009B01330093069B01330693012311
:1037E00008930D9B002B00F0B881236904EB830341
:1037F000186901F0C7F8C0F12000069B184410F0CA
:103800001F0000F08280C0F12003042B73DD009BB9
:10381000C0F11C0003440093069B03440644069336
:10382000009B002B05DD02991A46484601F008FA74
:103830000290069B002B05DD21461A46484601F002
:10384000FFF90446109B002B61D00298214601F03D
:1038500063FA00285BDA002302990A22484601F045
:1038600001F8099B029007F1FF38002B00F07781E7
:10387000294600230A22484600F0F4FFBBF1000F5E
:1038800005466FDC079B022B49DC6BE0149BC3F100
:1038900036033CE70000E03F00002440039B5C1E31
:1038A000089BA34209DB1C1B039B002BBFF630AF18
:1038B000009B039A9E1A00232BE7089B0D9A0894FD
:1038C000E31A1A44009E039B0D92002421E7089CF2
:1038D000009E099D28E7DDF8088051E7089A0299C3
:1038E00050E7CDF8088051E7002379E7049B77E79C
:1038F0000023089379E793D0009A1C331A4400926E
:10390000069A1A441E4406928AE70346F4E7039B8C
:10391000002BB84620DC9B46079B022B1EDDBBF12B
:10392000000F7FF4B1AD21465B460522484600F00A
:1039300099FF01460446029801F0EEF900287FF74E
:10394000A3AD5646312306F8013B08F101089FE577
:10395000039CB8462546F4E7DDF80CB0099B002B24
:1039600000F00181002E05DD29463246484601F06F
:1039700067F90546089B002B5CD06968484600F053
:103980000FFF064628B9824B024640F2EF21FFF7AF
:103990004ABB2A690232920005F10C010C30FFF794
:1039A00083FA01223146484601F04AF90AF101033F
:1039B00000930AEB0B030893049B03F001032F46CB
:1039C00006930546009B0298214603F1FF3BFFF753
:1039D00089FA03463033039039460298099301F07F
:1039E0009BF92A4604902146484601F0B1F9C26885
:1039F000099B064602BB0146029801F08DF9099B1E
:103A00000246314648460C92099300F009FF079B95
:103A10000C9A009E42EA0301069B1943099B0DD1B3
:103A2000392B27D0049A002A01DD039B31338BF810
:103A300000302EE52846B9E70122E2E70499002983
:103A400004DB079801430698014320D1002AEEDDEC
:103A5000029900930122484601F0F2F821460290B3
:103A600001F05AF90028009B02DCE0D1DA07DED52C
:103A7000392BDAD139238BF8003033461E46013B0F
:103A800016F8012C392A4ED001321A7001E5002AAD
:103A900003DD392BEED00133C9E7009A089902F80B
:103AA000013C8A4228D0029900230A22484600F0AD
:103AB000D9FEAF4202904FF000034FF00A023946A0
:103AC000484607D100F0CEFE07460546009B01336D
:103AD000009377E700F0C6FE2946074600230A2236
:103AE000484600F0BFFE0546F0E7BBF1000FCCBF33
:103AF0005E4601265644002702990093012248465B
:103B000001F09EF82146029001F006F90028B4DC8D
:103B100002D1009BDB07B0D433461E4613F8012DBB
:103B2000302AFAD0B5E49A45A8D1312308F101082A
:103B30008AF80030ADE4219BDFF858A01BB10AF1F0
:103B40000803219A1360504617B0BDE8F08F079B19
:103B5000012B7FF72EAE0D9B089301204DE6BBF1A4
:103B6000000F7FF7D9AE564602982146FFF7BAF903
:103B700000F1300306F8013BA6EB0A029345B4DDE1
:103B8000029900230A22484600F06CFE0290EBE7FF
:103B90008F620108136201080369B3EB611F2DE90D
:103BA000F0434FEA611200F1140445DD11F01F01EA
:103BB00004EB830604EB82050CD100F110072946C3
:103BC000B14234D39B1A9B00EA1E964238BF0023B1
:103BD000234415E054F82270C1F12008CF4005F1CC
:103BE000040EA1467645F44615D89A1A9200043A76
:103BF0000135AE4238BF0022A318A75007B10433E5
:103C00001A1BA3424FEAA20208BF0023026108BFA9
:103C10004361BDE8F083DCF800C00CFA08FC4CEA14
:103C2000070749F8047B5EF8047BCF40DAE751F8D8
:103C300004CB47F804CFC3E72346E1E7A0F1300304
:103C4000092B02D82038C0B27047A0F16103052BC0
:103C500001D84738F7E7A0F14103052B01D82738F1
:103C6000F1E70020704700002DE9F04F85B08A464B
:103C700002930B68019090469C1CA14614F8010B1E
:103C80003028FAD0A9EB0303A3F1020BFFF7D6FF0C
:103C90000546002868D1A04901224846FFF7ACF844
:103CA0000746002867D199F801002646FFF7C6FFAE
:103CB000002862D0234618783028994603F1010382
:103CC000F9D0FFF7BBFFB0FA80F56D094FF0010B9B
:103CD0004A46164601323078FFF7B0FF0028F8D187
:103CE0008D4901223046FFF787F800283FD144B9BB
:103CF000741C2246164601323078FFF79FFF0028D9
:103D0000F8D1A41BA700337803F0DF03502B3ED17A
:103D100073782B2B33D02D2B34D0711C00240878D2
:103D2000FFF78CFF431EDBB2182B30D8A0F1100236
:103D300011F8010FFFF782FF00F1FF3C5FFA8CFCE6
:103D4000BCF1180F4FF00A031ED904B152421744B8
:103D5000CAF80010EDB1BBF1000F0CBF062500251D
:103D6000284605B0BDE8F08F00252C46B0E7002CB2
:103D7000C7D12746C7E74E462F460125C3E7002493
:103D8000B11CCCE70124FBE703FB0200CEE7314680
:103D9000DEE7A6EB0903013B2946072B0ADC019865
:103DA00000F0FEFC044640B95C4B0246E4215C484E
:103DB00001F08EFA01315B10EFE700F1140A0023E5
:103DC00055469B46B14537D345F804BBA5EB0A05DC
:103DD000AD102561584600F0D5FD6D01D8F80060A2
:103DE0002D1AB54254DDAD1B2946204601F061F97C
:103DF000814678B16B1E591103F01F025AF8211049
:103E00004FF0010909FA02F20A4203D04B4536DCB1
:103E10004FF0020929462046FFF7BEFE2F44D8F88E
:103E20000830BB4242DA0198214600F0F9FC0E9AB4
:103E300000231360A32593E716F8012D2E2A12D034
:103E4000202B04D145F804BB4FF0000B5B463078C3
:103E50000393FFF7F3FE039B00F00F0098404BEA3B
:103E6000000B0433AEE7B145EAD82B490393012296
:103E70003046FEF7C1FF039B0028E1D1A2E7A91E4F
:103E8000204601F016F90028C2D04FF00309C1E71F
:103E900009DA751B214601982A4600F0D1FE7F1BE6
:103EA000044600F1140A4FF00009B8E7D8F80450AE
:103EB000BD426FDDED1BAE4234DCD8F80C30022B76
:103EC00022D0032B24D0012B15D1AE4213D1012EC9
:103ED0000BD1029AD8F80430136001232361CAF889
:103EE00000300E9B62251C603AE7711E204601F0EF
:103EF000E0F80028EDD10198214600F091FC0E9ADF
:103F00000023136050252BE70F9B002BF3D1E0E734
:103F10000F9B002BDDD1EEE7096201088F620108DB
:103F2000A06201086F1EB9F1000F30D127B13946E8
:103F3000204601F0BEF881467A1101235AF822206A
:103F400007F01F07BB4013422946204618BF49F01F
:103F50000209FFF721FED8F80470761B0225B9F19B
:103F6000000F47D0D8F80C30022B15D0032B17D0F8
:103F7000012B09D119F0020F06D0DAF8003049EA16
:103F8000030919F0010F0ED145F0100532E04FF092
:103F90000109D1E70125E2E70F9BC3F101030F936C
:103FA0000F9B002BF0D0D4F810B004F114034FEAAB
:103FB0008B0A03EB8B014FF0000C184653F8042BCF
:103FC000B2F1FF3F1BD001320260022D04F1140355
:103FD0003CD1D8F80020013AB24209D17111012236
:103FE00053F8213006F01F0602FA06F61E423AD1B7
:103FF00045F020050E9B1C60029B1F60B0E69942B5
:1040000043F804CCD9D8A3689B4517DB61680198B5
:10401000013100F0C5FB814618B91A4B02468421D4
:10402000C5E62269023204F10C0192000C30FEF761
:104030003BFF2146019800F0F3FB4C4623695A1CD4
:1040400004EB8303226101225A61BEE722695A45CB
:104050000BDD01212046FFF79FFDD8F8083001371E
:10406000BB42FFF6E0AE0125C2E716F01F06FAD00C
:104070005344C6F1200653F8040C00F083FCB04210
:10408000E7DBF0E78F620108C2F10802920070B529
:10409000C2F120064368046803FA06F52C43D340B6
:1040A000046040F8043F8842F4D370BD30B5036823
:1040B000013311F8014B14B90360012030BD13F82E
:1040C000012BA2F14105192D98BF2032A242F0D058
:1040D0000020F3E72DE9F04F0B6801685E1102EB59
:1040E000860613F01F0387B018BF04360025371F5C
:1040F00082469046019346F8045CB9463C460295D8
:10410000AB464A784B1C039342B310460591049288
:10411000FFF794FD002851D1049A0599202A18D858
:10412000029B9B4513DD4C4506D2072D04DC2A4635
:1041300049462046FFF7A8FF444552D90023A4F181
:10414000040944F8043CCDF808B04C461D460399D8
:10415000D7E7292A57D10231CAF80010BBF1000F66
:1041600051D04C4506D2072D04DC2A46494620464C
:10417000FFF78AFF444536D9A8F10402234653F8D5
:10418000041B42F8041F9F42F9D23B1B23F0030398
:1041900004330134033EB44288BF04234344002265
:1041A00043F8042B9F42FBD23B681BB9474528D1FB
:1041B00001233B60052007B0BDE8F08F0135082DD5
:1041C0000BF1010B06DD4445C1D9002344F8043C42
:1041D0000125043C226800F00F0040EA0210206034
:1041E000B5E70825B3E7019B002BDDD0C3F1200321
:1041F0004FF0FF32DA4056F8043C134046F8043CD6
:10420000D2E7043FD0E70420D5E72DE9F0478E68D8
:104210001F46BE420B6882460C4690462DD8B1F927
:104220000C2012F4906F26D06569096905EB4505ED
:10423000A3EB010905EBD5757B1C4B446D109D422A
:1042400038BF1D46530527D5294600F05FF90646BD
:1042500060B321694A46FEF727FEA38923F49063E1
:1042600043F08003A381266165614E44A5EB0905F7
:104270002660A5603E46BE4200D93E4620683246D2
:10428000414600F0B5FFA3689B1BA360236833443D
:1042900023600020BDE8F0872A4600F06EFF064646
:1042A0000028E0D12169504601F044F80C23CAF8F7
:1042B0000030A38943F04003A3814FF0FF30E9E7CA
:1042C0002DE9F04F98468B891B069DB007460D4699
:1042D000144610D50B6973B9402100F017F9286016
:1042E000286130B90C233B604FF0FF301DB0BDE8B2
:1042F000F08F40236B610023099320238DF8293030
:10430000CDF80C803023DFF89C818DF82A304FF0F7
:10431000010923469A4613F8012B0AB1252AF9D13F
:10432000BAEB040B0BD05B46224629463846FFF712
:104330006CFF013000F0A780099A5A4409929AF85C
:104340000030002B00F09F8000234FF0FF32CDE9BA
:1043500005230AF1010A049307938DF853301A9349
:104360005446052214F8011B4E48EBF731FF049A1E
:10437000D8B9D00644BF20238DF85330110744BF6D
:104380002B238DF853309AF800302A2B15D0079A3A
:10439000544600204FF00A0C214611F8013B303BF7
:1043A000092B4BD9B0B1079214E0A0EB080309FA2E
:1043B00003F313430493A246D2E7039B191D1B6822
:1043C0000391002BBBBF5B4242F0020207930793AD
:1043D000B8BF049223782E2B0AD163782A2B32D1CE
:1043E000039B1A1D1B68039243EAE373023405938F
:1043F000DFF8C0A0217803225046EBF7E9FE38B180
:10440000049BA0EB0A004022824013430134049332
:1044100014F8011B24488DF828100622EBF7D8FE6B
:10442000002836D0214B1BBB039B073323F0070327
:1044300008330393099B334409936AE70CFB023268
:104440000C460120A8E700230134059319464FF0DC
:104450000A0C204610F8012B303A092A03D9002B08
:10446000C6D00591C4E70CFB012104460123F0E707
:1044700003AB00932A460E4B04A93846FCF742FFD3
:10448000421C0646D6D1AB895B063FF52DAF099895
:104490002CE703AB00932A46054B04A93846FDF7E9
:1044A000C9F9EDE7006301080A6301080513010873
:1044B0000B42010806630108024B0146186800F030
:1044C00025B800BF0402002070B50F4E0C463168BD
:1044D000054611B900F0CAFE30602146284600F0BA
:1044E000C5FE431C03D14FF0FF34204670BDC41CF1
:1044F00024F00304A042F8D0211A284600F0B6FEAA
:104500000130F2D1EFE700BF2C5600202DE9F8432F
:10451000CD1C25F0030508350C2D38BF0C25002DCA
:10452000064601DBA94204D90C2333600020BDE814
:10453000F883DFF8D48000F027F9D8F800301C4663
:1045400044BB29463046FFF7BFFF431C044658D101
:10455000D8F800402746002F43D1002C4BD02368C9
:104560003946304604EB030900F080FE814542D114
:1045700021686D1A29463046FFF7A6FF01303AD070
:1045800023682B442360D8F800305A6862BBC8F80F
:1045900000700FE02268521B20D40B2A17D9611932
:1045A000A342256018BF5960636808BFC8F80010AF
:1045B00062514B60304600F0EDF804F10B00231D12
:1045C00020F00700C21A1CBF1B1AA350AFE7626895
:1045D000A3420CBFC8F800205A60EBE7234664688A
:1045E000AEE73C467F68B6E71A465B68A342FBD15C
:1045F00000235360DEE70C233360304600F0CAF836
:1046000094E70560D6E700BF3056002082B001B9BC
:1046100001A942B14BB113780B601278101E18BF7C
:10462000012002B070471046FBE76FF00100F8E789
:10463000B1F90C202DE9F041160705460C4654D47B
:104640004B68002B02DC0B6C002B48DDE66A002E69
:1046500045D0002312F480522F68216A2B6030D09D
:10466000626DA389590705D56368D21A636B0BB1D4
:10467000236CD21A0023E66A216A2846B047431CFD
:10468000A38906D129681D292BD82A4ACA40D607F2
:1046900027D500226260D9042269226004D5421C19
:1046A00001D12B6803B96065616B2F60B9B104F16A
:1046B0004403994202D0284600F03CFE0023636385
:1046C0000DE001232846B0470246501CC9D12B6893
:1046D000002BC6D01D2B01D0162B1ED12F60002021
:1046E00022E043F040031BB21BE00F69002FF6D01D
:1046F00093070E6808BF4B690F6018BF0023A6EB35
:1047000007088B60B8F1000FE9DD216AA66A43460D
:104710003A462846B047002808DCB4F90C3043F08C
:104720004003A3814FF0FF30BDE8F0810744A8EBC0
:104730000008E7E70100402038B50B6905460C4644
:1047400013B90025284638BD18B1036A0BB9FDF727
:1047500081FCB4F90C30002BF3D0626ED00704D486
:10476000990502D4A06DFEF798FB28462146FFF775
:104770005FFF636EDA070546E4D4A3899B05E1D4A5
:10478000A06DFEF78BFBDDE70148FEF786BB00BF9F
:10479000285600200148FEF781BB00BF28560020A4
:1047A00070B5C66904460D4676B91020FFF784FE41
:1047B0000246E06120B9184B18486B2100F088FDD3
:1047C000C0E901660660C660E669F36883B1E36923
:1047D000DB6853F82500B8B9012101FA05F6721D0E
:1047E0009200204600F092FD60B1C0E901560EE053
:1047F00021220421204600F089FDE369F060DB6896
:10480000002BE4D1002070BD026843F8252000236E
:10481000C0E90333F7E700BF206201081163010814
:1048200070B5C66905460C4676B91020FFF744FE00
:104830000246E86120B9094B09488F2100F048FD84
:10484000C0E901660660C6603CB1EB696268DB687E
:1048500053F82210216043F8224070BD2062010805
:10486000116301082DE9F0410D6907460C461E460B
:1048700001F1140C0020DCF8003099B202FB016158
:104880001E0C0B0C02FB063389B2013001EB034115
:1048900085424CF8041B4FEA1346ECDC0EB3A368C8
:1048A000AB4219DC616838460131FFF779FF804679
:1048B00028B902460C4B0D48BA2100F009FD2269C7
:1048C000023204F10C0192000C30FEF7EDFA2146A1
:1048D0003846FFF7A5FF444604EB850301355E61CA
:1048E00025612046BDE8F0818F620108116301084F
:1048F0002DE9F8430C4615461F46092208330646A3
:1049000093FBF2F3002101229A4209DB3046FFF7C4
:1049100047FF40B90246194B1948D32100F0D8FC93
:1049200052000131F0E7089B4361092D4FF001036C
:10493000036116DD04F10909C8462C4418F8013B4F
:104940000146303B0A223046FFF78CFFA045F5D1E7
:10495000A5F108044C442D1B6319BB4204DBBDE8E0
:10496000F8830A340925F6E714F8013B0146303B89
:104970000A223046FFF776FFEEE700BF8F6201089C
:1049800011630108B0F5803F034636BF03040020E1
:104990001020B3F1807F3CBF1B020830B3F1805F71
:1049A0003CBF1B010430B3F1804F3CBF9B00023081
:1049B000002B05DB13F0804F00F1010008BF202021
:1049C00070470368024613F007000BD0D90721D4C3
:1049D000980749BF5B089B08012013605CBF136008
:1049E0000220704799B209B91B0C1020D9B209B93D
:1049F00008301B0A190704BF1B090430990704BFBC
:104A00009B080230D90703D45B0800F1010003D0F2
:104A100013607047002070472020704710B50C4687
:104A20000121FFF7BDFE024628B9054B054840F2BB
:104A3000451100F04DFC01234461036110BD00BF2E
:104A40008F620108116301082DE9F04F17460A69CA
:104A50003B699A42A8BF3B468946A4BF0F46994688
:104A60003D69D9F810A0BB68796805EB0A06B34226
:104A700085B0B8BF0131FFF793FE30B90246414B14
:104A800041484FF4B17100F023FC00F1140404EB31
:104A9000860E23460022734520D307F1140809F13E
:104AA000140108EB850501EB8A030293EB1B153B10
:104AB00023F0030304331537BD4238BF04230193A9
:104AC000029B03918B420CD8002E03DD5EF8043D5F
:104AD000002B55D0066105B0BDE8F08F43F8042BDC
:104AE000D9E7B1F800A0BAF1000F1FD0C446A14623
:104AF00000275CF8042BD9F800301FFA82FB9BB228
:104B00000AFB0B333B44D9F80070120C3F0C0AFB34
:104B1000027202EB13429BB243EA0243654549F835
:104B2000043B4FEA1247E4D8019BE750039BB3F8DC
:104B300002900431B9F1000F20D023684746A44603
:104B40004FF0000AB7F800B0BCF8022009FB0B22B6
:104B500052449BB243EA02434CF8043B57F8043BEF
:104B60004FEA134ABCF8003009FB0A3303EB124347
:104B7000BD424FEA134AE5D8019AA35004349FE797
:104B8000013EA1E78F620108116301082DE9F84396
:104B9000154612F0030207460E4607D0254C013A8F
:104BA000002354F82220FFF75DFE0646AD103DD0ED
:104BB000FC697CB91020FFF77FFC0246F86128B938
:104BC0001D4B1E4840F2B31100F082FBC0E90144C6
:104BD0000460C460D7F81C80D8F808404CB940F293
:104BE00071213846FFF71AFF0023C8F80800044671
:104BF00003604FF00009EB070AD5314622463846DC
:104C0000FFF722FF314680463846FFF709FE464649
:104C10006D100BD0206838B9224621463846FFF780
:104C200013FF2060C0F800900446E4E73046BDE87A
:104C3000F88300BFFC6401082062010811630108C9
:104C40002DE9F0470C464968236903EB6218A36815
:104C5000074691464FEA621A08F10106B3420BDBA0
:104C60003846FFF79DFD054648B90246284B2948BE
:104C70004FF4EF7100F02CFB01315B00EEE70023F5
:104C800000F1140100F110021846534533DB20698E
:104C90002AEAEA7A04F1140319F01F0901EB8A01E8
:104CA00003EB800C2BD0C9F1200E8A460022186835
:104CB00000FA09F010434AF8040B53F8042B9C4502
:104CC00022FA0EF2F3D8ACEB0403153B23F00303F6
:104CD000043304F11500604588BF0423CA500AB1AB
:104CE00008F10206013E38462E612146FFF798FD85
:104CF0002846BDE8F08742F8040F0133C5E70439C0
:104D000053F8042B41F8042F9C45F9D8EAE700BF7B
:104D10008F620108116301080A6903460069801A5D
:104D200030B50ED11433143103EB820401EB820150
:104D300054F8045D51F8042D954203D005D24FF08C
:104D4000FF3030BDA342F3D3FBE70120F9E70000B9
:104D50002DE9F74F89460646114648461446FFF7A7
:104D6000DBFF051E12D129463046FFF719FD02462A
:104D700028B93F4B40F237213E4800F0A9FA012301
:104D8000C0E90435104603B0BDE8F08FBCBF4B4608
:104D9000A1463046D9F80410BABF1C4601250025AB
:104DA000FFF7FEFC024618B9314B40F24521E3E71C
:104DB000D9F810702669C56009F1100309F11405CE
:104DC00004F1140E00F1140B05EB87080EEB8606B8
:104DD0000193D9464FF0000C019B5EF8040B53F889
:104DE00004AF01931FFA8AF3194683B2CB1A000C61
:104DF0006344C0EB1A4000EB23409BB243EA0043FC
:104E0000764549F8043B4FEA204CE5D8331B153B67
:104E100023F0030315340433A64238BF04231D4492
:104E20005B441E462C4644450ED308F10301491B42
:104E300021F00301033DA84538BF00210B4453F87E
:104E4000041D91B117619DE754F8041BE646080C58
:104E50001CFA81FC714400EB2C4089B241EA00410C
:104E600046F8041B4FEA204CDDE7013FE7E700BFAF
:104E70008F6201081163010882B08DED000B019A69
:104E80000F4B1340A3F15073002B08DC5B42B3F1CE
:104E9000A07F4FEA235204DA4FF40023134100228B
:104EA00008E0A2F114031E2BDABF4FF00042DA40F3
:104EB000012200231946104641EC100B02B0704746
:104EC0000000F07F2DE9F041066900F1140808EBBD
:104ED0008606371F56F8042C1046FFF753FDC0F125
:104EE00020030A280B601B4915DCC0F10B0C22FAC9
:104EF0000CF3B84543EA010534BF56F8083C0023DB
:104F0000153002FA00F023FA0CF303431C4645EC7B
:104F1000104BBDE8F081B8453ABF56F8083CA6F101
:104F2000080700230B3812D0C0F1200123FA01F446
:104F300082402243474542F07F558CBF57F8042CEE
:104F400000228340CA4045F440151343DEE742EA9D
:104F50000105DBE70000F03F2DE9F7430F46012193
:104F600059EC108B1646FFF71BFC044630B902467D
:104F7000234B244840F20F3100F0AAF9C9F30A5537
:104F8000C9F313030DB143F480130193B8F1000387
:104F900023D068460093FFF714FDDDE90012D0B17D
:104FA000C0F1200302FA03F30B43C2406361019294
:104FB000019BA361002B0CBF012202222261A5B13B
:104FC000A5F2334505443D60C0F135003060204610
:104FD00003B0BDE8F0836161EAE701A8FFF7F1FCE7
:104FE000019B636120300122E8E704EB8203A0F219
:104FF000324038601869FFF7C5FCC0EB4210E5E7A6
:105000008F620108116301082DE9F04F85B0CDE9E9
:10501000001002A9FFF756FF009803A955EC104BAA
:10502000FFF750FF019B1969009B1B69C91ADDE955
:1050300002329B1A5BEC10AB03EB4113002BCEBF8B
:105040002A46C3EB03335A462F46D946CCBF02EB60
:10505000035702EB03594B46524620463946EBF7BD
:10506000F5FB41EC100B05B0BDE8F08F013970B5D0
:1050700049111469013102F1140300EB810103EBC2
:105080008404051FA3420CD3A31A113B23F003038E
:105090001132A24288BF002318440023884205D35E
:1050A00070BD53F8046B45F8046FEBE740F8043B20
:1050B000F4E700F1140200694B11984210B511DBBE
:1050C0000ADD11F01F0107D052F8234024FA01F045
:1050D00000FA01F18C420BD102EB8303934203D817
:1050E000002010BD0346F7E753F8041D0029F5D052
:1050F0000120F6E710B50C46B1F90E1000F0A4F847
:105100000028ABBF636DA3891B1823F48053ACBF89
:105110006365A38110BD2DE9F0411F468B89DB0536
:1051200005460C46164605D5B1F90E10022300229D
:1051300000F078F8A389B4F90E1023F48053A3810A
:1051400032463B462846BDE8F04100F09FB810B516
:105150000C46B1F90E1000F065F8431CA38915BF89
:10516000606523F4805343F48053A38118BFA38167
:1051700010BDB1F90E1000F09BB82DE9F0410746C3
:1051800014460D4621B9BDE8F0411146FFF7BEB9FE
:105190002AB900F0CFF825462846BDE8F08100F096
:1051A00013F98442064602D8B4EB500FF4D82146D6
:1051B0003846FFF7ABF9804608B94546ECE7B442FC
:1051C0002246294628BF3246FDF76EFE294638465C
:1051D00000F0B0F8F1E70346084641B1FF2A04D9D0
:1051E0008A221A604FF0FF3070470A700120704722
:1051F000884210B501EB020402D98442234607D845
:10520000431EA14208D011F8012B03F8012FF8E743
:10521000024401468A4200D110BD13F8014D02F844
:10522000014DF7E738B5074D044608461146002200
:105230002A601A46EFF717FD431C02D12B6803B111
:10524000236038BD3456002038B5074D0446084663
:10525000114600222A601A46EFF7A5FC431C02D132
:105260002B6803B1236038BD3456002038B5064D95
:105270000023044608462B60EFF702FD431C02D1D1
:105280002B6803B1236038BD3456002038B5074D74
:1052900004460846114600222A601A46EFF7A0FC91
:1052A000431C02D12B6803B1236038BD3456002063
:1052B00038B5064D0023044608462B60EFF7ACFCDA
:1052C000431C02D12B6803B1236038BD3456002043
:1052D0001FB514461A46094B1B680546D8684CB1E1
:1052E000074B0091CDE9013406492B4600F074F8D4
:1052F00000F084F8044B1C46F3E700BF04020020D2
:105300006A63010877630108A563010870B5A1FB12
:10531000025434B92946FFF7F9F8064628B9304651
:1053200070BD0C2202600026F9E72A462146FDF7EF
:105330005BFDF4E738B50546002941D051F8043C3F
:105340000C1F002BB8BFE418FFF71EFA1D4A1368A4
:1053500033B9636014602846BDE83840FFF71ABAD5
:10536000A34208D9206821188B4201BF19685B68E5
:1053700009182160EDE71A465B680BB1A342FAD920
:1053800011685018A0420BD1206801445018834284
:105390001160E0D118685B68536008441060DAE778
:1053A00002D90C232B60D6E7206821188B4204BF5A
:1053B00019685B68636004BF091821605460CAE71C
:1053C00038BD00BF3056002051F8043C181F002B98
:1053D000BCBF0B58C01870470EB403B5014603ABF1
:1053E000054853F8042B0068019300F037F802B029
:1053F0005DF804EB03B070470402002008B50620F6
:1054000000F062FA0120EFF7C3FB9368013B002B29
:1054100010B4936008DA9469A34201DB0A2903D12E
:105420005DF8044B00F032B91368581C1060197015
:1054300008465DF8044B7047F8B506460F4614461B
:10544000D518AC4201D1002007E014F8011B3A4600
:105450003046FFF7DAFF431CF3D1F8BD2DE9F04FDA
:105460000D469DB014469846064618B1036A0BB91E
:10547000FCF7F0FD6B6ED90705D4AB899A0502D411
:10548000A86DFDF70AFDAB891B0701D52B699BB9F8
:105490002946304600F038F970B16B6EDC0704D550
:1054A0004FF0FF301DB0BDE8F08FAB899805F7D401
:1054B000A86DFDF7F3FCF3E70023099320238DF893
:1054C0002930CDF80C803023DFF8AC818DF82A30FC
:1054D0004FF0010923469A4613F8012B0AB1252AF9
:1054E000F9D1BAEB040B0BD05B4622462946304675
:1054F000FFF7A2FF013000F0A780099A5A440992F1
:105500009AF80030002B00F09F8000234FF0FF320C
:10551000CDE905230AF1010A049307938DF853306E
:105520001A935446052214F8011B5348EAF750FE1B
:10553000049AD8B9D10644BF20238DF853301307FD
:1055400044BF2B238DF853309AF800302A2B15D006
:10555000079A544600204FF00A0C214611F8013BEF
:10556000303B092B4BD9B0B1079214E0A0EB0803F4
:1055700009FA03F313430493A246D2E7039B191DD0
:105580001B680391002BBBBF5B4242F002020793F2
:105590000793B8BF049223782E2B0AD163782A2B65
:1055A00032D1039B1A1D1B68039243EAE373023452
:1055B0000593DFF8D4A0217803225046EAF708FECD
:1055C00038B1049BA0EB0A0040228240134301340F
:1055D000049314F8011B29488DF828100622EAF7D5
:1055E000F7FD00283FD0264B1BBB039B073323F05E
:1055F000070308330393099B3B4409936AE70CFBB9
:1056000002320C460120A8E7002301340593194615
:105610004FF00A0C204610F8012B303A092A03D922
:10562000002BC6D00591C4E70CFB012104460123E1
:10563000F0E703AB00932A46124B04A93046FBF770
:1056400061FE0746781CD6D16B6ED90705D4AB89AD
:105650009A0502D4A86DFDF721FCAB895B063FF5E6
:105660001FAF09981EE703AB00932A46054B04A918
:105670003046FCF7DFF8E4E7006301080A6301083D
:10568000051301083954010806630108F8B50E46F0
:105690001446054618B1036A0BB9FCF7DBFCA36995
:1056A000A360A3891A0701D5236943B92146284677
:1056B00000F02AF818B14FF0FF373846F8BD2368DC
:1056C0002269981A6369F6B28342374605DC21469F
:1056D0002846FFF731F80028EDD1A368013BA3600D
:1056E00023685A1C22601E706269431C9A4204D0CF
:1056F000A389DB07E1D50A2EDFD121462846FFF733
:105700001BF80028D9D0D6E738B5294B05461868CC
:105710000C4618B1036A0BB9FCF79CFCB4F90C30C9
:10572000190722D4DA0607D409222A6043F040037D
:10573000A3814FF0FF3033E0580712D5616B41B1C0
:1057400004F14403994202D02846FFF7F3FD0023F9
:105750006363A38923F02403A38100236360236987
:105760002360A38943F00803A38123694BB9A3896C
:1057700003F42073B3F5007F03D02146284600F0E0
:105780003FF8B4F90C3013F001020AD00022A260F5
:1057900062695242A261226942B913F08000C5D108
:1057A00038BD990758BF6269A260F4E70020F7E7A7
:1057B0000402002070B50C46B1F90E10002996B015
:1057C00015461E460DDAA38913F0800F4FF0000135
:1057D00014BF40234FF48063002031602B6016B06B
:1057E00070BD6A4600F09CF80028ECDB019901F4DA
:1057F0007041A1F50053594259414FF48063EBE7E2
:105800008B89F7B59D0706460C4607D504F147037B
:10581000236023610123636103B0F0BD01AB6A46DD
:10582000FFF7C8FF009F054639463046FEF76EFE7B
:1058300048B9B4F90C309A05EED423F0030343F0D1
:105840000203A381E2E7A389206043F08003A381E0
:10585000019BC4E904075BB1B4F90E10304600F0B7
:105860003BF828B1A38923F0030343F00103A3818C
:10587000A3891D43A581CFE71F2938B505460C46EE
:1058800004D9162303604FF0FF3038BDC26B12B14C
:1058900052F821304BB9284600F040F82246014624
:1058A0002846BDE8384000F027B8012B0AD0591C23
:1058B00003D1162303600120E7E7002142F82410FA
:1058C000204698470020E0E7024B01461868FFF7A2
:1058D000D3BF00BF0402002038B5064D00230446A4
:1058E00008462B60EFF7B4F9431C02D12B6803B1D3
:1058F000236038BD3456002038B5074D00230446D8
:10590000084611462B60EFF733F9431C02D12B6890
:1059100003B1236038BD00BF34560020EFF720B933
:1059200038B5074D00230446084611462B60EFF7B3
:105930007FF9431C02D12B6803B1236038BD00BF3F
:1059400034560020F8B500BFF8BC08BC9E4670472E
:0C595000F8B500BFF8BC08BC9E467047CC
:1059600053656C662D546573742076312E350000B6
:105970002D2D2D2D2D2D2D2D2D2D2D2D2D2D2D2D57
:105980002D2D2D2D00000000202020202020202063
:105990002020202020202020202020200000000087
:1059A000252D32302E3230730000000076312E3635
:1059B0000000000044656D6F2046572025732025A8
:1059C000336C754D487A0000253034752D25303202
:1059D000752D2530327520253032753A25303275D7
:1059E0003A2530327500000054312025342E3166BE
:1059F00043202054322025342E316643000000001D
:105A00003141444320324D5033203343544C2034F1
:105A1000535953004F4E20004F4646004144432007
:105A2000564945572020204353563A25730000001D
:105A300041312025347500004132202534750000A5
:105A4000413320253475000041312025312E336645
:105A50005600000041322025312E336656000000EA
:105A600041332025312E3366560000004131202578
:105A7000337525250000000041322025337525258A
:105A8000000000004133202533752525000000006B
:105A90004D50333A202F4D5553494300284E6F2027
:105AA0004D5033290000000025730000504C41592F
:105AB000000000005041555345000000564F4C3A3D
:105AC00025303275202573003150726576203250B2
:105AD0006C617920334E6578742034486F6D6500B1
:105AE000534552564F2025752D25750041444331AD
:105AF0003A253475202D3E2025347575730000003D
:105B00004344533A25347520204155544F3A257368
:105B100000000000312D4D494E20324155544F2098
:105B2000332B4D415820344241434B005359535479
:105B3000454D00003E20446174652F54696D650039
:105B40002020446174652F54696D65003E20496EC4
:105B5000666F2F44696167002020496E666F2F448D
:105B600069616700315E20324F4B2033762034422A
:105B700041434B00494E464F000000005431202560
:105B80002E316620543220252E3166004144433A9E
:105B900025752C25752C25750000000034424143E5
:105BA0004B00000053455420444154452F54494D67
:105BB00045000000593A253464204D3A25303275AD
:105BC00020443A2530327500483A2530327520207D
:105BD0004D3A253032752020533A25303275000079
:105BE000312D20324E45585420332B2053415645F9
:105BF0003A324C004C4F470025732F4C4F475F25DE
:105C000030347525303275253032752E43535600A9
:105C100074696D652C74656D70315F632C74656D8E
:105C200070325F632C6364732C616463312C616434
:105C300063322C616463330D0A0000002530327535
:105C40003A253032753A253032752C252E32662CA5
:105C5000252E32662C25752C25752C25752C257541
:105C60000D0A00004D555349430000002F0000006D
:105C700025732F257300000050415353210000006D
:105C80004C43442832307834290000004641494CC6
:105C90002100000052544328445333323331290049
:105CA00054656D70312841533632323140343829D1
:105CB0000000000054656D70322841533632323195
:105CC0004034392900000000534443617264285372
:105CD00044494F20342D62697429000056533130F5
:105CE00030332844524551290000000041444332DA
:105CF000286F6E652D73686F74290000426F6F7492
:105D0000696E672E2E2E0000222A3A3C3E3F7C7F91
:105D1000000000002B2C3B3D5B5D0000EBFE904D36
:105D200053444F53352E30004E4F204E414D4520A9
:105D30002020204641543332202020004E4F204E58
:105D4000414D452020202046415420202020200085
:105D50001F1C1F1E1F1E1F1F1E1F1E1F00000000D6
:105D6000000000000102030406070809000000000B
:105D700001020304000610160006101661D4000884
:105D800099D40008B5D4000861D500080DD60008E4
:105D900043554541414141434545454949494141B3
:105DA0004592924F4F4F5555594F554F9C4F9E9F7F
:105DB00041494F55A5A5A6A7A8A9AAABACADAEAFC2
:105DC000B0B1B2B3B4414141B8B9BABBBCBDBEBFBA
:105DD000C0C1C2C3C4C54141C8C9CACBCCCDCECF56
:105DE000D1D145454549494949D9DADBDCDD49DFAF
:105DF0004FE14F4F4F4FE6E8E85555555959EEEFF3
:105E0000F0F1F2F3F4F5F6F7F8F9FAFBFCFDFEFF1A
:105E100001030507090E10121416181C1E000000BD
:105E2000C700FC00E900E200E400E000E500E70054
:105E3000EA00EB00E800EF00EE00EC00C400C50053
:105E4000C900E600C600F400F600F200FB00F9000D
:105E5000FF00D600DC00F800A300D800D7009201B4
:105E6000E100ED00F300FA00F100D100AA00BA0051
:105E7000BF00AE00AC00BD00BC00A100AB00BB0089
:105E800091259225932502252425C100C200C0003A
:105E9000A9006325512557255D25A200A5001025E1
:105EA000142534252C251C2500253C25E300C300A2
:105EB0005A25542569256625602550256C25A400A2
:105EC000F000D000CA00CB00C8003101CD00CE00E8
:105ED000CF0018250C2588258425A600CC00802518
:105EE000D300DF00D400D200F500D500B500FE00DD
:105EF000DE00DA00DB00D900FD00DD00AF00B400F9
:105F0000AD00B1001720BE00B600A700F700B80032
:105F1000B000A800B700B900B300B200A025A000EF
:105F200061001A03E0001703F8000703FF000100F7
:105F300078010001300132010601390110014A01E6
:105F40002E017901060180014D0043028101820189
:105F500082018401840186018701870189018A0108
:105F60008B018B018D018E018F01900191019101B7
:105F700093019401F60196019701980198013D0261
:105F80009B019C019D0120029F01A001A001A20193
:105F9000A201A401A401A601A701A701A901AA01C8
:105FA000AB01AC01AC01AE01AF01AF01B101B20177
:105FB000B301B301B501B501B701B801B801BA0128
:105FC000BB01BC01BC01BE01F701C001C101C2019E
:105FD000C301C401C501C401C701C801C701CA0189
:105FE000CB01CA01CD011001DD0101008E01DE01EE
:105FF0001201F3010300F101F401F401F801280199
:10600000220212013A020900652C3B023B023D02CA
:10601000662C3F0240024102410246020A0153023D
:10602000400081018601550289018A0158028F01D1
:106030005A0290015C025D025E025F0293016102FE
:10604000620294016402650266026702970196018A
:106050006A02622C6C026D026E029C017002710277
:106060009D01730274029F01760277027802790221
:106070007A027B027C02642C7E027F02A6018102EE
:106080008202A9018402850286028702AE014402CF
:10609000B101B20145028D028E028F02900291027F
:1060A000B7017B030300FD03FE03FF03AC03040001
:1060B0008603880389038A03B1031103C203020024
:1060C000A303A303C4030803CC0303008C038E03C0
:1060D0008F03D8031801F2030A00F903F303F40352
:1060E000F503F603F703F703F903FA03FA033004A1
:1060F000200350041007600422018A043601C10401
:106100000E01CF040100C004D0044401610526043F
:10611000000000007D1D0100632C001E9601A01EE2
:106120005A01001F0806101F0606201F0806301F10
:106130000806401F0606511F0700591F521F5B1F0C
:10614000541F5D1F561F5F1F601F0806701F0E0043
:10615000BA1FBB1FC81FC91FCA1FCB1FDA1FDB1FF7
:10616000F81FF91FEA1FEB1FFA1FFB1F801F08060D
:10617000901F0806A01F0806B01F0400B81FB91F13
:10618000B21FBC1FCC1F0100C31FD01F0206E01F9F
:106190000206E51F0100EC1FF21F0100FC1F4E214B
:1061A0000100322170211002842101008321D024BA
:1061B0001A05302C2F04602C0201672C0601752C67
:1061C0000201802C6401002D260841FF1A03000003
:1061D000494E4600696E66004E414E006E616E008B
:1061E0003000303132333435363738394142434468
:1061F00045460030313233343536373839616263E1
:106200006465660065256C64002E004300504F53A2
:10621000495800496E66696E697479004E614E0096
:106220005245454E54206D616C6C6F6320737563ED
:10623000636565646564002F6275696C642F676EC1
:10624000752D746F6F6C732D666F722D73746D3353
:10625000325F31332E332E72656C312E3230323450
:10626000303932362D313731352F7372632F6E65E9
:10627000776C69622F6E65776C69622F6C696263F7
:106280002F7374646C69622F64746F612E630042B3
:10629000616C6C6F6320737563636565646564002E
:1062A0002F6275696C642F676E752D746F6F6C73D8
:1062B0002D666F722D73746D33325F31332E332E32
:1062C00072656C312E32303234303932362D3137FE
:1062D00031352F7372632F6E65776C69622F6E652F
:1062E000776C69622F6C6962632F7374646C696286
:1062F0002F6764746F612D6765746865782E63001D
:10630000232D302B2000686C4C006566674546479E
:10631000002F6275696C642F676E752D746F6F6CDA
:10632000732D666F722D73746D33325F31332E337C
:106330002E72656C312E32303234303932362D3196
:106340003731352F7372632F6E65776C69622F6EEC
:1063500065776C69622F6C6962632F7374646C6912
:10636000622F6D707265632E63002C2066756E63FC
:1063700074696F6E3A2000617373657274696F6E31
:106380002022257322206661696C65643A20666963
:106390006C6520222573222C206C696E6520256493
:1063A000257325730A00000034000000CEFBFFFFB8
:1063B000CB030000010000000000000035000000D9
:1063C000CEFBFFFFCB030000010000000000000037
:1063D000BC89D897B2D29C3C33A7A8D523F64939BB
:1063E0003DA7F444FD0FA5329D978CCF08BA5B25DD
:1063F000436FAC6428066811002020202020202054
:106400002020282828282820202020202020202064
:106410002020202020202020208810101010101074
:1064200010101010101010101004040404040404C0
:10643000040404101010101010104141414141415A
:10644000010101010101010101010101010101013C
:10645000010101011010101010104242424242424C
:10646000020202020202020202020202020202020C
:1064700002020202101010102000000000000000B4
:10648000000000000000000000000000000000000C
:1064900000000000000000000000000000000000FC
:1064A00000000000000000000000000000000000EC
:1064B00000000000000000000000000000000000DC
:1064C00000000000000000000000000000000000CC
:1064D00000000000000000000000000000000000BC
:1064E00000000000000000000000000000000000AC
:1064F0000000000000000000000000000500000097
:10650000190000007D0000000080E03779C341439E
:10651000176E05B5B5B89346F5F93FE9034F384D09
:10652000321D30F94877825A3CBF737FDD4F1575B5
:10653000000000000000F03F0000000000002440C8
:1065400000000000000059400000000000408F40A3
:10655000000000000088C34000000000006AF8400E
:106560000000000080842E4100000000D012634132
:106570000000000084D797410000000065CDCD41A8
:10658000000000205FA00242000000E87648374289
:10659000000000A2941A6D42000040E59C30A24227
:1065A0000000901EC4BCD64200003426F56B0C439C
:1065B0000080E03779C3414300A0D8855734764343
:1065C00000C84E676DC1AB43003D9160E458E143A4
:1065D000408CB5781DAF154450EFE2D6E41A4B4419
:1065E00092D54D06CFF08044F64AE1C7022DB5445E
:0865F000B49DD9794378EA4417
:0865F800D89BFE7F01000000AA
:04660000B5010008D8
:0466040091010008F8
:10660800000C0240000C0240000C0240000C02404A
:106618000020001000080004010000000000000035
:1066280090000000000000000000000000000000D2
:1066380001000000000000009200000000000000BF
:106648000000000000000000010000000000000041
:106658000000000003000000020000000500000028
:106668000000000003000000050000000100000019
:106678000400000006000000020000000400000002
:106688000024F400100000000101000000000000D8
:1066980003000000EC54002043000000000000004C
:1066A80000000000000000000000000000000000E2
:1066B800000000000000000043000000000000008F
:1066C80000000000000000000000000000000000C2
:1066D800000000000000000043000000000000006F
:1066E80000000000000000000000000000000000A2
:1066F800000000000000000043000000000000004F
:106708000000000000000000000000000000000081
:10671800000000000000000043000000000000002E
:106728000000000000000000000000000000000061
:10673800000000000000000043000000000000000E
:106748000000000000000000000000000000000041
:1067580000000000000000004300000000000000EE
:106768000000000000000000000000000000000021
:106778000000000000000000D75101080D46010884
:1067880000000000F863010809620108A563010818
:10679800A5630108A5630108A5630108A5630108AD
:1067A800A5630108A5630108A5630108A56301089D
:1067B800FFFFFFFFFFFFFFFFFFFFFFFFFFFF0000DF
:1067C8000100415343494900000000000000000057
:1067D80000000000000000000000000000000000B1
:1067E8000000415343494900000000000000000038
:1067F8000000000000000000000000000000000091
:10680800000000000802002000000000EC540020F6
:1068180054550020BC550020000000000000000076
:106828000000000000000000000000000000000060
:106838000000000000000000000000000000000050
:106848000000000000000000000000000000000040
:04685800000000003C
:04000005080053CDCF
:00000001FF
