:020000040800F2
:1000000000000220DD1D0008BD170008C51700080C
:10001000CD170008D5170008DD1700080000000004
:10002000000000000000000000000000E5170008CC
:10003000F317000800000000011800080F1800085E
:100040002D1E00082D1E00082D1E00082D1E000864
:100050002D1E00082D1E00081B1800082918000876
:1000600037180008451800082D1E00082D1E00082E
:1000700055180008691800087D1800089118000834
:100080002D1E00082D1E00082D1E00082D1E000824
:100090002D1E00082D1E00082D1E00082D1E000814
:1000A0002D1E00082D1E00082D1E00082D1E000804
:1000B0002D1E00082D1E00082D1E00082D1E0008F4
:1000C0002D1E00082D1E00082D1E00082D1E0008E4
:1000D0002D1E00082D1E00082D1E0008A518000862
:1000E0002D1E00082D1E00082D1E00082D1E0008C4
:1000F0002D1E00082D1E00082D1E00082D1E0008B4
:100100002D1E00082D1E00082D1E00082D1E0008A3
:10011000B91800082D1E00082D1E00082D1E00080D
:100120002D1E00082D1E00082D1E00082D1E000883
:100130002D1E000800000000000000002D1E000819
:100140002D1E00082D1E00082D1E00082D1E000863
:100150002D1E00082D1E00082D1E00082D1E000853
:100160002D1E00082D1E00082D1E00082D1E000843
:100170002D1E00082D1E00080000000000000000D9
:080180002D1E00082D1E0008D1
:1001900010B5054C237833B9044B13B10448AFF3C1
:1001A00000800123237010BDD40100200000000056
:1001B0002C91000808B5034B1BB103490348AFF36A
:1001C000008008BD00000000D80100202C9100082C
:1001D00001F0FF01102A2BDB10F0070F08D010F8F8
:1001E000013B013A8B422DD010F0070F42B3F6D1FC
:1001F000F0B441EA012141EA014122F007047FF015
:1002000000070023F0E80256083C85EA010586EA6B
:10021000010685FA47F5A3FA87F586FA47F6A5FAA7
:1002200087F68EB9EED1F0BC01F0FF0102F00702B3
:1002300032B110F8013B013A83EA010313B1F8D15E
:100240000020704701387047002D06BF354603383F
:10025000073815F0010F07D1013015F4807F02BF78
:10026000013015F4C03F0130F0BC0138704700BFC9
:10027000034613F8012B002AFBD1181A01387047E6
:1002800081F0004102E000BF83F0004330B54FEA47
:1002900041044FEA430594EA050F08BF90EA020FB4
:1002A0001FBF54EA000C55EA020C7FEA645C7FEA47
:1002B000655C00F0E2804FEA5454D4EB5555B8BF6A
:1002C0006D420CDD2C4480EA020281EA030382EADB
:1002D000000083EA010180EA020281EA0303362D6D
:1002E00088BF30BD11F0004F4FEA01314FF4801C40
:1002F0004CEA113102D0404261EB410113F0004F52
:100300004FEA03334CEA133302D0524263EB430308
:1003100094EA050F00F0A780A4F10104D5F1200EA6
:100320000DDB02FA0EFC22FA05F2801841F1000101
:1003300003FA0EF2801843FA05F359410EE0A5F1D5
:1003400020050EF1200E012A03FA0EFC28BF4CF006
:10035000020C43FA05F3C01851EBE37101F00045BC
:1003600007D54FF0000EDCF1000C7EEB00006EEBC9
:100370000101B1F5801F1BD3B1F5001F0CD3490853
:100380005FEA30004FEA3C0C04F101044FEA4452AA
:1003900012F5800F80F09A80BCF1004F08BF5FEA31
:1003A000500C50F1000041EB045141EA050130BD11
:1003B0005FEA4C0C404141EB0101013C28BFB1F523
:1003C000801FE9D291F0000F04BF01460020B1FA6E
:1003D00081F308BF2033A3F10B03B3F120020CDA41
:1003E0000C3208DD02F1140CC2F10C0201FA0CF01F
:1003F00021FA02F10CE002F11402D8BFC2F1200C84
:1004000001FA02F120FA0CFCDCBF41EA0C01904039
:10041000E41AA2BF01EB0451294330BD6FEA040482
:100420001F3C1CDA0C340EDC04F11404C4F120026D
:1004300020FA04F001FA02F340EA030021FA04F37F
:1004400045EA030130BDC4F10C04C4F1200220FAD6
:1004500002F001FA04F340EA0300294630BD21FA14
:1004600004F0294630BD94F0000F83F4801306BFDA
:1004700081F480110134013D4EE77FEA645C18BFCE
:100480007FEA655C29D094EA050F08BF90EA020F65
:1004900005D054EA000C04BF1946104630BD91EA5D
:1004A000030F1EBF0021002030BD5FEA545C05D160
:1004B0004000494128BF41F0004130BD14F580049F
:1004C0003CBF01F5801130BD01F0004545F0FE4113
:1004D00041F470014FF0000030BD7FEA645C1ABF48
:1004E000194610467FEA655C1CBF0B46024650EA7F
:1004F000013406BF52EA033591EA030F41F40021AB
:1005000030BD00BF90F0000F04BF0021704730B530
:100510004FF4806404F132044FF000054FF0000105
:1005200050E700BF90F0000F04BF0021704730B5C6
:100530004FF4806404F1320410F0004548BF40429B
:100540004FF000013EE700BF42004FEAE2014FEAF0
:1005500031014FEA02701FBF12F07F4393F07F4FCB
:1005600081F06051704732F07F4208BF704793F0CE
:100570007F4F04BF41F40021704730B54FF46074E1
:1005800001F0004521F000411CE700BF50EA0102E4
:1005900008BF704730B54FF000050AE050EA01028D
:1005A00008BF704730B511F0004502D5404261EBFD
:1005B00041014FF4806404F132045FEA915C3FF43E
:1005C000D8AE4FF003025FEADC0C18BF03325FEADB
:1005D000DC0C18BF033202EBDC02C2F1200300FA8C
:1005E00003FC20FA02F001FA03FE40EA0E0021FAB1
:1005F00002F11444BDE600BF70B54FF0FF0C4CF49F
:10060000E06C1CEA11541DBF1CEA135594EA0C0F50
:1006100095EA0C0F00F0DEF82C4481EA030621EA8B
:100620004C5123EA4C5350EA013518BF52EA0335C6
:1006300041F4801143F4801338D0A0FB02CE4FF078
:100640000005E1FB02E506F00042E0FB03E54FF0A8
:100650000006E1FB03569CF0000F18BF4EF0010EA0
:10066000A4F1FF04B6F5007F64F5407404D25FEA9C
:100670004E0E6D4146EB060642EAC62141EA55514F
:100680004FEAC52040EA5E504FEACE2EB4F1FD0C91
:1006900088BFBCF5E06F1ED8BEF1004F08BF5FEA0F
:1006A000500E50F1000041EB045170BD06F00046C1
:1006B00046EA010140EA020081EA0301B4EB5C046E
:1006C000C2BFD4EB0C0541EA045170BD41F4801166
:1006D0004FF0000E013C00F3AB8014F1360FDEBF8B
:1006E000002001F0004170BDC4F10004203C35DA67
:1006F0000C341BDC04F11404C4F1200500FA05F3EA
:1007000020FA04F001FA05F240EA020001F000428A
:1007100021F0004110EBD37021FA04F642EB060100
:100720005EEA430E08BF20EAD37070BDC4F10C042A
:10073000C4F1200500FA04F320FA05F001FA04F2EE
:1007400040EA020001F0004110EBD37041F10001DA
:100750005EEA430E08BF20EAD37070BDC4F12005E5
:1007600000FA05F24EEA020E20FA04F301FA05F24D
:1007700043EA020321FA04F001F0004121FA04F2F5
:1007800020EA020000EBD3705EEA430E08BF20EAC5
:10079000D37070BD94F0000F0FD101F000464000FF
:1007A00041EB010111F4801F08BF013CF7D041EA81
:1007B000060195F0000F18BF704703F00046520085
:1007C00043EB030313F4801F08BF013DF7D043EA56
:1007D0000603704794EA0C0F0CEA135518BF95EA0C
:1007E0000C0F0CD050EA410618BF52EA4306D1D193
:1007F00081EA030101F000414FF0000070BD50EAB2
:10080000410606BF1046194652EA430619D094EA3B
:100810000C0F02D150EA013613D195EA0C0F05D125
:1008200052EA03361CBF104619460AD181EA030179
:1008300001F0004141F0FE4141F470014FF0000031
:1008400070BD41F0FE4141F4780170BD70B54FF0CC
:10085000FF0C4CF4E06C1CEA11541DBF1CEA13554C
:1008600094EA0C0F95EA0C0F00F0A7F8A4EB05042E
:1008700081EA030E52EA03354FEA013100F0888025
:100880004FEA03334FF0805545EA131343EA1263EE
:100890004FEA022245EA111545EA10654FEA0026A3
:1008A0000EF000419D4208BF964244F1FD0404F55C
:1008B000407402D25B084FEA3202B61A65EB0305B8
:1008C0005B084FEA32024FF480104FF4002CB6EB75
:1008D000020E75EB030E22BFB61A754640EA0C00F5
:1008E0005B084FEA3202B6EB020E75EB030E22BF35
:1008F000B61A754640EA5C005B084FEA3202B6EB76
:10090000020E75EB030E22BFB61A754640EA9C0034
:100910005B084FEA3202B6EB020E75EB030E22BF04
:10092000B61A754640EADC0055EA060E18D04FEAC2
:10093000051545EA16754FEA06164FEAC30343EA62
:1009400052734FEAC2025FEA1C1CC0D111F4801F2F
:100950000BD141EA00014FF000004FF0004CB6E728
:1009600011F4801F04BF01430020B4F1FD0C88BFC7
:10097000BCF5E06F3FF6AFAEB5EB030C04BFB6EBD2
:10098000020C5FEA500C50F1000041EB045170BDC5
:100990000EF0004E4EEA113114EB5C04C2BFD4EBF2
:1009A0000C0541EA045170BD41F480114FF0000E76
:1009B000013C90E645EA060E8DE60CEA135594EAF2
:1009C0000C0F08BF95EA0C0F3FF43BAF94EA0C0FF5
:1009D0000AD150EA01347FF434AF95EA0C0F7FF46A
:1009E00025AF104619462CE795EA0C0F06D152EABE
:1009F00003353FF4FDAE1046194622E750EA4106A2
:100A000018BF52EA43067FF4C5AE50EA41047FF4B2
:100A10000DAF52EA43057FF4EBAE12E74FF0FF3C17
:100A200006E000BF4FF0010C02E000BF4FF0010CE8
:100A30004DF804CD4FEA410C7FEA6C5C4FEA430C61
:100A400018BF7FEA6C5C1BD001B050EA410C0CBFB0
:100A500052EA430C91EA030F02BF90EA020F002012
:100A6000704710F1000F91EA030F58BF994208BF79
:100A700090422CBFD8176FEAE37040F00100704736
:100A80004FEA410C7FEA6C5C02D150EA013C07D18D
:100A90004FEA430C7FEA6C5CD6D152EA033CD3D0D8
:100AA0005DF8040B704700BF8446104662468C46D2
:100AB0001946634600E000BF01B5FFF7B7FF002805
:100AC00048BF10F1000F01BD4DF808EDFFF7F4FF2E
:100AD0000CBF012000205DF808FB00BF4DF808EDB9
:100AE000FFF7EAFF34BF012000205DF808FB00BFDC
:100AF0004DF808EDFFF7E0FF94BF012000205DF8FE
:100B000008FB00BF4DF808EDFFF7CEFF94BF0120B2
:100B100000205DF808FB00BF4DF808EDFFF7C4FFAB
:100B200034BF012000205DF808FB00BF4FEA410CF4
:100B30007FEA6C5C02D150EA013C0AD14FEA430CD7
:100B40007FEA6C5C02D152EA033C02D14FF0000014
:100B500070474FF0010070474FEA410212F5001252
:100B600015D211D56FF47873B3EB625212D94FEAF4
:100B7000C12343F0004343EA505311F0004F23FADE
:100B800002F018BF404270474FF00000704750EA33
:100B9000013005D111F0004008BF6FF000407047F0
:100BA0004FF00000704700BF4A0011D212F500124A
:100BB00011D20DD56FF47873B3EB62520ED44FEAB5
:100BC000C12343F0004343EA505323FA02F0704735
:100BD0004FF00000704750EA013002D14FF0FF3073
:100BE00070474FF0000070474FEA4102B2F1E04316
:100BF00024BFB3F5001CDCF1FE5C0DD901F0004C04
:100C00004FEAC0024CEA5070B2F1004F40EB830053
:100C100008BF20F00100704711F0804F21D113F17F
:100C20003872BCBF01F00040704741F480114FEAB8
:100C30005252C2F11802C2F1200C10FA0CF320FA41
:100C400002F018BF40F001004FEAC1234FEAD3235E
:100C500003FA0CFC40EA0C0023FA02F34FEA4303C8
:100C6000CCE77FEA625307D150EA01331EBF4FF051
:100C7000FE4040F44000704701F0004040F0FE406C
:100C800040F40000704700BF53B94AB9002908BFBB
:100C900000281CBF4FF0FF314FF0FF3000F0BEB90D
:100CA000ADF1080C6DE904CE00F03CF8DDF804E08D
:100CB000DDE9022304B0704738B500220023044662
:100CC0000D46FFF70BFF28B920462946BDE83840FE
:100CD00000F00AB8204605F1004100F005F8404256
:100CE00061EB410138BD00BFD0B50C4B0022064678
:100CF0000F46FFF781FCFFF757FF0446FFF702FCA2
:100D0000074B0022FFF778FC02460B463046394677
:100D1000FFF7BAFAFFF748FF2146D0BD0000F03DCB
:100D20000000F0412DE9F047089D8E4604468846B4
:100D3000002B4AD18A42174662D9B2FA82F64EB1E6
:100D4000C6F1200301FA06F820FA03F3B74043EA9C
:100D50000808B4404FEA174E1FFA87FCB8FBFEF1B3
:100D6000230C0EFB118843EA084301FB0CF29A4264
:100D700009D9FB1801F1FF3080F0EA809A4240F275
:100D8000E78002393B449A1AA3B2B2FBFEF00EFB95
:100D9000102243EA024300FB0CFC9C4509D9FB18D6
:100DA00000F1FF3280F0D6809C4540F2D3803B4476
:100DB000023840EA0140A3EB0C0300211DB1F340CF
:100DC0000022C5E90032BDE8F0878B4205D90DB19C
:100DD000C5E9000100210846F5E7B3FA83F10029CF
:100DE00046D1734502D3824200F20581841A6EEB2C
:100DF000030201209046002DE5D0C5E90048E2E756
:100E0000002A00F09080B2FA82F6002E40F0A48012
:100E10008A1A030C4FEA174E80B2BCB20121B2FB12
:100E2000FEFC0EFB1C2243EA024304FB0CF29A4236
:100E300007D9FB180CF1FF3802D29A4200F2E08089
:100E4000C4469B1AB3FBFEF20EFB123340EA034387
:100E500002FB04F49C4207D9FB1802F1FF3002D2D6
:100E60009C4200F2CA8002461B1B42EA0C40A5E7E6
:100E7000C1F120068B4022FA06F71F430EFA01F457
:100E800020FA06F32EFA06FE4FEA1749234300FA2A
:100E900001F81FFA87FCBEFBF9F01C0C09FB10EEF1
:100EA00044EA0E4400FB0CFEA64502FA01F209D901
:100EB0003C1900F1FF3A80F09C80A64540F29980F1
:100EC00002383C44A4EB0E041FFA83FEB4FBF9F392
:100ED00009FB13444EEA044403FB0CFCA44508D967
:100EE0003C1903F1FF3E80F08280A4457FD9023B8C
:100EF0003C4443EA0040A4EB0C04A0FB02EC644534
:100F00007346E14662D35FD05DB1B8EB030264EB98
:100F1000090404FA06F622FA01F31E43CC40C5E99F
:100F2000006400214FE7B1FBF2FC010C41EA0E41E5
:100F300080B240EA01423B4638463C46B846BE468F
:100F40002026B1FBF7F1A2EB080241EA0C4166E76B
:100F5000014618E710462CE7C6F120022EFA02F3EC
:100F6000B740B14020FA02F24FEA174E0A43B3FBF2
:100F7000FEF8BCB20EFB1833110C41EA034108FB2A
:100F800004F9B04089454FEA104380B23ED9791840
:100F900008F1FF3C01D289451FD8A1EB0901B1FB43
:100FA000FEF909FB04F80EFB191192B242EA014264
:100FB000424529D2BA1809F1FF31C4D24245C2D202
:100FC000A9F102013A44BEE7F0459DD2BEEB02030F
:100FD0006CEB070C0138E14696E7A7EB0909494499
:100FE000A8F1020CB1FBFEF909FB04F8DBE773463C
:100FF0007FE7504666E70846FDE63B44023A33E7A2
:10100000ACF1020C3B441CE749469CE7A1EB09010B
:10101000C446B1FBFEF909FB04F8C4E7704700BF02
:1010200080B582B000AF00237B60184B1B6B174A62
:1010300043F400131363154B1B6B03F400137B6025
:101040007B68002200210C2001F063F80C2001F0E5
:101050007CF8002200210D2001F05BF80D2001F04A
:1010600074F8002200210E2001F053F80E2001F048
:101070006CF8002200210F2001F04BF80F2001F046
:1010800064F800BF0837BD4680BD00BF003802408D
:1010900080B58AB000AF07F1140300221A605A60CD
:1010A0009A60DA601A6100233B61474B1B6B464A2A
:1010B00043F080031363444B1B6B03F080033B61DD
:1010C0003B690023FB60404B1B6B3F4A43F004032A
:1010D00013633D4B1B6B03F00403FB60FB680023B1
:1010E000BB60394B1B6B384A43F001031363364B2B
:1010F0001B6B03F00103BB60BB6800237B60324BBA
:101100001B6B314A43F0020313632F4B1B6B03F03D
:1011100002037B607B6800233B602B4B1B6B2A4ADE
:1011200043F008031363284B1B6B03F008033B6079
:101130003B6801220521254801F0D8FD00224FF42B
:101140007C41234801F0D2FD002230211F4801F0EC
:10115000CDFD07237B614FF40413BB610023FB61CA
:1011600007F1140319461B4801F00CFC08237B61AE
:101170004FF48813BB610023FB6107F11403194688
:10118000144801F0FFFB35237B610123BB61002381
:10119000FB6100233B6207F1140319460B4801F081
:1011A000F1FB4FF47C437B610123BB610023FB61B6
:1011B00000233B6207F114031946054801F0E2FBE6
:1011C00000BF2837BD4680BD003802400004024001
:1011D000000C02400008024080B500AF0D4B1B78A8
:1011E000DBB25B020C4A13444FF4007219460B4801
:1011F00002F0DEFA094BDB6B002B09D0074BDB6BEF
:101200001B681A68054BDB6B1B6822F008021A602A
:1012100000BF80BDF0090020F00100205012002026
:1012200080B500AF0D4B1B78DBB25B020C4A134458
:101230004FF4007219460B4802F0BAFA094BDB6B07
:10124000002B09D0074BDB6B1B681A68054BDB6B67
:101250001B6822F008021A6000BF80BDF10900205F
:10126000F00500200812002080B500AF01211748CA
:1012700001F024FD0346002B0AD10122012114486C
:1012800001F034FD01222021114801F02FFD09E079
:10129000002201210E4801F029FD002220210C48E6
:1012A00001F024FD00220421094801F01FFD4FF444
:1012B000FA7000F02FFE01220421054801F016FD0E
:1012C000642000F027FE00BF80BD00BF0008024080
:1012D0000004024080B500AF0B4B00221A700B4B8C
:1012E00000221A700A4B00221A700A4B00221A7050
:1012F000094B00221A70094B00221A70FFF76CFF8D
:10130000FFF78EFF00BF80BDF0090020F10900202B
:10131000F40D0020F60D0020FC110020FE1100202D
:1013200080B584B000AF78600B467B807B88002B53
:1013300000F0BA807B681B685D4A934257D15D4BD1
:101340001B783B735B4B1B78DBB283F00103DAB293
:10135000584B1A70FFF740FF7B88B3F5007F02D926
:101360004FF400737B80544B1B78DBB2002B1DD1F4
:101370000023BB72BB7A5B02504A98183B7B5B022E
:101380004F4A13447A88194605F082F94A4B0122E4
:101390001A704C4ABB7A1370BB7A5B02474A1344FB
:1013A0007A881946484802F087F97EE0474B1B7857
:1013B000DBB2002B79D1434B1B78DBB283F0010306
:1013C000FB72FB7A5B023D4A98183B7B5B023C4A0E
:1013D00013447A88194605F05BF93C4B01221A70D8
:1013E0003B4AFB7A13703B4A7B8813805DE07B6845
:1013F0001B68394A934258D1384B1B78FB73374BE3
:101400001B78DBB283F00103DAB2344B1A70FFF7BA
:1014100007FF7B88B3F5007F02D94FF400737B8010
:101420002F4B1B78DBB2002B1DD100237B737B7B02
:101430005B022C4A9818FB7B5B022B4A13447A8888
:10144000194605F025F9264B01221A70274A7B7BA5
:1014500013707B7B5B02234A13447A881946244825
:1014600002F02AF921E0234B1B78DBB2002B1CD1C0
:101470001E4B1B78DBB283F00103BB73BB7B5B02AB
:10148000184A9818FB7B5B02174A13447A8819465E
:1014900005F0FEF8174B01221A70174ABB7B137038
:1014A000164A7B88138000E000BF1037BD4680BD20
:1014B00000480040F0090020F40D0020F40900204D
:1014C000F0010020F50D002008120020F60D00208C
:1014D000F70D0020F80D0020004C0040F10900201D
:1014E000FC110020FC0D0020F0050020FD11002063
:1014F00050120020FE110020FF11002000120020D9
:1015000080B582B000AF78607B681B68244A934244
:101510001ED1244B1B78DBB2002B15D0214B0022AF
:101520001A70214B1B78DAB2204B1A701F4B1B78B4
:10153000DBB25B021E4A13441E4A128892B219465D
:101540001D4802F0B9F826E01C4B00221A7022E078
:101550007B681B681A4A93421DD11A4B1B78DBB279
:10156000002B15D0174B00221A70174B1B78DAB2DC
:10157000164B1A70154B1B78DBB25B02144A1344EE
:10158000144A128892B21946134802F095F802E004
:10159000124B00221A7000BF0837BD4680BD00BF45
:1015A000004C0040F60D0020F70D0020F50D002046
:1015B000F4090020F80D002008120020F40D00208E
:1015C00000480040FE110020FF110020FD11002006
:1015D000FC0D00200012002050120020FC11002001
:1015E00080B582B000AF78607B681B68084A934280
:1015F00002D1FFF7F1FD06E07B681B68054A9342C4
:1016000001D1FFF70DFE00BF0837BD4680BD00BF0A
:1016100000480040004C004080B500AF00F008FCDE
:1016200000F010F8FFF734FDFFF7FAFC00F050FA75
:1016300000F024FA00F070F8FFF716FEFFF74AFEFC
:1016400000BFFDE780B594B000AF07F12003302262
:101650000021184604F0D0FF07F10C0300221A60A5
:101660005A609A60DA601A610023BB60284B1B6CD9
:10167000274A43F080531364254B1B6C03F08053BF
:10168000BB60BB6800237B60224B1B68214A43F48C
:10169000804313601F4B1B6803F480437B607B68AF
:1016A00001233B624FF480337B620223BB634FF420
:1016B0008003FB6306233B64A8237B640223BB6493
:1016C0000723FB6407F12003184601F04DFB034696
:1016D000002B01D000F044F80F23FB6002233B6194
:1016E00000237B614FF4A053BB614FF48053FB6137
:1016F00007F10C030521184601F0AEFD0346002B4F
:1017000001D000F02DF800BF5037BD4680BD00BFAE
:10171000003802400070004080B500AF0022002178
:10172000062000F0F6FC062000F00FFD002200214C
:10173000072000F0EEFC072000F007FD002200214A
:10174000082000F0E6FC082000F0FFFC0022002149
:10175000092000F0DEFC092000F0F7FC00BF80BD8E
:1017600080B400AF72B600BF00BFFDE780B483B0A5
:1017700000AF00237B60104B5B6C0F4A43F4804347
:1017800053640D4B5B6C03F480437B607B680023E8
:101790003B60094B1B6C084A43F080531364064BB3
:1017A0001B6C03F080533B603B6800BF0C37BD46A9
:1017B0005DF8047B704700BF0038024080B400AF82
:1017C00000BFFDE780B400AF00BFFDE780B400AF0D
:1017D00000BFFDE780B400AF00BFFDE780B400AFFD
:1017E00000BFFDE780B400AF00BFBD465DF8047BDD
:1017F000704780B400AF00BFBD465DF8047B704702
:1018000080B400AF00BFBD465DF8047B704780B573
:1018100000AF00F05FFB00BF80BD80B500AF0120CE
:1018200001F07EFA00BF80BD80B500AF022001F05C
:1018300077FA00BF80BD80B500AF042001F070FAD8
:1018400000BF80BD80B500AF082001F069FA00BF7D
:1018500080BD000080B500AF024800F029FE00BF47
:1018600080BD00BF5813002080B500AF024800F0D3
:101870001FFE00BF80BD00BFF812002080B500AF82
:10188000024800F015FE00BF80BD00BFB813002065
:1018900080B500AF024800F00BFE00BF80BD00BF66
:1018A0009812002080B500AF024801F0DBFF00BFB6
:1018B00080BD00BF5012002080B500AF024801F08B
:1018C000D1FF00BF80BD00BF0812002080B400AF70
:1018D00001231846BD465DF8047B704780B582B091
:1018E00000AF7860396004F0A1FE034616221A604A
:1018F0004FF0FF3318460837BD4680BD80B582B033
:1019000000AF78604FF0FF317868FFF7E7FF00BF66
:10191000FDE780B586B000AFF860B9607A6000235B
:101920007B610AE0AFF300800146BB685A1CBA60D5
:10193000CAB21A707B6901337B617A697B689A420B
:10194000F0DB7B6818461837BD4680BD80B586B091
:1019500000AFF860B9607A6000237B6109E0BB6882
:101960005A1CBA601B781846AFF300807B690133BC
:101970007B617A697B689A42F1DB7B68184618378D
:10198000BD4680BD80B483B000AF78604FF0FF33B8
:1019900018460C37BD465DF8047B704780B483B0B1
:1019A00000AF786039603B684FF400525A60002302
:1019B00018460C37BD465DF8047B704780B483B091
:1019C00000AF7860012318460C37BD465DF8047BF4
:1019D000704780B485B000AFF860B9607A600023CA
:1019E00018461437BD465DF8047B704780B586B055
:1019F00000AF7860144A154BD31A7B617B693B6159
:101A0000134B1B68002B02D1114B124A1A60104B6A
:101A10001A687B6813443A699A4207D204F006FEBA
:101A200003460C221A604FF0FF3309E0084B1B6895
:101A3000FB60074B1A687B681344054A1360FB6818
:101A400018461837BD4680BD000002200004000083
:101A5000041200206815002080B400AF064BD3F8B4
:101A60008830054A43F47003C2F8883000BFBD4691
:101A70005DF8047B704700BF00ED00E080B500AF6B
:101A8000114B124A1A60104B4FF4E1325A600E4B60
:101A900000229A600C4B0022DA600B4B00221A6184
:101AA000094B0C225A61084B00229A61064B002216
:101AB000DA61054801F0B0FD0346002B01D0FFF7C5
:101AC0004FFE00BF80BD00BF08120020004C004048
:101AD00080B500AF114B124A1A60104B4FF4E1323F
:101AE0005A600E4B00229A600C4B0022DA600B4BBE
:101AF00000221A61094B0C225A61084B00229A619C
:101B0000064B0022DA61054801F086FD0346002BF2
:101B100001D0FFF725FE00BF80BD00BF501200209E
:101B20000048004080B58CB000AF786007F11C031E
:101B300000221A605A609A60DA601A617B681B683A
:101B4000994A934240F093800023BB61974B1B6CF2
:101B5000964A43F400231364944B1B6C03F4002354
:101B6000BB61BB6900237B61904B1B6B8F4A43F0C9
:101B7000010313638D4B1B6B03F001037B617B69D6
:101B80000323FB6102233B6200237B620323BB62CE
:101B90000823FB6207F11C031946854800F0F2FE9A
:101BA000844B854A1A60834B4FF000625A60814B28
:101BB00040229A607F4B0022DA607E4B4FF48062B5
:101BC0001A617C4B00225A617A4B00229A61794B50
:101BD0000022DA61774B4FF400321A62754B002213
:101BE0005A62744800F0CCFA0346002B01D0FFF78C
:101BF000B7FD7B686F4A9A636E4A7B6893636F4B4D
:101C00006F4A1A606D4B4FF000625A606B4B0022B6
:101C10009A606A4B0022DA60684B4FF480621A6166
:101C2000664B00225A61654B00229A61634B002289
:101C3000DA61624B4FF400321A62604B00225A6242
:101C40005E4800F09DFA0346002B01D0FFF788FDA7
:101C50007B685A4ADA63594A7B6893630022002101
:101C6000342000F056FA342000F06FFA98E07B68D8
:101C70001B68544A934240F0938000233B614B4BD6
:101C80001B6C4A4A43F480231364484B1B6C03F4D7
:101C900080233B613B690023FB60444B1B6B434A41
:101CA00043F002031363414B1B6B03F00203FB6021
:101CB000FB684FF44063FB6102233B6200237B62BD
:101CC0000323BB620723FB6207F11C0319463E484E
:101CD00000F058FE3D4B3E4A1A603C4B4FF000620C
:101CE0005A603A4B00229A60384B0022DA60374B38
:101CF0004FF480621A61354B00225A61334B002247
:101D00009A61324B0022DA61304B4FF440321A6252
:101D10002E4B00225A622D4800F032FA0346002B67
:101D200001D0FFF71DFD7B68284ADA63274A7B68EC
:101D30009363284B284A1A60264B4FF000625A6082
:101D4000244B40229A60234B0022DA60214B4FF44F
:101D500080621A611F4B00225A611E4B00229A6159
:101D60001C4B0022DA611B4B4FF480321A62194B74
:101D700000225A62174800F003FA0346002B01D0F4
:101D8000FFF7EEFC7B68134A9A63124A7B68936301
:101D900000220021272000F0BCF9272000F0D5F90F
:101DA00000BF3037BD4680BD004C004000380240C7
:101DB000000002409812002070600240F8120020DB
:101DC00040600240004800400004024058130020D8
:101DD00028600240B813002058600240DFF834D079
:101DE000FFF73AFE0C480D490D4A002302E0D45893
:101DF000C4500433C4188C42F9D30A4A0A4C002355
:101E000001E013600432A242FBD304F015FCFFF79B
:101E100003FC70470000022000000020D4010020D5
:101E2000A0950008D401002068150020FEE70000FE
:101E300080B500AF0E4B1B680D4A43F4007313606E
:101E40000B4B1B680A4A43F480631360084B1B6802
:101E5000074A43F480731360032000F04FF90F200A
:101E600000F008F8FFF782FC0023184680BD00BF91
:101E7000003C024080B582B000AF7860124B1A6817
:101E8000124B1B7819464FF47A73B3FBF1F3B2FB94
:101E9000F3F3184600F067F90346002B01D0012345
:101EA0000EE07B680F2B0AD8002279684FF0FF30D4
:101EB00000F02FF9064A7B681360002300E001233D
:101EC00018460837BD4680BD0000002008000020ED
:101ED0000400002080B400AF064B1B781A46064B66
:101EE0001B681344044A136000BFBD465DF8047BC1
:101EF000704700BF080000201814002080B400AF15
:101F0000034B1B681846BD465DF8047B704700BF55
:101F10001814002080B584B000AF7860FFF7EEFFA2
:101F2000B8607B68FB60FB68B3F1FF3F05D00A4BEC
:101F30001B781A46FB681344FB6000BFFFF7DEFF07
:101F40000246BB68D31AFA689A42F7D800BF00BFAE
:101F50001037BD4680BD00BF0800002080B485B0AA
:101F600000AF78607B6803F00703FB600C4BDB6815
:101F7000BB60BA684FF6FF031340BB60FB681A02F0
:101F8000BB68134343F0BF6343F40033BB60044AB0
:101F9000BB68D36000BF1437BD465DF8047B704753
:101FA00000ED00E080B400AF044BDB681B0A03F0D7
:101FB00007031846BD465DF8047B704700ED00E05E
:101FC00080B483B000AF0346FB7197F90730002B54
:101FD0000BDBFB7903F01F02074997F907305B0918
:101FE000012000FA02F241F8232000BF0C37BD4661
:101FF0005DF8047B704700BF00E100E080B483B06F
:1020000000AF03463960FB7197F90730002B0ADBFC
:102010003B68DAB20C4997F907301201D2B20B448F
:1020200083F800230AE03B68DAB20849FB7903F041
:102030000F03043B1201D2B20B441A7600BF0C37D7
:10204000BD465DF8047B704700E100E000ED00E074
:1020500080B489B000AFF860B9607A60FB6803F0C3
:102060000703FB61FB69C3F10703042B28BF0423AB
:10207000BB61FB690433062B02D9FB69033B00E01B
:1020800000237B614FF0FF32BB6902FA03F3DA43AE
:10209000BB681A407B699A404FF0FF317B6901FAB7
:1020A00003F3D9437B680B40134318462437BD46DE
:1020B0005DF8047B7047000080B582B000AF7860A7
:1020C0007B68013BB3F1807F01D301230FE00A4A13
:1020D0007B68013B53600F214FF0FF30FFF78EFF0D
:1020E000054B00229A60044B07221A600023184611
:1020F0000837BD4680BD00BF10E000E080B582B06B
:1021000000AF78607868FFF729FF00BF0837BD4649
:1021100080BD80B586B000AF0346B9607A60FB73BE
:1021200000237B61FFF73EFF78617A68B9687869C0
:10213000FFF78EFF024697F90F3011461846FFF75A
:102140005DFF00BF1837BD4680BD80B582B000AFCF
:102150000346FB7197F907301846FFF731FF00BFC0
:102160000837BD4680BD80B582B000AF7860786822
:10217000FFF7A2FF034618460837BD4680BD0000A2
:1021800080B586B000AF786000237B61FFF7B6FEB4
:1021900038617B68002B01D1012399E07B68022222
:1021A00083F835207B68002283F834207B681B6825
:1021B0001A687B681B6822F001021A600FE0FFF7C3
:1021C0009DFE02463B69D31A052B08D97B68202265
:1021D0005A657B68032283F83520032378E07B6807
:1021E0001B681B6803F00103002BE8D17B681B68A8
:1021F0001B687B617A69384B13407B617B685A6846
:102200007B689B681A437B68DB681A437B681B69A1
:102210001A437B685B691A437B689B691A437B6836
:10222000DB691A437B681B6A13437A6913437B613A
:102230007B685B6A042B07D17B68DA6A7B681B6B5F
:1022400013437A6913437B617B681B687A691A6060
:102250007B681B685B697B617B6923F007037B619B
:102260007B685B6A7A6913437B617B685B6A042BDA
:1022700017D17B689B6A7A6913437B617B68DB6A51
:10228000002B0ED0786800F001FB0346002B08D02D
:102290007B6840225A657B68012283F83520012340
:1022A00016E07B681B687A695A61786800F0B8FAB2
:1022B0000346FB607B68DB6D3F229A40FB689A60B7
:1022C0007B6800225A657B68012283F83520002351
:1022D00018461837BD4680BD3F8010F080B586B0E7
:1022E00000AFF860B9607A603B600023FB75FB6863
:1022F0009B6D3B61FB6893F83430012B01D10223C5
:1023000040E0FB68012283F83420FB6893F8353005
:10231000DBB2012B2FD1FB68022283F83520FB684A
:1023200000225A653B687A68B968F86800F04AFA92
:10233000FB68DB6D3F229A403B699A60FB681B6833
:102340001A68FB681B6842F016021A60FB681B6C77
:10235000002B07D0FB681B681A68FB681B6842F0FB
:1023600008021A60FB681B681A68FB681B6842F069
:1023700001021A6005E0FB68002283F83420022382
:10238000FB75FB7D18461837BD4680BD80B584B00F
:1023900000AF78607B689B6DFB60FFF7AFFDB860B6
:1023A0007B6893F83530DBB2022B08D07B68802243
:1023B0005A657B68002283F83420012352E07B6851
:1023C0001B681A687B681B6822F016021A607B681B
:1023D0001B685A697B681B6822F080025A617B681F
:1023E0001B6C002B03D17B689B6C002B07D07B6898
:1023F0001B681A687B681B6822F008021A607B68F9
:102400001B681A687B681B6822F001021A6013E0DF
:10241000FFF774FD0246BB68D31A052B0CD97B6805
:1024200020225A657B68032283F835207B680022CE
:1024300083F83420032315E07B681B681B6803F0D6
:102440000103002BE4D17B68DB6D3F229A40FB68DF
:102450009A607B68012283F835207B68002283F82C
:102460003420002318461037BD4680BD80B483B0A9
:1024700000AF78607B6893F83530DBB2022B04D074
:102480007B6880225A6501230CE07B68052283F873
:1024900035207B681B681A687B681B6822F0010284
:1024A0001A60002318460C37BD465DF8047B704760
:1024B00080B586B000AF78600023BB608E4B1B6890
:1024C0008E4AA2FB03239B0A7B617B689B6D3B6169
:1024D0003B691B68FB607B68DB6D08229A40FB68E8
:1024E0001340002B1AD07B681B681B6803F00403A1
:1024F000002B13D07B681B681A687B681B6822F06E
:1025000004021A607B68DB6D08229A403B699A607E
:102510007B685B6D43F001027B685A657B68DB6D0D
:1025200001229A40FB681340002B12D07B681B6885
:102530005B6903F08003002B0BD07B68DB6D01220D
:102540009A403B699A607B685B6D43F002027B684E
:102550005A657B68DB6D04229A40FB681340002BB0
:1025600012D07B681B681B6803F00203002B0BD0A2
:102570007B68DB6D04229A403B699A607B685B6DE7
:1025800043F004027B685A657B68DB6D10229A4039
:10259000FB681340002B43D07B681B681B6803F06B
:1025A0000803002B3CD07B68DB6D10229A403B690E
:1025B0009A607B681B681B6803F48023002B18D08B
:1025C0007B681B681B6803F40023002B08D17B6821
:1025D0001B6C002B24D07B681B6C786898471FE02D
:1025E0007B689B6C002B1BD07B689B6C7868984742
:1025F00016E07B681B681B6803F48073002B07D10F
:102600007B681B681A687B681B6822F008021A60E6
:102610007B681B6C002B03D07B681B6C7868984729
:102620007B68DB6D20229A40FB681340002B00F092
:102630008F807B681B681B6803F01003002B00F081
:1026400087807B68DB6D20229A403B699A607B68BB
:1026500093F83530DBB2052B36D17B681B681A68DE
:102660007B681B6822F016021A607B681B685A6937
:102670007B681B6822F080025A617B681B6C002B10
:1026800003D17B689B6C002B07D07B681B681A68A2
:102690007B681B6822F008021A607B68DB6D3F22B2
:1026A0009A403B699A607B68012283F835207B68F9
:1026B000002283F834207B681B6D002B7ED07B6862
:1026C0001B6D7868984779E07B681B681B6803F48A
:1026D0008023002B1DD07B681B681B6803F400233C
:1026E000002B0DD17B685B6C002B31D07B685B6C61
:1026F000786898472CE000BF00000020B5814E1B91
:102700007B68DB6B002B23D07B68DB6B786898479A
:102710001EE07B681B681B6803F48073002B0FD1DD
:102720007B681B681A687B681B6822F010021A60BD
:102730007B68012283F835207B68002283F83420EF
:102740007B68DB6B002B03D07B68DB6B786898477A
:102750007B685B6D002B32D07B685B6D03F00103FF
:10276000002B22D07B68052283F835207B681B680C
:102770001A687B681B6822F001021A60BB6801338B
:10278000BB607A699A4207D37B681B681B6803F0B9
:102790000103002BF2D100E000BF7B68012283F827
:1027A00035207B68002283F834207B68DB6C002BAB
:1027B00005D07B68DB6C7868984700E000BF18376D
:1027C000BD4680BD80B485B000AFF860B9607A6066
:1027D0003B60FB681B681A68FB681B6822F4802258
:1027E0001A60FB681B683A685A60FB689B68402B5C
:1027F00008D1FB681B687A689A60FB681B68BA6836
:10280000DA6007E0FB681B68BA689A60FB681B68BF
:102810007A68DA6000BF1437BD465DF8047B704704
:1028200080B485B000AF78607B681B68DBB2103B7A
:10283000144AA2FB03231B09FB60134AFB681344E1
:102840001B781A467B68DA65FB68032B09D97B681D
:102850001B6823F47F7323F003031A1D7B689A65BA
:1028600007E07B681B6823F47F7323F003037A6817
:1028700093657B689B6D18461437BD465DF8047BF5
:10288000704700BFABAAAAAA6091000880B485B0C7
:1028900000AF78600023FB737B689B6ABB607B683A
:1028A0009B69002B1FD1BB68032B56D801A252F89D
:1028B00023F000BFC5280008D7280008C528000855
:1028C0005B2900087B68DB6A03F08073002B46D02D
:1028D0000123FB7343E07B68DB6AB3F1C07F40D127
:1028E0000123FB733DE07B689B69B3F5005F21D159
:1028F000BB68032B37D801A252F823F00D2900083A
:10290000132900080D290008252900080123FB735D
:1029100030E07B68DB6A03F08073002B25D0012355
:10292000FB7322E07B68DB6AB3F1C07F1FD1012318
:10293000FB731CE0BB68022B03D9BB68032B03D0DD
:1029400018E00123FB7315E07B68DB6A03F08073FA
:10295000002B0ED00123FB730BE000BF0AE000BF89
:1029600008E000BF06E000BF04E000BF02E000BFD7
:1029700000E000BFFB7B18461437BD465DF8047BC2
:10298000704700BF80B489B000AF78603960002321
:102990007B6100233B610023BB610023FB616BE192
:1029A0000122FB6902FA03F37B613B681B687A69C9
:1029B00013403B613A697B699A4240F05A813B6817
:1029C0005B6803F00303012B05D03B685B6803F0F1
:1029D0000303022B30D17B689B68BB61FB695B0002
:1029E000032202FA03F3DB43BA691340BB613B687D
:1029F000DA68FB695B0002FA03F3BA691343BB614F
:102A00007B68BA699A607B685B68BB610122FB697D
:102A100002FA03F3DB43BA691340BB613B685B68AE
:102A20001B0903F00102FB6902FA03F3BA691343BD
:102A3000BB617B68BA695A603B685B6803F003035B
:102A4000032B17D07B68DB68BB61FB695B0003224B
:102A500002FA03F3DB43BA691340BB613B689A682F
:102A6000FB695B0002FA03F3BA691343BB617B683D
:102A7000BA69DA603B685B6803F00303022B23D179
:102A8000FB69DA087B68083253F82230BB61FB69C6
:102A900003F007039B000F2202FA03F3DB43BA693A
:102AA0001340BB613B681A69FB6903F007039B0095
:102AB00002FA03F3BA691343BB61FB69DA087B6866
:102AC0000832B96943F822107B681B68BB61FB6957
:102AD0005B00032202FA03F3DB43BA691340BB61D4
:102AE0003B685B6803F00302FB695B0002FA03F3D7
:102AF000BA691343BB617B68BA691A603B685B685B
:102B000003F44033002B00F0B4800023FB60604BE3
:102B10005B6C5F4A43F4804353645D4B5B6C03F42E
:102B20008043FB60FB685B4AFB699B08023352F8F9
:102B30002330BB61FB6903F003039B000F2202FA01
:102B400003F3DB43BA691340BB617B68524A93428B
:102B50002BD07B68514A934225D07B68504A9342E0
:102B60001FD07B684F4A934219D07B684E4A9342EC
:102B700013D07B684D4A93420DD07B684C4A9342F8
:102B800007D07B684B4A934201D107230EE008230C
:102B90000CE006230AE0052308E0042306E00323F3
:102BA00004E0022302E0012300E00023FA6902F0BE
:102BB000030292009340BA691343BB613549FB6934
:102BC0009B080233BA6941F823203B4B9B68BB61E9
:102BD0003B69DB43BA691340BB613B685B6803F444
:102BE0008013002B03D0BA693B691343BB61324A9F
:102BF000BB699360304BDB68BB613B69DB43BA69FF
:102C00001340BB613B685B6803F40013002B03D0E7
:102C1000BA693B691343BB61274ABB69D360264B42
:102C20005B68BB613B69DB43BA691340BB613B68CE
:102C30005B6803F40033002B03D0BA693B6913438C
:102C4000BB611D4ABB6953601B4B1B68BB613B6981
:102C5000DB43BA691340BB613B685B6803F48033B4
:102C6000002B03D0BA693B691343BB61124ABB69AD
:102C70001360FB690133FB61FB690F2B7FF690AE9C
:102C800000BF00BF2437BD465DF8047B704700BF1E
:102C900000380240003801400000024000040240B9
:102CA00000080240000C02400010024000140240E4
:102CB00000180240001C0240003C014080B485B076
:102CC00000AF78600B467B807B681A697B88134075
:102CD000002B02D00123FB7301E00023FB73FB7B7D
:102CE00018461437BD465DF8047B704780B483B046
:102CF00000AF78600B467B8013467B707B78002B9F
:102D000003D07A887B689A6103E07B881A047B6829
:102D10009A6100BF0C37BD465DF8047B7047000028
:102D200080B582B000AF0346FB80084B5A69FB8830
:102D30001340002B06D0054AFB885361FB881846D8
:102D400000F006F800BF0837BD4680BD003C0140DA
:102D500080B483B000AF0346FB8000BF0C37BD4694
:102D60005DF8047B7047000080B586B000AF7860E6
:102D70007B68002B01D1012367E27B681B6803F0AD
:102D80000103002B75D0884B9B6803F00C03042BC8
:102D90000CD0854B9B6803F00C03082B12D1824B9F
:102DA0005B6803F48003B3F5800F0BD17E4B1B6887
:102DB00003F40033002B5BD07B685B68002B57D19A
:102DC000012342E27B685B68B3F5803F06D1764B16
:102DD0001B68754A43F4803313601DE07B685B68B1
:102DE000B3F5A02F0CD1704B1B686F4A43F48023BE
:102DF00013606D4B1B686C4A43F4803313600BE027
:102E0000694B1B68684A23F480331360664B1B6868
:102E1000654A23F4802313607B685B68002B13D022
:102E2000FFF76CF8386108E0FFF768F802463B6985
:102E3000D31A642B01D9032307E25B4B1B6803F40D
:102E40000033002BF0D014E0FFF758F8386108E0A9
:102E5000FFF754F802463B69D31A642B01D90323C8
:102E6000F3E1514B1B6803F40033002BF0D100E079
:102E700000BF7B681B6803F00203002B63D04A4B42
:102E80009B6803F00C03002B0BD0474B9B6803F0AF
:102E90000C03082B1CD1444B5B6803F48003002B0C
:102EA00016D1414B1B6803F00203002B05D07B6851
:102EB000DB68012B01D00123C7E13B4B1B6823F0EA
:102EC000F8027B681B69DB00374913430B603AE06B
:102ED0007B68DB68002B20D0344B01221A60FFF79F
:102EE0000DF8386108E0FFF709F802463B69D31A8C
:102EF000022B01D90323A8E12B4B1B6803F002032B
:102F0000002BF0D0284B1B6823F0F8027B681B696C
:102F1000DB00254913430B6015E0244B00221A60A7
:102F2000FEF7ECFF386108E0FEF7E8FF02463B6978
:102F3000D31A022B01D9032387E11B4B1B6803F033
:102F40000203002BF0D17B681B6803F00803002B01
:102F500036D07B685B69002B16D0154B01221A60B6
:102F6000FEF7CCFF386108E0FEF7C8FF02463B6978
:102F7000D31A022B01D9032367E10B4B5B6F03F0DC
:102F80000203002BF0D01BE0094B00221A60FEF771
:102F9000B5FF38610EE0FEF7B1FF02463B69D31A78
:102FA000022B07D9032350E10038024000004742BA
:102FB000800E4742884B5B6F03F00203002BEAD17F
:102FC0007B681B6803F00403002B00F0978000234C
:102FD000FB75814B1B6C03F08053002B0FD100233A
:102FE000BB607D4B1B6C7C4A43F0805313647A4B6F
:102FF0001B6C03F08053BB60BB680123FB75774BF0
:103000001B6803F48073002B18D1744B1B68734A40
:1030100043F480731360FEF771FF386108E0FEF738
:103020006DFF02463B69D31A022B01D903230CE141
:103030006A4B1B6803F48073002BF0D07B689B689D
:10304000012B06D1644B1B6F634A43F001031367E6
:103050001CE07B689B68052B0CD15F4B1B6F5E4AA5
:1030600043F0040313675C4B1B6F5B4A43F001039F
:1030700013670BE0584B1B6F574A23F0010313678C
:10308000554B1B6F544A23F0040313677B689B68FE
:10309000002B15D0FEF732FF38610AE0FEF72EFF55
:1030A00002463B69D31A41F28832934201D9032385
:1030B000CBE0494B1B6F03F00203002BEED014E072
:1030C000FEF71CFF38610AE0FEF718FF02463B6975
:1030D000D31A41F28832934201D90323B5E03E4B23
:1030E0001B6F03F00203002BEED1FB7D012B05D1FA
:1030F000394B1B6C384A23F0805313647B689B69FF
:10310000002B00F0A180344B9B6803F00C03082BCC
:103110005CD07B689B69022B41D1314B00221A6045
:10312000FEF7ECFE386108E0FEF7E8FE02463B6978
:10313000D31A022B01D9032387E0274B1B6803F026
:103140000073002BF0D17B68DA697B681B6A1A4335
:103150007B685B6A9B011A437B689B6A5B08013B47
:103160001B041A437B68DB6A1B061B4913434B6035
:103170001B4B01221A60FEF7C1FE386108E0FEF722
:10318000BDFE02463B69D31A022B01D903235CE042
:10319000114B1B6803F00073002BF0D054E0104B70
:1031A00000221A60FEF7AAFE386108E0FEF7A6FECC
:1031B00002463B69D31A022B01D9032345E0064B93
:1031C0001B6803F00073002BF0D13DE07B689B6926
:1031D000012B07D1012338E0003802400070004085
:1031E000600047421B4B5B68FB607B689B69012B5F
:1031F00028D0FB6803F480027B68DB699A4221D106
:10320000FB6803F03F027B681B6A9A421AD1FA6896
:1032100047F6C07313407A68526A9201934211D103
:10322000FB6803F440327B689B6A5B08013B1B042C
:103230009A4207D1FB6803F070627B68DB6A1B0669
:103240009A4201D0012300E0002318461837BD46FA
:1032500080BD00BF0038024080B584B000AF786008
:1032600039607B68002B01D10123CCE0684B1B68DF
:1032700003F007033A689A420CD9654B3A68D2B218
:103280001A70634B1B6803F007033A689A4201D037
:103290000123B8E07B681B6803F00203002B20D0F9
:1032A0007B681B6803F00403002B05D0594B9B6817
:1032B000584A43F4E05393607B681B6803F00803AB
:1032C000002B05D0534B9B68524A43F460439360F4
:1032D000504B9B6823F0F0027B689B684D49134379
:1032E0008B607B681B6803F00103002B44D07B6874
:1032F0005B68012B07D1474B1B6803F40033002B9D
:1033000019D101237FE07B685B68022B03D07B68C7
:103310005B68032B07D13F4B1B6803F00073002B46
:1033200009D101236FE03B4B1B6803F00203002B24
:1033300001D1012367E0374B9B6823F003027B68D0
:103340005B68344913438B60FEF7D8FDF8600AE0F0
:10335000FEF7D4FD0246FB68D31A41F2883293424D
:1033600001D903234FE02B4B9B6803F00C027B68D1
:103370005B689B009A42EBD1254B1B6803F0070367
:103380003A689A420CD2224B3A68D2B21A70204B59
:103390001B6803F007033A689A4201D0012332E028
:1033A0007B681B6803F00403002B08D0194B9B6853
:1033B00023F4E0527B68DB68164913438B607B681B
:1033C0001B6803F00803002B09D0124B9B6823F401
:1033D00060427B681B69DB000E4913438B6000F081
:1033E00021F802460B4B9B681B0903F00F030A49A7
:1033F000CB5C22FA03F3094A1360094B1B68184699
:10340000FEF738FD002318461037BD4680BD00BFCB
:10341000003C0240003802404891000800000020B3
:10342000040000202DE9B04F90B000AF00237B6373
:103430000023FB6300233B630023BB63594B9B6862
:1034400003F00C03082B0DD0082B00F2A180002BF9
:1034500002D0042B03D09BE0534BBB639BE0534B48
:10346000BB6398E04F4B5B6803F03F037B634D4BBE
:103470005B6803F48003002B28D04A4B5B689B09F0
:1034800000223B627A623B6AC3F308000021474B8B
:1034900003FB01F2002300FB03F31344434AA0FBA8
:1034A0000212FA620A46BA62FA6A1344FB627B6B42
:1034B0000022BB61FA61D7E90623D7E90A01FDF7CB
:1034C000E3FB02460B461346FB6353E0354B5B6858
:1034D0009B0900223B617A613B69C3F3080A4FF004
:1034E000000B52465B464FF000004FF000015901BF
:1034F00041EAD261500102460B46B2EB0A0863EB87
:103500000B094FF000024FF000034FEA891343EA22
:1035100098634FEA8812B2EB080463EB09054FF099
:1035200000024FF00003EB0043EA5473E20014463C
:103530001D4614EB0A033B6045EB0B037B604FF029
:1035400000024FF00003D7E9004529468B022146CF
:1035500043EA915321468A02104619467B6B0022AA
:10356000BB60FA60D7E90223FDF78EFB02460B46EB
:103570001346FB630B4B5B681B0C03F00303013327
:103580005B003B63FA6B3B6BB2FBF3F3BB6302E0A4
:10359000054BBB6300BFBB6B18464037BD46BDE85B
:1035A000B08F00BF003802400024F400001BB700B9
:1035B00080B400AF034B1B681846BD465DF8047B22
:1035C000704700BF0000002080B500AFFFF7F0FF9C
:1035D0000246054B9B689B0A03F007030349CB5C3B
:1035E00022FA03F3184680BD0038024058910008C3
:1035F00080B500AFFFF7DCFF0246054B9B685B0B15
:1036000003F007030349CB5C22FA03F3184680BD9D
:10361000003802405891000880B582B000AF786051
:103620007B68002B01D1012342E07B6893F8413095
:10363000DBB2002B06D17B68002283F8402078683B
:10364000FEF770FA7B68242283F841207B681B68B0
:10365000DA687B681B6822F40052DA60786800F050
:103660008BFF7B681B681A697B681B6822F4904299
:103670001A617B681B685A697B681B6822F02A0202
:103680005A617B681B68DA687B681B6842F40052E9
:10369000DA607B6800225A647B68202283F841202C
:1036A0007B68202283F842207B6800225A63002333
:1036B00018460837BD4680BD80B58CB000AFF860B5
:1036C000B9601346FB80FB6893F84130DBB2202BD6
:1036D00062D1BB68002B02D0FB88002B01D10123F3
:1036E0005BE0BA68FB681A62FB68FA889A84FB6838
:1036F000FA88DA84FB6800225A64FB68212283F886
:103700004120FB689B6B274ADA63FB689B6B264A68
:103710001A64FB689B6B254ADA64FB689B6B00228A
:103720001A6507F10803FB62FB68986BFB6A19686E
:10373000FB681B6804331A46FB88FEF7CFFD03467F
:10374000002B08D0FB6810225A64FB68202283F803
:103750004120012321E0FB681B686FF040021A60E2
:10376000FB681B681433BB61BB6953E8003F7B6196
:103770007B6943F08003BB62FB681B681433BA6A41
:103780007A623B62396A7A6A41E80023FB61FB692D
:10379000002BE5D1002300E0022318463037BD4658
:1037A00080BD00BFF53D00088F3E000813400008B3
:1037B00080B58CB000AFF860B9601346FB80FB6841
:1037C00093F84230DBB2202B46D1BB68002B02D0ED
:1037D000FB88002B01D101233FE0FB6801221A6323
:1037E000FB6800225A63FB881A46B968F86800F043
:1037F0005BFC034687F82F30FB681B6B012B25D140
:1038000000233B61FB681B681B683B61FB681B680E
:103810005B683B613B69FB681B680C33BB61BB6940
:1038200053E8003F7B617B6943F01003BB62FB6898
:103830001B680C33BA6A7A623B62396A7A6A41E879
:103840000023FB61FB69002BE5D102E0012387F82F
:103850002F3097F82F3000E0022318463037BD464E
:1038600080BD000080B5BAB000AF78607B681B688F
:103870001B68C7F8E4307B681B68DB68C7F8E0307A
:103880007B681B685B69C7F8DC300023C7F8D83059
:103890000023C7F8D430D7F8E43003F00F03C7F89B
:1038A000D830D7F8D830002B0FD1D7F8E43003F058
:1038B0002003002B09D0D7F8E03003F02003002BC1
:1038C00003D0786800F09AFD73E2D7F8D830002B67
:1038D00000F0DE80D7F8DC3003F00103002B06D1C6
:1038E000D7F8E03003F49073002B00F0D180D7F8C4
:1038F000E43003F00103002B0BD0D7F8E03003F4E1
:103900008073002B05D07B685B6C43F001027B6801
:103910005A64D7F8E43003F00403002B0BD0D7F837
:10392000DC3003F00103002B05D07B685B6C43F0B7
:1039300002027B685A64D7F8E43003F00203002BDC
:103940000BD0D7F8DC3003F00103002B05D07B68E7
:103950005B6C43F004027B685A64D7F8E43003F0F0
:103960000803002B11D0D7F8E03003F02003002B20
:1039700005D1D7F8DC3003F00103002B05D07B68BC
:103980005B6C43F008027B685A647B685B6C002BBD
:1039900000F00A82D7F8E43003F02003002B08D0AF
:1039A000D7F8E03003F02003002B02D0786800F055
:1039B00025FD7B681B685B6903F04003402B0CBF4F
:1039C00001230023DBB2C7F8D4307B685B6C03F0C3
:1039D0000803002B03D1D7F8D430002B4FD07868E0
:1039E00000F030FC7B681B685B6903F04003402BF0
:1039F00041D17B681B681433C7F89C30D7F89C30E2
:103A000053E8003FC7F89830D7F8983023F04003C8
:103A1000C7F8D0307B681B681433D7F8D020C7F8BC
:103A2000A820C7F8A430D7F8A410D7F8A82041E8F8
:103A30000023C7F8A030D7F8A030002BD9D17B687D
:103A4000DB6B002B13D07B68DB6B8A4A1A657B68C3
:103A5000DB6B1846FEF70AFD0346002B16D07B6889
:103A6000DB6B1B6D7A68D26B104698470EE0786866
:103A7000FDF7B6FD0AE07868FDF7B2FD06E078686C
:103A8000FDF7AEFD7B6800225A648DE100BF8BE13B
:103A90007B681B6B012B40F06781D7F8E43003F0A3
:103AA0001003002B00F06081D7F8E03003F0100322
:103AB000002B00F059810023BB607B681B681B68EA
:103AC000BB607B681B685B68BB60BB687B681B680E
:103AD0005B6903F04003402B40F0CE807B68DB6BDA
:103AE0001B685B68A7F8BE30B7F8BE30002B00F04B
:103AF000A9807B689B8DB7F8BE209A4280F0A28097
:103B00007B68B7F8BE20DA857B68DB6BDB69B3F5D1
:103B1000807F00F088807B681B680C33C7F8883092
:103B2000D7F8883053E8003FC7F88430D7F884309E
:103B300023F48073C7F8B8307B681B680C33D7F860
:103B4000B820C7F89420C7F89030D7F89010D7F86D
:103B5000942041E80023C7F88C30D7F88C30002B34
:103B6000D9D17B681B6814337B677B6F53E8003FB8
:103B70003B673B6F23F00103C7F8B4307B681B68D9
:103B80001433D7F8B420C7F88020FB67F96FD7F853
:103B9000802041E80023BB67BB6F002BE1D17B682D
:103BA0001B6814333B663B6E53E8003FFB65FB6DBF
:103BB00023F04003C7F8B0307B681B681433D7F894
:103BC000B020FA66BB66B96EFA6E41E800237B66E8
:103BD0007B6E002BE3D17B68202283F842207B6838
:103BE00000221A637B681B680C33FB64FB6C53E890
:103BF000003FBB64BB6C23F01003C7F8AC307B689C
:103C00001B680C33D7F8AC20BA657B65796DBA6D4B
:103C100041E800233B653B6D002BE3D17B68DB6B08
:103C20001846FEF7B3FB7B6802225A637B689A8DC5
:103C30007B68DB8D9BB2D31A9BB219467868FDF77F
:103C40006FFBB3E07B689B8DB7F8BE209A4240F0D3
:103C5000AD807B68DB6BDB69B3F5807F40F0A680CD
:103C60007B6802225A637B689B8D19467868FDF752
:103C700057FB9BE00B4300087B689A8D7B68DB8DCC
:103C80009BB2D31AA7F8CE307B68DB8D9BB2002B9A
:103C900000F08E80B7F8CE30002B00F089807B6872
:103CA0001B680C33BB63BB6B53E8003F7B637B6BD0
:103CB00023F49073C7F8C8307B681B680C33D7F8BF
:103CC000C8207A643B64396C7A6C41E80023FB635A
:103CD000FB6B002BE3D17B681B6814337B627B6A30
:103CE00053E8003F3B623B6A23F00103C7F8C4304E
:103CF0007B681B681433D7F8C4203A63FB62F96A07
:103D00003A6B41E80023BB62BB6A002BE3D17B68BE
:103D1000202283F842207B6800221A637B681B689C
:103D20000C333B613B6953E8003FFB60FB6823F0C9
:103D30001003C7F8C0307B681B680C33D7F8C0206D
:103D4000FA61BB61B969FA6941E800237B617B696B
:103D5000002BE3D17B6802225A63B7F8CE301946B4
:103D60007868FDF7DDFA23E0D7F8E43003F080034C
:103D7000002B09D0D7F8E03003F08003002B03D0EC
:103D8000786800F0D3FA14E0D7F8E43003F0400389
:103D9000002B0ED0D7F8E03003F04003002B08D002
:103DA000786800F013FB04E000BF02E000BF00E011
:103DB00000BFE837BD4680BD80B483B000AF7860F7
:103DC00000BF0C37BD465DF8047B704780B483B0FC
:103DD00000AF786000BF0C37BD465DF8047B7047CC
:103DE00080B483B000AF786000BF0C37BD465DF88B
:103DF000047B704780B590B000AF78607B689B6BA8
:103E0000FB637B681B681B6803F48073002B37D14E
:103E1000FB6B0022DA84FB6B1B6814337B627B6ACA
:103E200053E8003F3B623B6A23F08003BB63FB6BBC
:103E30001B681433BA6B3A63FB62F96A3A6B41E868
:103E40000023BB62BB6A002BE5D1FB6B1B680C3304
:103E50003B613B6953E8003FFB60FB6843F0400374
:103E60007B63FB6B1B680C337A6BFA61BB61B969CE
:103E7000FA6941E800237B617B69002BE5D102E010
:103E8000F86BFDF73DFB00BF4037BD4680BD80B5F8
:103E900084B000AF78607B689B6BFB60F868FFF7CD
:103EA0008BFF00BF1037BD4680BD80B59CB000AF12
:103EB00078607B689B6BFB667B681B681B6803F400
:103EC0008073002B72D1FB6E0022DA85FB6E1B68BB
:103ED0000C33FB64FB6C53E8003FBB64BB6C23F406
:103EE0008073BB66FB6E1B680C33BA6EBA657B656C
:103EF000796DBA6D41E800233B653B6D002BE5D140
:103F0000FB6E1B681433BB63BB6B53E8003F7B63E2
:103F10007B6B23F001037B66FB6E1B6814337A6EA8
:103F20007A643B64396C7A6C41E80023FB63FB6B79
:103F3000002BE5D1FB6E1B6814337B627B6A53E870
:103F4000003F3B623B6A23F040033B66FB6E1B680D
:103F500014333A6E3A63FB62F96A3A6B41E8002324
:103F6000BB62BB6A002BE5D1FB6E202283F84220A6
:103F7000FB6E1B6B012B19D1FB6E1B680C333B6175
:103F80003B6953E8003FFB60FB6823F01003FB65CF
:103F9000FB6E1B680C33FA6DFA61BB61B969FA6993
:103FA00041E800237B617B69002BE5D1FB6E002299
:103FB0005A63FB6E1B6B012B06D1FB6E9B8D194662
:103FC000F86EFDF7ADF902E0F86EFFF7FFFE00BFF7
:103FD0007037BD4680BD80B584B000AF78607B6827
:103FE0009B6BFB60FB6801225A63FB681B6B012B18
:103FF00008D1FB689B8D5B089BB21946F868FDF7FA
:104000008FF902E0F868FFF7EBFE00BF1037BD46FE
:1040100080BD80B584B000AF78600023FB607B6812
:104020009B6BBB60BB681B685B6903F08003802BE4
:104030000CBF01230023DBB2FB60BB6893F8413067
:10404000DBB2212B08D1FB68002B05D0BB68002216
:10405000DA84B86800F0CEF8BB681B685B6903F0CF
:104060004003402B0CBF01230023DBB2FB60BB6885
:1040700093F84230DBB2222B08D1FB68002B05D02D
:10408000BB680022DA85B86800F0DCF8BB685B6CBE
:1040900043F01002BB685A64B868FDF7A1FA00BF8C
:1040A0001037BD4680BD000080B598B000AFF86005
:1040B000B9601346FB80BA68FB689A62FB68FA88AD
:1040C0009A85FB6800225A64FB68222283F842200A
:1040D000FB68DB6B444ADA63FB68DB6B434A1A64B8
:1040E000FB68DB6B424ADA64FB68DB6B00221A6513
:1040F00007F10803FB65FB68D86BFB681B6804339A
:104100001946FB6D1A68FB88FEF7E8F80346002B9A
:1041100008D0FB6810225A64FB68202283F84220F2
:1041200001235DE000233B61FB681B681B683B616A
:10413000FB681B685B683B613B69FB681B69002B84
:1041400019D0FB681B680C333B643B6C53E8003FA1
:10415000FB63FB6B43F48073BB65FB681B680C332C
:10416000BA6DFA64BB64B96CFA6C41E800237B64F5
:104170007B6C002BE5D1FB681B681433FB62FB6A88
:1041800053E8003FBB62BB6A43F001037B65FB68F9
:104190001B6814337A6DBA637B63796BBA6B41E841
:1041A00000233B633B6B002BE5D1FB681B6814339A
:1041B000BB61BB6953E8003F7B617B6943F040030F
:1041C0003B65FB681B6814333A6D7A623B62396A5F
:1041D0007A6A41E80023FB61FB69002BE5D10023EB
:1041E00018466037BD4680BDAB3E0008D73F00088B
:1041F0001340000880B489B000AF78607B681B680A
:104200000C33FB60FB6853E8003FBB60BB6823F0E6
:10421000C003FB617B681B680C33FA69BA617B6180
:104220007969BA6941E800233B613B69002BE5D11C
:104230007B68202283F8412000BF2437BD465DF80B
:10424000047B704780B495B000AF78607B681B68D2
:104250000C337B637B6B53E8003F3B633B6B23F486
:104260009073FB647B681B680C33FA6C3A64FB63E5
:10427000F96B3A6C41E80023BB63BB6B002BE5D1C3
:104280007B681B6814333B623B6A53E8003FFB6169
:10429000FB6923F00103BB647B681B681433BA6CB1
:1042A000FA62BB62B96AFA6A41E800237B627B6A00
:1042B000002BE5D17B681B6B012B19D17B681B6838
:1042C0000C33FB60FB6853E8003FBB60BB6823F026
:1042D00010037B647B681B680C337A6CBA617B616A
:1042E0007969BA6941E800233B613B69002BE5D15C
:1042F0007B68202283F842207B6800221A6300BF7B
:104300005437BD465DF8047B704780B584B000AF7C
:1043100078607B689B6BFB60FB680022DA85F8683D
:10432000FDF75EF900BF1037BD4680BD80B485B093
:1043300000AF78607B6893F84130DBB2212B3ED12F
:104340007B689B68B3F5805F14D17B681B69002B89
:1043500010D17B681B6AFB60FB681B881A467B6870
:104360001B68C2F308025A607B681B6A9A1C7B6850
:104370001A6208E07B681B6A591C7A6811621A7815
:104380007B681B685A607B68DB8C9BB2013B9BB2ED
:104390007A681946D184002B0FD17B681B68DA68D4
:1043A0007B681B6822F08002DA607B681B68DA6831
:1043B0007B681B6842F04002DA60002300E00223C1
:1043C00018461437BD465DF8047B704780B582B04F
:1043D00000AF78607B681B68DA687B681B6822F036
:1043E0004002DA607B68202283F841207868FDF77C
:1043F00087F8002318460837BD4680BD80B58CB0CD
:1044000000AF78600023FB620023BB627B6893F8F7
:104410004230DBB2222B40F0AA807B689B68B3F568
:10442000805F15D17B681B69002B11D17B689B6A6B
:10443000BB627B681B685B689BB2C3F308039AB2DC
:10444000BB6A1A807B689B6A9A1C7B689A6224E02C
:104450007B689B6AFB627B689B68B3F5805F07D0D3
:104460007B689B68002B0AD17B681B69002B06D1F7
:104470007B681B685B68DAB2FB6A1A7008E07B68CD
:104480001B685B68DBB203F07F03DAB2FB6A1A7069
:104490007B689B6A5A1C7B689A627B68DB8D9BB247
:1044A000013B9BB27A681946D185002B5DD17B68B0
:1044B0001B68DA687B681B6822F02002DA607B6880
:1044C0001B68DA687B681B6822F48072DA607B689C
:1044D0001B685A697B681B6822F001025A617B687D
:1044E000202283F842207B6800225A637B681B6B82
:1044F000012B35D17B6800221A637B681B680C3363
:104500007B617B6953E8003F3B613B6923F010030B
:104510007B627B681B680C337A6A3A62FB61F969DB
:104520003A6A41E80023BB61BB69002BE5D17B6897
:104530001B681B6803F01003102B0AD10023FB60DB
:104540007B681B681B68FB607B681B685B68FB60A3
:10455000FB687B689B8D19467868FCF7E1FE02E0FA
:104560007868FFF733FC002302E0002300E0022319
:1045700018463037BD4680BD2DE9B04FC0B000AF02
:10458000C7F8F400D7F8F4301B681B6923F44050D7
:10459000D7F8F430D968D7F8F4301A6840EA010344
:1045A0001361D7F8F4309A68D7F8F4301B691A43CE
:1045B000D7F8F4305B691A43D7F8F430DB6913435A
:1045C000C7F8F830D7F8F4301B68DB6823F41641DD
:1045D00021F00C01D7F8F4301A68D7F8F8300B4303
:1045E000D360D7F8F4301B685B6923F44070D7F8C8
:1045F000F4309969D7F8F4301A6840EA010353613E
:10460000D7F8F4301A688F4B9A4205D0D7F8F430B7
:104610001A688D4B9A4204D1FEF7EAFFC7F8FC00F6
:1046200003E0FEF7D1FFC7F8FC00D7F8F430DB69F0
:10463000B3F5004F40F00C81D7F8FC300022C7F8EA
:10464000E830C7F8EC20D7E93A4522462B469118C6
:10465000B9655B41FB65D7E91623214612EB0108DA
:10466000294643EB01094FF000024FF000034FEAE7
:10467000C90343EA58734FEAC80290469946234655
:1046800018EB0303C7F8E0302B4649EB0303C7F8E8
:10469000E430D7F8F4305B680022C7F8D830C7F8A8
:1046A000DC20D7E936120B46DB183B65134642EB9C
:1046B00003037B65D7E91423D7E93801FCF7E4FA53
:1046C00002460B46614BA3FB02235B091C01D7F892
:1046D000FC300022C7F8D030C7F8D420D7E934899D
:1046E00042464B469118B9645B41FB64D7E91223FB
:1046F000414612EB010A494643EB010B4FF0000221
:104700004FF000034FEACB0343EA5A734FEACA0261
:1047100092469B4643461AEB0303C7F8C8304B4604
:104720004BEB0303C7F8CC30D7F8F4305B680022BA
:10473000C7F8C030C7F8C420D7E930120B46DB18E1
:104740003B64134642EB03037B64D7E91023D7E9AC
:104750003201FCF799FA02460B4611463B4BA3FB8C
:1047600001235B09642202FB03F3CB1ADB0003F194
:104770003202364BA3FB02235B095B0003F4F873A0
:104780001C44D7F8FC300022C7F8B830C7F8BC206A
:10479000D7E92E8942464B469118B9635B41FB63CA
:1047A000D7E90E2341465118396349464B417B6393
:1047B0004FF000024FF00003D7E90CAB5946CB0095
:1047C000514643EA51735146CA0010461946034602
:1047D00042469B18C7F8B0304B460A4642EB0303EB
:1047E000C7F8B430D7F8F4305B680022C7F8A830B7
:1047F000C7F8AC20D7E92A120B46DB18BB62134678
:1048000042EB0303FB62D7E90A23D7E92C01FCF74B
:104810003BFA02460B460D4BA3FB02135B096421D6
:1048200001FB03F3D31ADB003233084AA2FB032354
:104830005B0903F00702D7F8F4301B6822449A6042
:1048400006E100BF00100140001401401F85EB513C
:10485000D7F8FC300022C7F8A030C7F8A420D7E969
:10486000288942464B46911839625B417B62D7E901
:10487000082341465418494643EB01054FF0000216
:104880004FF00003EB0043EA5473E20014461D4668
:104890004346E318C7F898304B4645EB0303C7F887
:1048A0009C30D7F8F4305B680022C7F89030C7F826
:1048B00094204FF000024FF00003D7E92445294629
:1048C0008B00214643EA917321468A00D7E92601ED
:1048D000FCF7DAF902460B46604BA3FB02235B09A7
:1048E0001C01D7F8FC300022C7F88830C7F88C20AC
:1048F000D7E9228942464B469118B9615B41FB6179
:10490000D7E9062341465118396149464B417B613D
:104910004FF000024FF00003D7E904AB5946CB003B
:10492000514643EA51735146CA00104619460346A0
:1049300042469B18C7F880304B460A4642EB0303B9
:10494000C7F88430D7F8F4305B680022BB67FA6799
:104950004FF000024FF00003D7E91E8949468B0053
:10496000414643EA917341468A00D7E92001FCF7AA
:104970008BF902460B461146384BA3FB01235B091A
:10498000642202FB03F3CB1A1B013233334AA2FB2E
:1049900003235B0903F0F0031C44D7F8FC3000222A
:1049A0003B677A67D7E91C8942464B469118B96044
:1049B0005B41FB60D7E90223414651183960494603
:1049C0004B417B604FF000024FF00003D7E900AB92
:1049D0005946CB00514643EA51735146CA0010462E
:1049E0001946034642469B18BB664B460A4642EBB5
:1049F0000303FB66D7F8F4305B6800223B667A66F7
:104A00004FF000024FF00003D7E9188949468B00A8
:104A1000414643EA917341468A00D7E91A01FCF7FF
:104A200033F902460B460D4BA3FB02135B096421CD
:104A300001FB03F3D31A1B013233084AA2FB032301
:104A40005B0903F00F02D7F8F4301B6822449A6028
:104A500000BF07F58077BD46BDE8B08F1F85EB51DD
:104A60002DE9FF4757EC106B002F0C4619463B46CB
:104A7000BBBF07F100431F4600232D230B700D9B86
:104A8000DDF830A0914623F02008BCBF3246164620
:104A9000B8F1460F05D0B8F1450F00D1013402211D
:104AA00000E0032103AB019302AB009347EC106BD2
:104AB0005346224601F094FEB8F1470F054619D13E
:104AC00019F0010F0ED000EB04090022002330463C
:104AD0003946FBF7F9FF08B1CDF80C903022039B63
:104AE0004B451ED3039B0E9A5B1B2846136004B0F4
:104AF000BDE8F087B8F1460F00EB0409E5D1037873
:104B0000302B0AD10022002330463946FBF7DCFF68
:104B100018B9C4F10104CAF80040DAF80030994429
:104B2000D3E7591C03911A70D9E7F7B50029BABF2A
:104B300049422D232B2309290270437029DD0DF1F1
:104B400007031D460A271A46B1FBF7F607FB1614A2
:104B5000303402F8014C0C46632C03F1FF3331462C
:104B6000F1DC3031941E03F8011C411C2346AB429A
:104B70000AD30DF109039B1AAC4288BF002302330C
:104B80000344181A03B0F0BD13F8016B01F8016F6C
:104B9000EDE7302330318370C170031DF1E7000071
:104BA0002DE9F04F8DB00C46DDF8588016461F46B3
:104BB000054601F069FD036804931846FBF758FBAE
:104BC00000230A93D8F800300590073323F0070339
:104BD00003F1080294F818A0D4F800B0C8F8002037
:104BE000D3E9008929F000430793CDF81880C4E980
:104BF0001289DDE906019C4B4FF0FF32FBF796FF6F
:104C000070BBDDE90601984B4FF0FF32FBF770FFF8
:104C100030BB0022002340464946FBF75FFF10B13E
:104C20002D2384F84330914A914BBAF1470F8CBF42
:104C300090469846032323612BF0040323604FF032
:104C40000009009733460BAA2146284600F0D2F906
:104C5000013040F08D804FF0FF300DB0BDE8F08F97
:104C600042464B4640464946FBF760FF40B14B4643
:104C7000002BBCBF2D2384F843307E4A7E4BD4E703
:104C800063680AF0DF0206925A1C3BD10623636078
:104C90004BF480620023226003930AABCDE901A3A9
:104CA00009AB0093616849EC108B0DF12303284692
:104CB000FFF7D6FE069B0999472B804629D1C81CD1
:104CC00002DB6368994241DDAAF1020A5FFA8AFABF
:104CD0000139524604F150000991FFF726FF0A9A64
:104CE0001318012A8146236102DC2268D20701D50C
:104CF000013323619DF82330002BA2D02D2384F8AB
:104D000043309EE7069A472AC2D1002BC0D1012327
:104D1000BDE7BAF1650FDBD9BAF1660F18D10029EA
:104D200063680BDD216113B92268D00702D5013316
:104D30000B442361A1654FF00009DBE713B922683A
:104D4000D20701D50233F4E70123F2E74FF0670AF7
:104D50000A9B994205DB23682161D807EAD54B1CE1
:104D6000E7E70029D4BFC1F1020201221344E0E7C2
:104D700023685A0507D42369424631462846B84776
:104D800001302BD167E7BAF1650F40F2DD80D4E93D
:104D9000120100220023FBF797FE002833D0374A88
:104DA000012331462846B84701303FF454AFDDE9CE
:104DB0000938434502DB2368D8070FD5DDE9042312
:104DC00031462846B84701303FF445AF4FF000095F
:104DD00008F1FF3804F11A0AC84509DC23689B076B
:104DE00000F10381E0680B9B9842B8BF184634E796
:104DF0000123524631462846B84701303FF42BAFD5
:104E000009F10109E8E7099B002B39DC1B4A012362
:104E100031462846B84701303FF41DAFDDE9093976
:104E200059EA030302D12368D907D7D5DDE9042362
:104E300031462846B84701303FF40DAF4FF0000A25
:104E400004F11A0B099B5B42534501DC4B4693E787
:104E500001235A4631462846B84701303FF4FBAE9D
:104E60000AF1010AEEE700BFFFFFEF7F6C91000837
:104E7000689100087491000870910008789100080A
:104E8000A36DDDF828A05345A8BF5346002B9946D3
:104E900036DC4FF0000B29EAE97904F11A02A36D20
:104EA0000693A3EB09035B4531DC099B9A453ADC89
:104EB0002368DA0737D4099BAAEB0309069BAAEB00
:104EC00003039945A8BF9946B9F1000F33DC4FF0B1
:104ED000000829EAE97904F11A0B099BAAEB0303FC
:104EE000A3EB090343457FF779AF01235A463146C7
:104EF0002846B84701303FF4AEAE08F10108ECE7B0
:104F0000424631462846B8470130C2D1A3E60123C4
:104F1000314628460692B84701303FF49CAE069AC7
:104F20000BF1010BBBE7DDE9042331462846B84706
:104F30000130C0D18FE6069A4B464244314628469E
:104F4000B8470130C3D186E6DDF828A0BAF1010FD9
:104F500001DCDB0736D50123424631462846B847F7
:104F600001303FF478AEDDE9042331462846B847E6
:104F700001303FF470AED4E91201002200230AF19F
:104F8000FF3AFBF7A1FDC0B9534608F101023146D3
:104F90002846B84701300CD15DE601235A46314618
:104FA0002846B84701303FF456AE08F10108D04515
:104FB000F3DB4B4604F15002DFE64FF0000804F14A
:104FC0001A0BF4E701234246E1E701234A46314642
:104FD0002846B84701303FF43EAE08F10108E368C7
:104FE0000B995B1A4345F0DCFCE64FF0000804F136
:104FF0001909F4E72DE9F047164698468A680B69C7
:10500000DDF820909342B8BF1346336091F84320F7
:1050100007460C460AB1013333602368990642BF44
:10502000336802333360256815F0060506D104F1B4
:10503000190AE36832689B1AAB4226DC94F84330C5
:105040002268003B18BF012392062BD404F14302CF
:1050500041463846C84701301ED02368226903F014
:105060000603042B02BFE5683368ED1AA3680CBF82
:1050700025EAE57500259342C4BF9B1AED1800266A
:105080001A34B5421AD1002008E0012352464146A5
:105090003846C847013003D14FF0FF30BDE8F087F4
:1050A0000135C6E7E1185A1C302081F8430022443C
:1050B00094F8451082F843100233C7E701232246D3
:1050C00041463846C8470130E6D00136D9E70000EE
:1050D0002DE9FF470F7E0C9E782F914680460C46A7
:1050E0009A4601F1430207D8622F0AD8002F00F038
:1050F000D180582F00F0B88004F1420684F8427045
:105100003AE0A7F16303152BF6D801A151F823F07B
:10511000695100087D510008F9500008F950000855
:10512000F9500008F95000087D510008F9500008B6
:10513000F9500008F9500008F95000087B520008A7
:10514000A751000835520008F9500008F95000082E
:105150009D520008F9500008A7510008F9500008B6
:10516000F95000083D52000833681A1D1B68326070
:1051700004F1420684F8423001239CE03368206841
:10518000191D3160060601D51D6803E04506FBD5F3
:10519000B3F90050002D03DA2D236D4284F843301B
:1051A00058480A2311E021683368080653F8045B65
:1051B00002D4490648BFADB26F2F5248336014BFC6
:1051C0000A230823002184F843106668A660002E95
:1051D00005DB21682E4321F0040121604BD01646E7
:1051E000B5FBF3F103FB1157C75D06F8017D2F46B0
:1051F000BB420D46F4D9082B0BD12368DF0708D535
:10520000236961689942DEBF302306F8013C06F14C
:10521000FF36921B2261CDF800A04B4603AA21461F
:105220004046FFF7E7FE01304AD14FF0FF3004B0AF
:10523000BDE8F087236843F02003236032487827D5
:1052400084F84570236831681F0651F8045B02D466
:105250005F0648BFADB23160D90744BF43F02003B9
:1052600023601DB11023ADE72648E9E7236823F04A
:1052700020032360F6E71646BDE7336825686169B9
:10528000181D30602E061B6801D5196002E0680603
:10529000FBD51980002323611646BCE733681A1D2D
:1052A00032601E68626800213046FAF791FF08B14B
:1052B000801B606063682361002384F84330AAE7A1
:1052C0002369324649464046D0470130ADD0236875
:1052D0009B0713D4E068039B9842B8BF1846A6E723
:1052E0000123324649464046D04701309DD0013522
:1052F000E36803995B1AAB42F2DCEBE7002504F1AB
:105300001906F5E77A9100088B9100082DE9F04F16
:1053100087B0914603938B685A1EB2F5AE7F81BF6A
:105320006FF4AE7503EB050B40F25D138B600B68F9
:105330000A464FF0000543F4F06342F81C3BCDE908
:10534000045580460C4698BF4FF0000B019216465C
:10535000AA462F460295A2685AB1D9F800301B78A8
:105360004E2B63D8402B3BD8A3F12B01C8B20E289B
:1053700039D91FB1236823F4807323600AF1FF3AFF
:10538000BAF1010F00F21481019B9E4200F20581E7
:10539000012007B0BDE8F08FA3F161020D2AE8D823
:1053A00001A151F822F000BFF15400087353000826
:1053B00073530008735300084D5500082755000823
:1053C0007353000873530008FF5400087353000818
:1053D000735300087353000873530008BB5400084C
:1053E000A3F14102DAE70E29C3D801A050F821F059
:1053F000AB54000873530008AB5400083B55000839
:10540000735300084D54000891540008915400084B
:1054100091540008915400089154000891540008D8
:105420009154000891540008915400086E2B09D83B
:10543000602BB1D8542B7BD0592B9AD1072D98D102
:1054400008252FE0742B73D0792BF6E72168C80567
:105450001ED521F0800121600137BBF1000F03D080
:1054600001320BF1FF3BA260A368013BA3602369FB
:1054700001332361D9F80430013B002BC9F8043013
:1054800040F38280D9F800300133C9F8003062E778
:105490001AEB05017FF46DAF226822F4C07222601E
:1054A0000D468A4606F8013BDEE7226810067FF5C6
:1054B00060AF22F080022260F4E7BAF1000F0CD155
:1054C00077B9226802F4E061B1F5E06F08D122F407
:1054D000F06222604FF0010AE4E7BAF1020F50D007
:1054E000012D02D0042D7FF444AF0135EDB2D9E790
:1054F000BAF1010F7FF43DAF4FF0020AD2E775B960
:10550000002F7FF437AF226802F4E061B1F5E06F5D
:1055100040F0038122F4F06222600125C2E7032DEE
:10552000E3D0052DDFE7022D7FF423AF0325B9E794
:10553000062D7FF41EAF0725B4E7226891057FF59D
:1055400018AF22F4207222600297ABE7226802F4BF
:10555000A061B1F5806F05D050057FF50AAF002F2F
:1055600000F0DB80910558BF029922F4F06258BF29
:10557000791A42F4C07258BFCDE9041622600027A0
:1055800090E74FF0030A8DE7D4F880314946404652
:10559000984700283FF4DFAEEBE6D4F87C3116F8EC
:1055A000011D4A46404698472369013B2361EBE6CB
:1055B0006B1E062B24D8022D36D8019B9E427FF607
:1055C000E7AED4F87C3116F8011D4A4640469847AC
:1055D0002369013B2361F0E7D4F87C311BF8011DFE
:1055E0004A46404698472369013B23610AF1FF3A46
:1055F0005FFA8AFABAF1020FEED1033DEDB2761BE3
:105600002368DA0530D55B0511D5019B9E427FF6F4
:10561000BFAED4F87C3116F8011D4A464046984783
:105620002369013B2361F0E7AA46B346DEE716F89B
:10563000011C2369652903F1FF3306F1FF3523615E
:105640000CD045290AD0D4F87C314A4640469847C8
:10565000236916F8021C013BB51E2361D4F87C3186
:105660004A46404698472E46226812F0100201D062
:1056700000208EE63270236803F4C063B3F5806FB8
:1056800025D1029B9F420AD0DA1B04F26F139E427F
:1056900028BF04F5B7762249304600F045F8019955
:1056A0000022404600F008FF039B21681B6811F0B0
:1056B000020F57EC106B03F1040215D003990A6036
:1056C0001B68C3E90067E3680133E360D0E7049B2C
:1056D000002BE4D005990A230131404600F06CFF0D
:1056E000049B059EC21AD0E711F0040F03990A60CB
:1056F000E6D11D6832463B4630463946FBF716FA7E
:1057000028B1084800F0DCFF85ED000ADBE73046F1
:105710003946FBF769FA2860D5E700272EE600BF77
:105720009C9100083D9300080EB410B59DB01FABCE
:10573000029006906FF000410A48079104910A49CF
:1057400053F8042B0591002402A9006801931B94CF
:1057500002F0AAF9029B1C701DB0BDE8104003B016
:10576000704700BF840100200802FFFF002310B52E
:105770000446C0E90033C0E9043383608181436695
:10578000C2818361194608225C3000F035FF0D4B61
:1057900063620D4BA3620D4BE3620D4B23630D4B14
:1057A00024629C4206D003F16802944202D0D033B6
:1057B0009C4205D104F15800BDE8104000F060BFE4
:1057C00010BD00BFDD880008FF8800083789000889
:1057D0005B8900081C140020024A0349034800F0BA
:1057E000EDBE00BF0C000020217F000888010020D2
:1057F00041680C4B994210B5044601D002F090FB71
:10580000A168094B994202D0204602F089FBE16869
:10581000064B994204D02046BDE8104002F080BB00
:1058200010BD00BF1C14002084140020EC140020C4
:1058300010B50B4B0B4C0C4A1A6020460022042179
:10584000FFF794FF04F1680001220921FFF78EFFA2
:1058500004F1D0000222BDE810401221FFF786BFFC
:10586000541500201C140020D9570008014800F0EE
:1058700008BF00BF59150020014800F003BF00BF5A
:105880005915002010B50446FFF7F0FF236A1BB13D
:10589000BDE81040FFF7F0BF044B2362044B1B68C8
:1058A000002BF5D1FFF7C4FFF2E700BFF157000866
:1058B0005415002070B504460D4645EC104B1646B5
:1058C00002F0CEFE51EC100B7EB1C5F30A53C3F1CA
:1058D0006B03002B09DD1B0503F17F55002405F543
:1058E000401522462B46FAF787FE41EC100B70BD9F
:1058F0002DE9F04F9FB00C46179200221A920590A6
:105900004FF0000A4FF0000B0A46199211782B292C
:105910004AD038D80D2932D8082932D800293BD0AE
:1059200000220E92199D2A78302A40F0B2806A78BF
:1059300002F0DF02582A6ED102930E9B01931AAB3C
:1059400000938F4A05981BAB19A901F081FD10F057
:105950000F06044605D0062E28D1013500231995DF
:105960000E93179B002B40F08E850E9BCBB15246B9
:105970000BF1004343EC102B1FB0BDE8F08F202942
:10598000CED10132C1E72D29CAD101210E91511C7E
:1059900019915278002AC5D1179B1994002B40F019
:1059A000708552465B46E5E70021EFE71A9A3AB167
:1059B00035211CA802F04EFF1A99059802F024FB2D
:1059C000013E1B9A042E06D8DFE806F014031D20C2
:1059D0001400DDE91CABE10548BF4BF0004B2BF098
:1059E00000431B0D1B05002BBBD100F01FFE222323
:1059F0000360B6E7DDE91CA302F2334223F480130F
:105A000043EA025BE7E7DFF880B1E4E76FF0004BC1
:105A10004FF0FF3ADFE7199B5A1C19925B78302B45
:105A2000F9D0002B9DD0012300270893199B0C93DC
:105A30000B97B9460A2219980578A5F13003D9B217
:105A4000092928D94F49012200F0DEFD002832D073
:105A500000202A460A904D460346652A01D0452A71
:105A600014D11DB9089A024396D00025199C621CD6
:105A7000199262782B2A7AD02D2A7ED04FF0000C12
:105A8000A2F13001092940F2858019944FF00008F5
:105A9000A5E00023C8E7B9F1080FD8BF0B9900F1C2
:105AA0000100DABF02FB01330B9302FB073709F158
:105AB00001091990BFE7199B5A1C19925A78B9F13C
:105AC000000F3BD00A904D46A2F13003092B12D9AA
:105AD0000123C2E7199B5A1C19925A780130302AC7
:105AE000F8D0A2F13103082B00F2D284199B0A905E
:105AF00000200C930546303A00F1010318D00A99B2
:105B000019440A912E464FF00A0E711CA1EB050CA8
:105B1000634515DC20EAE0702B18082B05F1010520
:105B200005441ADC0B990A2303FB01230B93002382
:105B3000199A511C199152781846C5E74846CEE784
:105B4000082E05DC0B9E0EFB06F60B960E46DCE7D8
:105B50001029D8BF0EFB07F7F8E70F2BDCBF0A238D
:105B600003FB0727E3E700230A9301237AE74FF0BB
:105B7000000CA21C1992A27882E74FF0010CF8E702
:105B800054930008A19100080000F07F199A511C5D
:105B900019915278302AF9D0A2F1310108293FF643
:105BA00075AF303A0992199A0F924FF00A08199A74
:105BB000561C19965278A2F1300EBEF1090F39D950
:105BC0000F99761A082E44F61F6803DC0999884558
:105BD000A8BF8846BCF1000F01D0C8F10008002D15
:105BE0004ED1089908437FF4BCAE002B7FF4D4AEAD
:105BF000692A28D025DC492A25D04E2A7FF4CCAE4C
:105C00009A4919A801F046FE00283FF4C5AE199B39
:105C10001B78282B2ED196491CAA19A801F04EFEFC
:105C2000052827D11D9BDDF870A043F0FF4B4BF4F6
:105C3000E00B96E6099908FB0121A1F130020992D7
:105C4000B5E76E2ADAE78B4919A801F023FE002890
:105C50003FF4A2AE199B8849013B19A8199301F0A2
:105C600019FE10B9199B01331993DFF81CB24FF0DC
:105C7000000A76E6814800F01BFD5BEC10AB70E695
:105C80000A9B0B98A8EB0303B9F1000F08BFA946C4
:105C9000102D09932C46A8BF1024FAF733FC092DC8
:105CA00082468B4613DC099B002B3FF45AAE099BBE
:105CB00078DD162B5FDC724901EBC301D1E90001ED
:105CC00052465B46FAF798FC82468B4649E66C4B97
:105CD00003EBC40353E91223FAF78EFC82463846DD
:105CE0008B46FAF70FFC02460B4650465946FAF728
:105CF000CDFA0F2D82468B46D5DD099B2C1B1C440B
:105D0000002C40F3938014F00F030AD05C4901EBA0
:105D1000C30152465B46D1E90001FAF76DFC8246A9
:105D20008B4634F00F0473D0B4F59A7F49DD00241C
:105D3000A0460B94A146059ADFF84CB122231360CC
:105D40004FF0000A0B9B002B3FF40BAE1A990598FD
:105D500002F05AF90598494602F056F9059841466D
:105D600002F052F90B99059802F04EF90598214678
:105D700002F04AF9F5E5099AC5F125039342BCDB27
:105D80003F4CC5F10F0504EBC50152465B46D1E916
:105D90000001FAF731FC099B5D1B04EBC504D4E953
:105DA00000238FE71633A8DB0A9BA3EB0808344BCC
:105DB00003EBC808D8E9002350465946FAF746FDD8
:105DC00082E700232F4F2411504659461E46012CCE
:105DD00021DC0BB182468B462A49ABF1547B01EBA7
:105DE000C60152465B46D1E90001FAF705FC264B95
:105DF0000A460B4025498B42824698D8A1F580116E
:105E00008B4286BFDFF888B04FF0FF3A02F1547B37
:105E10000023089376E0E20704D5D7E90023FAF7D8
:105E2000EBFB0123013664100837D0E7F0D0644261
:105E300014F00F020AD0124B03EBC203504659462E
:105E4000D3E90023FAF702FD82468B462411DFD006
:105E50001F2C1FDD0024A0460B94A146059A222387
:105E60004FF0000A4FF0000B13606BE775910008CC
:105E7000409300086D910008AE9100083D93000822
:105E8000C8940008A09400080000F07F0000A07CE7
:105E9000FFFFEF7F14F0100318BF6A23A94E089389
:105EA000504659460023E70704D5D6E90023FAF700
:105EB000A3FB0123641006F10806F4D10BB182465E
:105EC0008B46089BB3B1CBF30A52C2F16B03002B94
:105ED00059460FDD1F2B56DD342BDEBF4FF0FF334D
:105EE000C2F14B0293404FF0000ACCBF4FF05C7BF5
:105EF00003EA010B0022002350465946FAF7E4FD5D
:105F00000028A7D10B9B00930C9905982B464A4675
:105F100002F0E2F80B9000283FF409AF099A0A9BBF
:105F2000002AA3EB0803A8BF00231293002422EA4F
:105F3000E2731693A0460B9B0598596802F024F86B
:105F4000814600283FF4F7AE0B9B1A69023203F139
:105F50000C0192000C3000F09BFB4BEC10AB059851
:105F60001CAA1BA9CDE90CAB02F0EAFB1A90002891
:105F70003FF4E1AE0598012102F044F9804648B9AA
:105F80004FF00008D7E64FF0FF3202FA03F303EABE
:105F90000A0AAFE71B9D1C9A002DABBF129B169BF4
:105FA000169E129FACBFEF185E1B089BED1A15449E
:105FB000654B013D9D42C2F1360250DA5B1B1F2B3F
:105FC000A2EB03024FF001013DDC01FA03F313934E
:105FD00000231093BD18089BAF4216441E443B4655
:105FE000A8BF2B46B342A8BF3346002BC2BFED1A51
:105FF000F61AFF1A129B002B16DD414605981A4629
:1060000002F0B8F980460028BAD001461A9A0598DD
:1060100002F00EF90A9000283FF48DAE1A99059807
:1060200001F0F2FF0A9B1A93002D1DDC099B002B47
:1060300023DD4946169A059802F09CF98146E0B99D
:106040004FF0000977E6C5F17F4505F57F0505F5B9
:106050007B45E23501FA05F310931391BAE700236B
:10606000109301231393B5E71A9905982A4602F075
:10607000DBF91A900028D9D15DE6002E07DD4946EC
:106080000598324602F0D0F981460028D8D0002F7A
:1060900008DD414605983A4602F0C6F980460028D8
:1060A0003FF449AE1A9905984A4602F045FA04466B
:1060B00000283FF440AEC3680F930023C3604146FD
:1060C00002F01EFA002845DA0F9B53EA0A036BD14F
:1060D000CBF31303002B67D12BF000431B0D1B05E3
:1060E000B3F1D66F60D9636913B92369012B5BDD06
:1060F00021460122059802F097F94146044602F034
:10610000FFF9002850DD2BF00043089A1B0D1B05FA
:10611000002A6AD0B3F1D66F67D8B3F15C7F7FF6FF
:106120009DAE0A4B504659460022FAF765FA084BD5
:106130000B4082468B46002B7FF408AE059A222343
:10614000136003E66893000802FCFFFF000050396B
:106150000000F07FCDF828B065D10F9ACBF3130380
:106160005AB39F4A93422BD1089B514603B39D4B90
:106170005A461340B3F1D46F4FF0FF321BD81B0DBA
:10618000C3F16B0302FA03F3994219D1964B0A9AB1
:106190009A4202D101313FF4CEAD924B0A9A1A4095
:1061A00002F5801B4FF0000A089B002BB9D1CDE50A
:1061B0004FF0FF33E8E71346E6E753EA0A03A2D0BD
:1061C000109BDBB10A9A1342EED00F9B089A5046FF
:1061D0005946BBB1FFF76EFBDDE90C0153EC102B08
:1061E000FAF754F882468B46DEE7A3F580136FEA90
:1061F000135B6FEA0B5B4FF0FF3AD5E7139B13EA93
:106200000A0FE1E7FFF756FBDDE90C0153EC102B19
:10621000FAF73AF80022002382468B46FAF754FC3C
:106220000028C1D01AE64146204602F0E1FA57ECB8
:10623000106B00224FF0804330463946FAF758FC85
:1062400000286FD00F9B002B7AD1BAF1000F58D1E4
:106250000A9BC3F31303002B5AD1644B0022304630
:106260003946FAF73BFC002859D130463946604B95
:106270000022FAF7C1F906460F4607F100430696D9
:106280000793DDE90623574DCDE910230A9B1D40F6
:10629000584B9D4240F0B2800A9BA3F1547B4BECDB
:1062A00010AB02F0DDF9DDE9062351EC100BFAF733
:1062B000A3F952465B46F9F7E9FF0B4649494E4AB6
:1062C00019409142824642D90D9A474B9A4203D1D6
:1062D0000C9B01333FF42FADDFF80CB14FF0FF3AC8
:1062E0001A99059801F090FE0598494601F08CFE38
:1062F0000598414601F088FE0598214601F084FE8C
:1063000019E6BAF1010F03D10A9B002B3FF4A6ADA9
:106310009FED2B7B354F8DED067B0026B1E7344F8B
:106320000026AAE7324B304639460022FAF764F9D4
:106330000F9B06460F46002B9FD0CDE90667A0E7CE
:106340009FED217B8DED067B57EC176B99E703F1F1
:10635000547B089BCDF828B0002BC1D12BF0004313
:106360001B0D1B059D42BBD130463946FAF7A4FCF4
:10637000FAF714F902460B4630463946F9F784FF1E
:106380000B460246CDE90C23CBF313060F9B46EADE
:106390000A061E436FD00EA3D3E90023FAF79EFB33
:1063A00000287FF4D3AC0CA3D3E90023DDE90C0172
:1063B000FAF7B2FB002893D0C8E400BFAFF3008027
:1063C000000000000000F0BF000000000000F03FEF
:1063D0009535A094FFFFDF3F35E5AF350000E03F86
:1063E000FFFF0F000000F07FFFFFEF7F0000F03F96
:1063F0000000E03F0000E07FFFFF9F7C089B23B38D
:10640000B5F1D46F21D828A3D3E90023304639460B
:10641000FAF76EFBA0B139463046FAF7C5FB012802
:1064200038BF0120FAF76EF80F9B06460F46FBB9FE
:1064300001F1004314901593DDE91423CDE91023F5
:10644000119B03F1D6635B1B11939DED0C0BDDE9F2
:1064500010AB02F005F9504653EC102B5946FAF7F1
:10646000CBF8DDE90C23F9F711FF82468B4670E784
:10647000CDE91467E0E70EA3D3E90023FAF72EFB7A
:1064800098E700230E93179A199B1360FFF76DBAD4
:10649000652A3FF468AB452A3FF465AB0123FFF75B
:1064A000A0BB00BFAFF300800000C0FFFFFFDF41D3
:1064B0009535A094FFFFCF3F014BFFF719BA00BFFE
:1064C00018000020242B2DE9F0478646904601D87D
:1064D000012B06D100F0AAF8162303600020BDE8C6
:1064E000F08734480D462A4615F8014B065D16F034
:1064F0000806F8D12D2C10D12C780126951C33F0EC
:10650000100215D1302C0DD12A7802F0DF02582A62
:1065100008D16C78023510230AE02B2C04BF2C78AC
:10652000951CECE7002BF6D1302C14BF0A2308236E
:1065300006F1004C0CF1FF3C0022BCFBF3F91046C5
:1065400003FB19CAA4F13007092F0FD83C46A34218
:106550001BDD571C07D0814514D301D1A24511DBA7
:1065600000FB0340012215F8014BEBE7A4F14107C2
:10657000192F01D8373CEAE7A4F16107192F04D895
:10658000573CE4E74FF0FF32EDE7531C08D12223DC
:10659000CEF800306046B8F1000FA0D0691E06E0CA
:1065A00006B14042B8F1000F99D0002AF6D1C8F8E0
:1065B000001094E791930008FFF784BF2DE9F8439A
:1065C0000746884614460026D4E90195B9F1010929
:1065D00005D52468002CF7D13046BDE8F883AB8997
:1065E000012B07D9B5F90E30013303D029463846BF
:1065F000C04706436835E9E702440346934200D1A9
:10660000704703F8011BF9E710B56AB10139841826
:1066100010F8012B11F8013F9A4203D1A04201D09A
:10662000002AF5D1D01A10BD1046FCE7014B1868BE
:10663000704700BF8401002070B50D4D0D4C641BE8
:10664000A4100026A64209D10B4D0C4C02F06EFDA1
:10665000641BA4100026A64205D170BD55F8043B6A
:1066600098470136EEE755F8043B98470136F2E7C4
:106670009895000898950008989500089C95000842
:1066800070477047704700000048704708010020BD
:106690000A44914200F1FF3300D1704710B511F860
:1066A000014B03F8014F9142F9D110BD00000000E9
:1066B0009FED010B704700BF000000000000F87F55
:1066C0009FED010A704700BF0000C07F2DE9F74F22
:1066D00003690C69A34207467EDB013C01F1140803
:1066E000A30000F11405009305EB8403019358F80F
:1066F000243055F8242001339A4208EB8409B2FB78
:10670000F3F62ED34FF0000AC446AE46D3465CF8EB
:10671000043B98B206FB00A0020C1B0C06FB0323F3
:10672000DEF8002080B292B2121A5A44DEF800005D
:106730004FEA134A9BB2C3EB224303EB104392B2DE
:1067400042EA0342E1454EF8042B4FEA234BDED2E6
:10675000009BEB582BB9019B043B9D421A462FD35B
:106760003C61384601F0CCFE002825DB294600209C
:1067700058F8042BD1F800C01FFA82FE1FFA8CF3E0
:10678000A3EB0E030344120CC2EB234202EB1C42A8
:106790009BB243EA0243C14541F8043B4FEA224021
:1067A000E6D255F8242005EB840322B9043B9D4230
:1067B0001A460BD33C610136304603B0BDE8F08F7A
:1067C0001268043B002ACBD1013CC6E71268043BA7
:1067D000002AEFD1013CEAE70020EEE700000000CC
:1067E0002DE9F04FC76997B08DED040B55EC104BB8
:1067F000209E079181460C9211937FB9102001F0E1
:106800004FFA0246C9F81C0020B9A94BEF21A9484C
:1068100002F052F9C0E901770760C760D9F81C306F
:10682000196859B15A684A60012393408B60484601
:1068300001F0EAFBD9F81C3000221A602B1EB9BF08
:1068400023F00043059300233360059F9A4BBCBFA0
:1068500001223260BB4312D1119A42F20F731360CE
:10686000C7F31303234300F05A85219BDFF85CA292
:10687000002B00F05C850AF1030300F056BD9DED8E
:10688000047B002251EC170B00238DED0A7BFAF7F5
:106890001BF9804658B1119A01231360219B13B153
:1068A000219A864B1360DFF828A200F040BD9DEDD1
:1068B0000A0B14AA15A9484601F042FFC7F30A566D
:1068C0000290002E78D00B9BCDF84880C3F31303C1
:1068D000DDE90A0143F07F5343F44013A6F2FF368B
:1068E00019460022764BF9F7CFFC6BA3D3E90023BE
:1068F000F9F782FE6AA3D3E90023F9F7C7FC04463F
:1069000030460D46F9F70EFE67A3D3E90023F9F7E9
:1069100073FE02460B4620462946F9F7B7FC0446AB
:106920000D46FAF719F900220746002320462946AA
:10693000FAF7D4F840B13846F9F7F4FD22462B4671
:10694000FAF7C2F800B9013F162F52D85D4B03EB9E
:10695000C703D3E90023DDE90A01FAF7BFF80028ED
:1069600049D0013F00231093149B9B1B5A1E45BF27
:10697000C3F10103009300230023069254BF009348
:106980000693002F39DB069B0D973B4406930023AB
:106990000893079B092B63D8052BC4BF043B0793BF
:1069A000079BA3F10203CCBF00240124032B63D86F
:1069B000DFE803F05254372BDDE914631E4406F27E
:1069C0003243202BC1BFC3F140039F4006F2124364
:1069D00024FA03F3D6BFC3F1200347EA030004FA05
:1069E00003F0F9F78FFD0122A1F1F873013E129235
:1069F00076E70123B7E71090B6E7009BDB1B009317
:106A00007B42089300230D93C3E7012309930C9B5A
:106A100007EB030B0BF10103012B0393B8BF012319
:106A200006E0012309930C9B002B28DD9B46039372
:106A3000D9F81C000021042202F114059D4226D938
:106A40004160484601F0A0FA8246002842D11E4B20
:106A5000024640F2AF11DAE60023E3E70023D5E770
:106A600001240023079309944FF0FF3B0022CDF847
:106A70000CB012230C92DBE701230993F4E74FF0EB
:106A8000010BCDF80CB05B46CDF830B0D0E701314A
:106A90005200D1E7AFF3008061436F63A787D23F15
:106AA000B3C8608B288AC63FFB799F501344D33FFD
:106AB000B8910008CF9100080000F07F799100089C
:106AC0000000F83FC894000827920008B49100081D
:106AD00078910008D9F81C301860039B0E2B00F247
:106AE000A180002C00F09E80002F33DD9C4B07F02E
:106AF0000F0203EBC20393ED007BF8058DED0E7BD7
:106B00004FEA271416D5974BDDE90A01D3E908238C
:106B1000F9F79CFECDE9040104F00F040326914D22
:106B200054B9DDE90E23DDE90401F9F78FFECDE963
:106B3000040128E00226F2E7E10708D5DDE90E01AD
:106B4000D5E90023F9F758FDCDE90E0101366410AF
:106B50000835E5E700F0AF807C42814B814D04F0C1
:106B60000F0203EBC203D3E90023DDE90A01F9F7C1
:106B700043FDCDE90401241100230226002C40F03E
:106B80008F80002BD3D1109BDDE90445002B00F052
:106B90009480754B002220462946F9F79FFF002874
:106BA00000F08B80039B002B00F08780BBF1000F6F
:106BB00034DD20466D4B00222946F9F71DFDCDE955
:106BC000040107F1FF3801365C463046F9F7AAFCAC
:106BD000DDE90423F9F710FD654B0022F9F756FBB8
:106BE0000546A1F15076002C6AD1DDE90401614B24
:106BF0000022F9F749FB02460B46CDE904232A4659
:106C00003346F9F789FF002840F09882DDE9040156
:106C10002A4606F10043F9F761FF38BBDDE90A3483
:106C2000CDE90434159B002BC0F257810E2F00F3E1
:106C300054814B4B03EBC70393ED007B0C9B002B64
:106C40008DED007B80F2E580039B002B00F3E1805B
:106C50000CD1484B002251EC170BF9F7CDFCDDE9C4
:106C60000423F9F74FFF002800F066820024254630
:106C70000C9B56466FEA030800272146484601F060
:106C8000C3F9002D00F0BD802FB1AF4203D03946CB
:106C9000484601F0B9F92946484601F0B5F9B0E097
:106CA000E20705D5D5E90023F9F7A6FC0136012353
:106CB0006410083562E7022665E7039CB84684E75E
:106CC000274B099903EBC40353E9022354440029D9
:106CD00054D029490020F9F7B9FD33462A46F9F77F
:106CE000D3FACDE90E015646DDE90401F9F734FF88
:106CF0000546F9F717FC02460B46DDE90401F9F7F2
:106D0000C3FA303502460B46CDE9042306F8015B91
:106D1000DDE90E23F9F7E2FE002872D1DDE9042354
:106D200011490020F9F7B0FADDE90E23F9F7D6FE94
:106D3000002840F0B480A6423FF470AFDDE90E01B8
:106D40000A4B0022F9F758FC084BCDE90E0100224E
:106D5000DDE90401F9F750FCCDE90401C4E700BF07
:106D6000C8940008A09400080000F03F00002440F0
:106D700000001C40000014400000E03F314628465F
:106D8000F9F73AFCCDE90E0113945646DDE904010A
:106D9000F9F7E2FE0546F9F7C5FB02460B46DDE9C9
:106DA0000401F9F771FA303506F8015B02460B462B
:106DB000A642CDE904234FF0000224D1AF4BDDE918
:106DC0000E01F9F763FA02460B46DDE90401F9F713
:106DD000A3FE002863D1DDE90E23A8490020F9F7BE
:106DE00053FA02460B46DDE90401F9F777FE002865
:106DF0003FF414AF139E731E139316F8013C302B0F
:106E0000F8D047463BE09E4BF9F7F6FBCDE904018D
:106E1000BCE7DDE904455646DDE900232046294666
:106E2000F9F714FDF9F798FE8046F9F77BFBDDE9E9
:106E30000023F9F7E1FB02460B462046294608F1FC
:106E40003004F9F721FA06F8014B039DA6EB0A047A
:106E5000A54202460B4633D1F9F718FADDE90023C3
:106E600004460D46F9F758FEC0B9DDE90023204677
:106E70002946F9F729FE10B118F0010F0ED1029939
:106E8000484601F0C1F800233370119B01371F60A1
:106E9000219B002B00F04B821E6048E2B84633462F
:106EA0001E4613F8012D392A06D19A45F8D1302211
:106EB00008F101088AF800201A7801321A70A0E758
:106EC0006F4B0022F9F798FB0022002304460D4681
:106ED000F9F7FAFD00289FD0D1E7099A002A00F0BF
:106EE000EA80079A012A00F3CD80129A002A00F066
:106EF000C18003F23343089C009E009A1A4400921A
:106F0000069A01211A444846069201F07BF905468B
:106F100066B1069B002B09DDB342009AA8BF334639
:106F2000D21A0092069AF61AD31A0693089B0BB34C
:106F3000099B002B00F0C680002C00F0C080294681
:106F40002246484601F016FA029A0146054648468E
:106F500001F06EF902998046484601F055F8089B09
:106F60001B1B089300F0B180089A4146484601F087
:106F700001FA02900121484601F044F90D9B0446B4
:106F8000002B00F0D8811A460146484601F0F2F97C
:106F9000079B012B044600F39F80049B002B40F0CD
:106FA0009780059BC3F31303002B40F09380059B50
:106FB00023F000431B0D1B0533B1009B01330093ED
:106FC000069B01330693012308930D9B002B00F0D1
:106FD000B881236904EB8303186901F0C7F8C0F195
:106FE0002000069B184410F01F0000F08280C0F1C2
:106FF0002003042B73DD009BC0F11C0003440093AD
:10700000069B034406440693009B002B05DD029972
:107010001A46484601F008FA0290069B002B05DD4F
:1070200021461A46484601F0FFF90446109B002B02
:1070300061D00298214601F063FA00285BDA002350
:1070400002990A22484601F001F8099B029007F1D3
:10705000FF38002B00F07781294600230A2248469A
:1070600000F0F4FFBBF1000F05466FDC079B022B1D
:1070700049DC6BE0149BC3F136033CE70000E03FC2
:1070800000002440039B5C1E089BA34209DB1C1BE1
:10709000039B002BBFF630AF009B039A9E1A002380
:1070A0002BE7089B0D9A0894E31A1A44009E039B51
:1070B0000D92002421E7089C009E099D28E7DDF839
:1070C000088051E7089A029950E7CDF8088051E707
:1070D000002379E7049B77E70023089379E793D0AF
:1070E000009A1C331A440092069A1A441E440692CF
:1070F0008AE70346F4E7039B002BB84620DC9B4657
:10710000079B022B1EDDBBF1000F7FF4B1AD2146C2
:107110005B460522484600F099FF01460446029866
:1071200001F0EEF900287FF7A3AD5646312306F8AB
:10713000013B08F101089FE5039CB8462546F4E7AA
:10714000DDF80CB0099B002B00F00181002E05DD5D
:1071500029463246484601F067F90546089B002B50
:107160005CD06968484600F00FFF064628B9824B9C
:10717000024640F2EF21FFF74ABB2A690232920031
:1071800005F10C010C30FFF783FA01223146484625
:1071900001F04AF90AF1010300930AEB0B0308938B
:1071A000049B03F001032F4606930546009B0298BB
:1071B000214603F1FF3BFFF789FA03463033039082
:1071C00039460298099301F09BF92A46049021461A
:1071D000484601F0B1F9C268099B064602BB014668
:1071E000029801F08DF9099B0246314648460C92FF
:1071F000099300F009FF079B0C9A009E42EA0301E5
:10720000069B1943099B0DD1392B27D0049A002ADC
:1072100001DD039B31338BF800302EE52846B9E7BA
:107220000122E2E70499002904DB0798014306984C
:10723000014320D1002AEEDD029900930122484645
:1072400001F0F2F82146029001F05AF90028009B63
:1072500002DCE0D1DA07DED5392BDAD139238BF81D
:10726000003033461E46013B16F8012C392A4ED019
:1072700001321A7001E5002A03DD392BEED001330B
:10728000C9E7009A089902F8013C8A4228D002997D
:1072900000230A22484600F0D9FEAF4202904FF088
:1072A00000034FF00A023946484607D100F0CEFEEF
:1072B00007460546009B0133009377E700F0C6FEC2
:1072C0002946074600230A22484600F0BFFE05462D
:1072D000F0E7BBF1000FCCBF5E4601265644002705
:1072E000029900930122484601F09EF8214602903F
:1072F00001F006F90028B4DC02D1009BDB07B0D412
:1073000033461E4613F8012D302AFAD0B5E49A45CB
:10731000A8D1312308F101088AF80030ADE4219B9F
:10732000DFF858A01BB10AF10803219A13605046F8
:1073300017B0BDE8F08F079B012B7FF72EAE0D9B9A
:10734000089301204DE6BBF1000F7FF7D9AE5646FA
:1073500002982146FFF7BAF900F1300306F8013B25
:10736000A6EB0A029345B4DD029900230A2248469F
:1073700000F06CFE0290EBE727920008AB9100084A
:107380000369B3EB611F2DE9F0434FEA611200F18D
:10739000140445DD11F01F0104EB830604EB8205A4
:1073A0000CD100F110072946B14234D39B1A9B003F
:1073B000EA1E964238BF0023234415E054F8227099
:1073C000C1F12008CF4005F1040EA1467645F446F0
:1073D00015D89A1A9200043A0135AE4238BF0022FD
:1073E000A318A75007B104331A1BA3424FEAA20205
:1073F00008BF0023026108BF4361BDE8F083DCF8E9
:1074000000C00CFA08FC4CEA070749F8047B5EF858
:10741000047BCF40DAE751F804CB47F804CFC3E749
:107420002346E1E7A0F13003092B02D82038C0B28F
:107430007047A0F16103052B01D84738F7E7A0F1A9
:107440004103052B01D82738F1E7002070470000E1
:107450002DE9F04F85B08A4602930B680190904663
:107460009C1CA14614F8010B3028FAD0A9EB0303A9
:10747000A3F1020BFFF7D6FF0546002868D1A0490B
:1074800001224846FFF7C0F80746002867D199F85F
:1074900001002646FFF7C6FF002862D02346187871
:1074A0003028994603F10103F9D0FFF7BBFFB0FA8A
:1074B00080F56D094FF0010B4A46164601323078CF
:1074C000FFF7B0FF0028F8D18D4901223046FFF7C1
:1074D0009BF800283FD144B9741C2246164601325D
:1074E0003078FFF79FFF0028F8D1A41BA70033785E
:1074F00003F0DF03502B3ED173782B2B33D02D2B91
:1075000034D0711C00240878FFF78CFF431EDBB2D7
:10751000182B30D8A0F1100211F8010FFFF782FFED
:1075200000F1FF3C5FFA8CFCBCF1180F4FF00A032E
:107530001ED904B152421744CAF80010EDB1BBF194
:10754000000F0CBF06250025284605B0BDE8F08FCA
:1075500000252C46B0E7002CC7D12746C7E74E468A
:107560002F460125C3E70024B11CCCE70124FBE72B
:1075700003FB0200CEE73146DEE7A6EB0903013B41
:107580002946072B0ADC019800F0FEFC044640B9AE
:107590005C4B0246E4215C4801F08EFA01315B103D
:1075A000EFE700F1140A002355469B46B14537D357
:1075B00045F804BBA5EB0A05AD102561584600F05F
:1075C000D5FD6D01D8F800602D1AB54254DDAD1B14
:1075D0002946204601F061F9814678B16B1E5911A8
:1075E00003F01F025AF821104FF0010909FA02F2C4
:1075F0000A4203D04B4536DC4FF0020929462046AB
:10760000FFF7BEFE2F44D8F80830BB4242DA01989B
:10761000214600F0F9FC0E9A00231360A32593E79E
:1076200016F8012D2E2A12D0202B04D145F804BBC8
:107630004FF0000B5B4630780393FFF7F3FE039B9C
:1076400000F00F0098404BEA000B0433AEE7B14561
:10765000EAD82B49039301223046FEF7D5FF039B5E
:107660000028E1D1A2E7A91E204601F016F9002862
:10767000C2D04FF00309C1E709DA751B2146019812
:107680002A4600F0D1FE7F1B044600F1140A4FF099
:107690000009B8E7D8F80450BD426FDDED1BAE42DB
:1076A00034DCD8F80C30022B22D0032B24D0012B51
:1076B00015D1AE4213D1012E0BD1029AD8F8043065
:1076C000136001232361CAF800300E9B62251C6001
:1076D0003AE7711E204601F0E0F80028EDD101984C
:1076E000214600F091FC0E9A0023136050252BE7F1
:1076F0000F9B002BF3D1E0E70F9B002BDDD1EEE7D2
:10770000A191000827920008389200086F1EB9F175
:10771000000F30D127B13946204601F0BEF881462E
:107720007A1101235AF8222007F01F07BB401342A9
:107730002946204618BF49F00209FFF721FED8F874
:107740000470761B0225B9F1000F47D0D8F80C3031
:10775000022B15D0032B17D0012B09D119F0020FE2
:1077600006D0DAF8003049EA030919F0010F0ED10A
:1077700045F0100532E04FF00109D1E70125E2E7BD
:107780000F9BC3F101030F930F9B002BF0D0D4F894
:1077900010B004F114034FEA8B0A03EB8B014FF096
:1077A000000C184653F8042BB2F1FF3F1BD00132F6
:1077B0000260022D04F114033CD1D8F80020013AF4
:1077C000B24209D17111012253F8213006F01F068F
:1077D00002FA06F61E423AD145F020050E9B1C60C7
:1077E000029B1F60B0E6994243F804CCD9D8A36845
:1077F0009B4517DB61680198013100F0C5FB8146AC
:1078000018B91A4B02468421C5E62269023204F1F6
:107810000C0192000C30FEF73BFF2146019800F06E
:10782000F3FB4C4623695A1C04EB830322610122BB
:107830005A61BEE722695A450BDD01212046FFF758
:107840009FFDD8F808300137BB42FFF6E0AE0125B6
:10785000C2E716F01F06FAD05344C6F1200653F8CB
:10786000040C00F083FCB042E7DBF0E7279200084D
:10787000C2F10802920070B5C2F1200643680468A4
:1078800003FA06F52C43D340046040F8043F8842D5
:10789000F4D370BD30B50368013311F8014B14B94E
:1078A0000360012030BD13F8012BA2F14105192D11
:1078B00098BF2032A242F0D00020F3E72DE9F04F2C
:1078C0000B6801685E1102EB860613F01F0387B098
:1078D00018BF04360025371F82469046019346F8AC
:1078E000045CB9463C460295AB464A784B1C039370
:1078F00042B3104605910492FFF794FD002851D140
:10790000049A0599202A18D8029B9B4513DD4C4503
:1079100006D2072D04DC2A4649462046FFF7A8FF79
:10792000444552D90023A4F1040944F8043CCDF89D
:1079300008B04C461D460399D7E7292A57D1023192
:10794000CAF80010BBF1000F51D04C4506D2072DEC
:1079500004DC2A4649462046FFF78AFF444536D9CB
:10796000A8F10402234653F8041B42F8041F9F4267
:10797000F9D23B1B23F0030304330134033EB4422A
:1079800088BF04234344002243F8042B9F42FBD2C8
:107990003B681BB9474528D101233B60052007B050
:1079A000BDE8F08F0135082D0BF1010B06DD4445D4
:1079B000C1D9002344F8043C0125043C226800F0AE
:1079C0000F0040EA02102060B5E70825B3E7019BED
:1079D000002BDDD0C3F120034FF0FF32DA4056F820
:1079E000043C134046F8043CD2E7043FD0E70420AF
:1079F000D5E72DE9F0478E681F46BE420B688246E8
:107A00000C4690462DD8B1F90C2012F4906F26D078
:107A10006569096905EB4505A3EB010905EBD5751A
:107A20007B1C4B446D109D4238BF1D46530527D526
:107A3000294600F05FF9064660B321694A46FEF721
:107A400027FEA38923F4906343F08003A38126617A
:107A500065614E44A5EB09052660A5603E46BE4221
:107A600000D93E4620683246414600F0B5FFA36883
:107A70009B1BA3602368334423600020BDE8F0878C
:107A80002A4600F06EFF06460028E0D121695046E4
:107A900001F044F80C23CAF80030A38943F04003F6
:107AA000A3814FF0FF30E9E72DE9F04F98468B892D
:107AB0001B069DB007460D46144610D50B6973B9D9
:107AC000402100F017F92860286130B90C233B6091
:107AD0004FF0FF301DB0BDE8F08F40236B610023F5
:107AE000099320238DF82930CDF80C803023DFF85E
:107AF0009C818DF82A304FF0010923469A4613F8ED
:107B0000012B0AB1252AF9D1BAEB040B0BD05B4645
:107B1000224629463846FFF76CFF013000F0A78067
:107B2000099A5A4409929AF80030002B00F09F807D
:107B300000234FF0FF32CDE905230AF1010A049337
:107B400007938DF853301A935446052214F8011BFD
:107B50004E48F8F73DFB049AD8B9D00644BF20231D
:107B60008DF85330110744BF2B238DF853309AF80A
:107B700000302A2B15D0079A544600204FF00A0CEB
:107B8000214611F8013B303B092B4BD9B0B107928C
:107B900014E0A0EB080309FA03F313430493A2468D
:107BA000D2E7039B191D1B680391002BBBBF5B42EF
:107BB00042F0020207930793B8BF049223782E2B5A
:107BC0000AD163782A2B32D1039B1A1D1B680392BA
:107BD00043EAE37302340593DFF8C0A0217803225F
:107BE0005046F8F7F5FA38B1049BA0EB0A004022A2
:107BF000824013430134049314F8011B24488DF888
:107C000028100622F8F7E4FA002836D0214B1BBBD7
:107C1000039B073323F0070308330393099B334483
:107C200009936AE70CFB02320C460120A8E7002307
:107C30000134059319464FF00A0C204610F8012B29
:107C4000303A092A03D9002BC6D00591C4E70CFBB2
:107C5000012104460123F0E703AB00932A460E4BB3
:107C600004A93846FCF79CFF421C0646D6D1AB89D6
:107C70005B063FF52DAF09982CE703AB00932A462E
:107C8000054B04A93846FDF723FAEDE79892000862
:107C9000A2920008A14B0008F37900089E92000808
:107CA000024B0146186800F025B800BF840100208F
:107CB00070B50F4E0C463168054611B900F0CAFE8A
:107CC00030602146284600F0C5FE431C03D14FF02A
:107CD000FF34204670BDC41C24F00304A042F8D039
:107CE000211A284600F0B6FE0130F2D1EFE700BFBE
:107CF0005C1500202DE9F843CD1C25F0030508355F
:107D00000C2D38BF0C25002D064601DBA94204D9F5
:107D10000C2333600020BDE8F883DFF8D48000F046
:107D200027F9D8F800301C4644BB29463046FFF7F7
:107D3000BFFF431C044658D1D8F800402746002F07
:107D400043D1002C4BD023683946304604EB03095D
:107D500000F080FE814542D121686D1A29463046E7
:107D6000FFF7A6FF01303AD023682B442360D8F8F0
:107D700000305A6862BBC8F800700FE02268521BDE
:107D800020D40B2A17D96119A342256018BF596066
:107D9000636808BFC8F8001062514B60304600F0BD
:107DA000EDF804F10B00231D20F00700C21A1CBFE0
:107DB0001B1AA350AFE76268A3420CBFC8F80020AB
:107DC0005A60EBE723466468AEE73C467F68B6E757
:107DD0001A465B68A342FBD100235360DEE70C2305
:107DE0003360304600F0CAF894E70560D6E700BF7C
:107DF0006015002082B001B901A942B14BB11378DE
:107E00000B601278101E18BF012002B07047104698
:107E1000FBE76FF00100F8E7B1F90C202DE9F04124
:107E2000160705460C4654D44B68002B02DC0B6C3D
:107E3000002B48DDE66A002E45D0002312F4805264
:107E40002F68216A2B6030D0626DA389590705D550
:107E50006368D21A636B0BB1236CD21A0023E66AF3
:107E6000216A2846B047431CA38906D129681D29E9
:107E70002BD82A4ACA40D60727D500226260D904E7
:107E80002269226004D5421C01D12B6803B96065C8
:107E9000616B2F60B9B104F14403994202D02846C6
:107EA00000F03CFE002363630DE001232846B04749
:107EB0000246501CC9D12B68002BC6D01D2B01D007
:107EC000162B1ED12F60002022E043F040031BB28E
:107ED0001BE00F69002FF6D093070E6808BF4B69AF
:107EE0000F6018BF0023A6EB07088B60B8F1000FE6
:107EF000E9DD216AA66A43463A462846B04700288B
:107F000008DCB4F90C3043F04003A3814FF0FF309C
:107F1000BDE8F0810744A8EB0008E7E70100402036
:107F200038B50B6905460C4613B90025284638BDFF
:107F300018B1036A0BB9FDF7A5FCB4F90C30002B9E
:107F4000F3D0626ED00704D4990502D4A06DFEF779
:107F500098FB28462146FFF75FFF636EDA07054668
:107F6000E4D4A3899B05E1D4A06DFEF78BFBDDE78C
:107F70000148FEF786BB00BF581500200148FEF7F8
:107F800081BB00BF5815002070B5C66904460D4678
:107F900076B91020FFF784FE0246E06120B9184B45
:107FA00018486B2100F088FDC0E901660660C660D4
:107FB000E669F36883B1E369DB6853F82500B8B973
:107FC000012101FA05F6721D9200204600F092FD93
:107FD00060B1C0E901560EE021220421204600F0E4
:107FE00089FDE369F060DB68002BE4D1002070BDFF
:107FF000026843F825200023C0E90333F7E700BFF8
:10800000B8910008A992000870B5C66905460C46EB
:1080100076B91020FFF744FE0246E86120B9094B0B
:1080200009488F2100F048FDC0E901660660C6607E
:108030003CB1EB696268DB6853F82210216043F8B9
:10804000224070BDB8910008A99200082DE9F041C6
:108050000D6907460C461E4601F1140C0020DCF8A1
:10806000003099B202FB01611E0C0B0C02FB0633BF
:1080700089B2013001EB034185424CF8041B4FEA01
:108080001346ECDC0EB3A368AB4219DC61683846DA
:108090000131FFF779FF804628B902460C4B0D48A5
:1080A000BA2100F009FD2269023204F10C019200AC
:1080B0000C30FEF7EDFA21463846FFF7A5FF44469F
:1080C00004EB850301355E6125612046BDE8F08142
:1080D00027920008A99200082DE9F8430C4615469E
:1080E0001F4609220833064693FBF2F300210122C2
:1080F0009A4209DB3046FFF747FF40B90246194B69
:108100001948D32100F0D8FC52000131F0E7089B58
:108110004361092D4FF00103036116DD04F10909E4
:10812000C8462C4418F8013B0146303B0A22304631
:10813000FFF78CFFA045F5D1A5F108044C442D1B99
:108140006319BB4204DBBDE8F8830A340925F6E76E
:1081500014F8013B0146303B0A223046FFF776FF18
:10816000EEE700BF27920008A9920008B0F5803F13
:10817000034636BF030400201020B3F1807F3CBFCC
:108180001B020830B3F1805F3CBF1B010430B3F128
:10819000804F3CBF9B000230002B05DB13F0804F6B
:1081A00000F1010008BF202070470368024613F069
:1081B00007000BD0D90721D4980749BF5B089B085B
:1081C000012013605CBF13600220704799B209B9A7
:1081D0001B0C1020D9B209B908301B0A190704BFBB
:1081E0001B090430990704BF9B080230D90703D448
:1081F0005B0800F1010003D0136070470020704756
:108200002020704710B50C460121FFF7BDFE024645
:1082100028B9054B054840F2451100F04DFC0123FB
:108220004461036110BD00BF27920008A9920008B5
:108230002DE9F04F17460A693B699A42A8BF3B46B1
:108240008946A4BF0F4699463D69D9F810A0BB687E
:10825000796805EB0A06B34285B0B8BF0131FFF774
:1082600093FE30B90246414B41484FF4B17100F0E2
:1082700023FC00F1140404EB860E23460022734510
:1082800020D307F1140809F1140108EB850501EB6F
:108290008A030293EB1B153B23F0030304331537CA
:1082A000BD4238BF04230193029B03918B420CD83B
:1082B000002E03DD5EF8043D002B55D0066105B0AD
:1082C000BDE8F08F43F8042BD9E7B1F800A0BAF16C
:1082D000000F1FD0C446A14600275CF8042BD9F834
:1082E00000301FFA82FB9BB20AFB0B333B44D9F8E8
:1082F0000070120C3F0C0AFB027202EB13429BB29D
:1083000043EA0243654549F8043B4FEA1247E4D883
:10831000019BE750039BB3F802900431B9F1000FC1
:1083200020D023684746A4464FF0000AB7F800B0B3
:10833000BCF8022009FB0B2252449BB243EA0243E1
:108340004CF8043B57F8043B4FEA134ABCF80030A2
:1083500009FB0A3303EB1243BD424FEA134AE5D847
:10836000019AA35004349FE7013EA1E72792000839
:10837000A99200082DE9F843154612F003020746BA
:108380000E4607D0254C013A002354F82220FFF76F
:108390005DFE0646AD103DD0FC697CB91020FFF7AC
:1083A0007FFC0246F86128B91D4B1E4840F2B3110C
:1083B00000F082FBC0E901440460C460D7F81C806F
:1083C000D8F808404CB940F271213846FFF71AFF3F
:1083D0000023C8F80800044603604FF00009EB07CB
:1083E0000AD5314622463846FFF722FF31468046FD
:1083F0003846FFF709FE46466D100BD0206838B9A5
:10840000224621463846FFF713FF2060C0F800904F
:108410000446E4E73046BDE8F88300BF94940008C2
:10842000B8910008A99200082DE9F0470C46496868
:10843000236903EB6218A368074691464FEA621A64
:1084400008F10106B3420BDB3846FFF79DFD0546F8
:1084500048B90246284B29484FF4EF7100F02CFB35
:1084600001315B00EEE7002300F1140100F110027E
:108470001846534533DB20692AEAEA7A04F11403EB
:1084800019F01F0901EB8A0103EB800C2BD0C9F115
:10849000200E8A460022186800FA09F010434AF8B4
:1084A000040B53F8042B9C4522FA0EF2F3D8ACEBE4
:1084B0000403153B23F00303043304F11500604566
:1084C00088BF0423CA500AB108F10206013E3846AB
:1084D0002E612146FFF798FD2846BDE8F08742F857
:1084E000040F0133C5E7043953F8042B41F8042F76
:1084F0009C45F9D8EAE700BF27920008A992000836
:108500000A6903460069801A30B50ED1143314315C
:1085100003EB820401EB820154F8045D51F8042D51
:10852000954203D005D24FF0FF3030BDA342F3D3C4
:10853000FBE70120F9E700002DE9F74F89460646E1
:10854000114648461446FFF7DBFF051E12D12946A7
:108550003046FFF719FD024628B93F4B40F237215C
:108560003E4800F0A9FA0123C0E90435104603B0E3
:10857000BDE8F08FBCBF4B46A1463046D9F8041089
:10858000BABF1C4601250025FFF7FEFC024618B9BC
:10859000314B40F24521E3E7D9F810702669C560F8
:1085A00009F1100309F1140504F1140E00F1140B84
:1085B00005EB87080EEB86060193D9464FF0000CB9
:1085C000019B5EF8040B53F804AF01931FFA8AF382
:1085D000194683B2CB1A000C6344C0EB1A4000EB7F
:1085E00023409BB243EA0043764549F8043B4FEAF7
:1085F000204CE5D8331B153B23F00303153404331B
:10860000A64238BF04231D445B441E462C46444505
:108610000ED308F10301491B21F00301033DA845D6
:1086200038BF00210B4453F8041D91B117619DE739
:1086300054F8041BE646080C1CFA81FC714400EB5C
:108640002C4089B241EA004146F8041B4FEA204C15
:10865000DDE7013FE7E700BF27920008A992000885
:1086600082B08DED000B019A0F4B1340A3F15073B4
:10867000002B08DC5B42B3F1A07F4FEA235204DAFF
:108680004FF400231341002208E0A2F114031E2B33
:10869000DABF4FF00042DA400122002319461046AB
:1086A00041EC100B02B070470000F07F2DE9F04163
:1086B000066900F1140808EB8606371F56F8042CEB
:1086C0001046FFF753FDC0F120030A280B601B4939
:1086D00015DCC0F10B0C22FA0CF3B84543EA010596
:1086E00034BF56F8083C0023153002FA00F023FA94
:1086F0000CF303431C4645EC104BBDE8F081B84534
:108700003ABF56F8083CA6F1080700230B3812D0F0
:10871000C0F1200123FA01F482402243474542F090
:108720007F558CBF57F8042C00228340CA4045F483
:1087300040151343DEE742EA0105DBE70000F03FA6
:108740002DE9F7430F46012159EC108B1646FFF730
:108750001BFC044630B90246234B244840F20F313B
:1087600000F0AAF9C9F30A55C9F313030DB143F494
:1087700080130193B8F1000323D068460093FFF7FC
:1087800014FDDDE90012D0B1C0F1200302FA03F3B9
:108790000B43C24063610192019BA361002B0CBF9C
:1087A000012202222261A5B1A5F2334505443D60B4
:1087B000C0F135003060204603B0BDE8F083616150
:1087C000EAE701A8FFF7F1FC019B63612030012279
:1087D000E8E704EB8203A0F2324038601869FFF743
:1087E000C5FCC0EB4210E5E727920008A9920008FB
:1087F0002DE9F04F85B0CDE9001002A9FFF756FF33
:10880000009803A955EC104BFFF750FF019B196925
:10881000009B1B69C91ADDE902329B1A5BEC10ABA5
:1088200003EB4113002BCEBF2A46C3EB03335A465A
:108830002F46D946CCBF02EB035702EB03594B46F8
:10884000524620463946F8F701F841EC100B05B0C6
:10885000BDE8F08F013970B549111469013102F199
:10886000140300EB810103EB8404051FA3420CD326
:10887000A31A113B23F003031132A24288BF002345
:1088800018440023884205D370BD53F8046B45F8A3
:10889000046FEBE740F8043BF4E700F114020069D1
:1088A0004B11984210B511DB0ADD11F01F0107D002
:1088B00052F8234024FA01F000FA01F18C420BD166
:1088C00002EB8303934203D8002010BD0346F7E771
:1088D00053F8041D0029F5D00120F6E710B50C4629
:1088E000B1F90E1000F0A4F80028ABBF636DA389A6
:1088F0001B1823F48053ACBF6365A38110BD2DE921
:10890000F0411F468B89DB0505460C46164605D50A
:10891000B1F90E100223002200F078F8A389B4F90F
:108920000E1023F48053A38132463B462846BDE80F
:10893000F04100F09FB810B50C46B1F90E1000F0F0
:1089400065F8431CA38915BF606523F4805343F485
:108950008053A38118BFA38110BDB1F90E1000F0A0
:108960009BB82DE9F041074614460D4621B9BDE8F4
:10897000F0411146FFF7BEB92AB900F0CFF82546FD
:108980002846BDE8F08100F013F98442064602D87B
:10899000B4EB500FF4D821463846FFF7ABF98046C8
:1089A00008B94546ECE7B4422246294628BF32467C
:1089B000FDF76EFE2946384600F0B0F8F1E70346B1
:1089C000084641B1FF2A04D98A221A604FF0FF30CD
:1089D00070470A7001207047884210B501EB02040D
:1089E00002D98442234607D8431EA14208D011F879
:1089F000012B03F8012FF8E7024401468A4200D117
:108A000010BD13F8014D02F8014DF7E738B5074DD9
:108A100004460846114600222A601A46F8F7D9FF94
:108A2000431C02D12B6803B1236038BD64150020BC
:108A300038B5074D04460846114600222A601A46FA
:108A4000F8F767FF431C02D12B6803B1236038BDE0
:108A50006415002038B5064D0023044608462B60F7
:108A6000F8F7C4FF431C02D12B6803B1236038BD63
:108A70006415002038B5074D04460846114600220B
:108A80002A601A46F8F762FF431C02D12B6803B133
:108A9000236038BD6415002038B5064D0023044618
:108AA00008462B60F8F76EFF431C02D12B6803B118
:108AB000236038BD641500201FB514461A46094BC3
:108AC0001B680546D8684CB1074B0091CDE90134CD
:108AD00006492B4600F074F800F084F8044B1C465D
:108AE000F3E700BF84010020029300080F93000801
:108AF0003D93000870B5A1FB025434B92946FFF735
:108B0000F9F8064628B9304670BD0C2202600026EE
:108B1000F9E72A462146FDF76FFDF4E738B505462B
:108B2000002941D051F8043C0C1F002BB8BFE418B9
:108B3000FFF71EFA1D4A136833B9636014602846B4
:108B4000BDE83840FFF71ABAA34208D920682118B7
:108B50008B4201BF19685B6809182160EDE71A466E
:108B60005B680BB1A342FAD911685018A0420BD12F
:108B700020680144501883421160E0D118685B6896
:108B8000536008441060DAE702D90C232B60D6E763
:108B9000206821188B4204BF19685B68636004BFBA
:108BA000091821605460CAE738BD00BF6015002075
:108BB00051F8043C181F002BBCBF0B58C01870475D
:108BC0000EB403B5014603AB054853F8042B006807
:108BD000019300F037F802B05DF804EB03B0704782
:108BE0008401002008B5062000F062FA0120F8F7A1
:108BF00085FE9368013B002B10B4936008DA9469FA
:108C0000A34201DB0A2903D15DF8044B00F032B91D
:108C10001368581C1060197008465DF8044B7047C3
:108C2000F8B506460F461446D518AC4201D10020CF
:108C300007E014F8011B3A463046FFF7DAFF431C01
:108C4000F3D1F8BD2DE9F04F0D469DB0144698467E
:108C5000064618B1036A0BB9FCF714FE6B6ED90710
:108C600005D4AB899A0502D4A86DFDF70AFDAB893E
:108C70001B0701D52B699BB92946304600F038F90E
:108C800070B16B6EDC0704D54FF0FF301DB0BDE84E
:108C9000F08FAB899805F7D4A86DFDF7F3FCF3E7E7
:108CA0000023099320238DF82930CDF80C80302340
:108CB000DFF8AC818DF82A304FF0010923469A463F
:108CC00013F8012B0AB1252AF9D1BAEB040B0BD00A
:108CD0005B46224629463046FFF7A2FF013000F0EE
:108CE000A780099A5A4409929AF80030002B00F0A4
:108CF0009F8000234FF0FF32CDE905230AF1010ADE
:108D0000049307938DF853301A935446052214F8B0
:108D1000011B5348F7F75CFA049AD8B9D10644BF4F
:108D200020238DF85330130744BF2B238DF8533085
:108D30009AF800302A2B15D0079A544600204FF09D
:108D40000A0C214611F8013B303B092B4BD9B0B13D
:108D5000079214E0A0EB080309FA03F3134304930A
:108D6000A246D2E7039B191D1B680391002BBBBFD2
:108D70005B4242F0020207930793B8BF0492237844
:108D80002E2B0AD163782A2B32D1039B1A1D1B6824
:108D9000039243EAE37302340593DFF8D4A0217809
:108DA00003225046F7F714FA38B1049BA0EB0A00EF
:108DB0004022824013430134049314F8011B2948D4
:108DC0008DF828100622F7F703FA00283FD0264B2B
:108DD0001BBB039B073323F0070308330393099B53
:108DE0003B4409936AE70CFB02320C460120A8E7DA
:108DF00000230134059319464FF00A0C204610F861
:108E0000012B303A092A03D9002BC6D00591C4E7BB
:108E10000CFB012104460123F0E703AB00932A4633
:108E2000124B04A93046FBF7BBFE0746781CD6D18F
:108E30006B6ED90705D4AB899A0502D4A86DFDF7EE
:108E400021FCAB895B063FF51FAF09981EE703AB1A
:108E500000932A46054B04A93046FCF739F9E4E7AC
:108E600098920008A2920008A14B0008218C0008EB
:108E70009E920008F8B50E461446054618B1036ADE
:108E80000BB9FCF7FFFCA369A360A3891A0701D5FE
:108E9000236943B92146284600F02AF818B14FF05B
:108EA000FF373846F8BD23682269981A6369F6B21D
:108EB0008342374605DC21462846FFF731F8002873
:108EC000EDD1A368013BA36023685A1C22601E7089
:108ED0006269431C9A4204D0A389DB07E1D50A2EBC
:108EE000DFD121462846FFF71BF80028D9D0D6E766
:108EF00038B5294B054618680C4618B1036A0BB9FA
:108F0000FCF7C0FCB4F90C30190722D4DA0607D4F8
:108F100009222A6043F04003A3814FF0FF3033E081
:108F2000580712D5616B41B104F14403994202D054
:108F30002846FFF7F3FD00236363A38923F024038E
:108F4000A3810023636023692360A38943F008039E
:108F5000A38123694BB9A38903F42073B3F5007F80
:108F600003D02146284600F03FF8B4F90C3013F046
:108F700001020AD00022A26062695242A261226903
:108F800042B913F08000C5D138BD990758BF626956
:108F9000A260F4E70020F7E78401002070B50C46DA
:108FA000B1F90E10002996B015461E460DDAA389B8
:108FB00013F0800F4FF0000114BF40234FF4806383
:108FC000002031602B6016B070BD6A4600F09CF83E
:108FD0000028ECDB019901F47041A1F500535942DE
:108FE00059414FF48063EBE78B89F7B59D0706463F
:108FF0000C4607D504F14703236023610123636115
:1090000003B0F0BD01AB6A46FFF7C8FF009F0546FD
:1090100039463046FEF76EFE48B9B4F90C309A0571
:10902000EED423F0030343F00203A381E2E7A38914
:10903000206043F08003A381019BC4E904075BB176
:10904000B4F90E10304600F03BF828B1A38923F0A4
:10905000030343F00103A381A3891D43A581CFE747
:109060001F2938B505460C4604D9162303604FF076
:10907000FF3038BDC26B12B152F821304BB92846CF
:1090800000F040F8224601462846BDE8384000F08E
:1090900027B8012B0AD0591C03D1162303600120E5
:1090A000E7E7002142F82410204698470020E0E737
:1090B000024B01461868FFF7D3BF00BF84010020B0
:1090C00038B5064D0023044608462B60F8F776FCB9
:1090D000431C02D12B6803B1236038BD6415002006
:1090E00038B5074D00230446084611462B60F8F7B3
:1090F000F5FB431C02D12B6803B1236038BD00BFD0
:1091000064150020F8F7E2BB38B5074D002304468C
:10911000084611462B60F8F741FC431C02D12B682E
:1091200003B1236038BD00BF64150020F8B500BF4F
:10913000F8BC08BC9E467047F8B500BFF8BC08BC38
:049140009E46704790
:1091480000000000000000000102030406070809EF
:1091580000000000010203040006101600061016A5
:10916800494E4600696E66004E414E006E616E00C3
:1091780030003031323334353637383941424344A0
:109188004546003031323334353637383961626319
:109198006465660065256C64002E004300504F53DB
:1091A800495800496E66696E697479004E614E00CF
:1091B8005245454E54206D616C6C6F632073756326
:1091C800636565646564002F6275696C642F676EFA
:1091D800752D746F6F6C732D666F722D73746D338C
:1091E800325F31332E332E72656C312E3230323588
:1091F800303532332D303930302F7372632F6E652E
:10920800776C69622F6E65776C69622F6C6962632F
:109218002F7374646C69622F64746F612E630042EB
:10922800616C6C6F63207375636365656465640066
:109238002F6275696C642F676E752D746F6F6C7310
:109248002D666F722D73746D33325F31332E332E6A
:1092580072656C312E32303235303532332D30393B
:1092680030302F7372632F6E65776C69622F6E656D
:10927800776C69622F6C6962632F7374646C6962BE
:109288002F6764746F612D6765746865782E630055
:10929800232D302B2000686C4C00656667454647D7
:1092A800002F6275696C642F676E752D746F6F6C13
:1092B800732D666F722D73746D33325F31332E33B5
:1092C8002E72656C312E32303235303532332D30D6
:1092D8003930302F7372632F6E65776C69622F6E29
:1092E80065776C69622F6C6962632F7374646C694B
:1092F800622F6D707265632E63002C2066756E6335
:1093080074696F6E3A2000617373657274696F6E69
:109318002022257322206661696C65643A2066699B
:109328006C6520222573222C206C696E65202564CB
:10933800257325730A00000034000000CEFBFFFFF0
:10934800CB03000001000000000000003500000011
:10935800CEFBFFFFCB03000001000000000000006F
:10936800BC89D897B2D29C3C33A7A8D523F64939F3
:109378003DA7F444FD0FA5329D978CCF08BA5B2515
:10938800436FAC642806681100202020202020208C
:10939800202028282828282020202020202020209D
:1093A80020202020202020202088101010101010AD
:1093B80010101010101010101004040404040404F9
:1093C8000404041010101010101041414141414193
:1093D8000101010101010101010101010101010175
:1093E8000101010110101010101042424242424285
:1093F8000202020202020202020202020202020245
:1094080002020202101010102000000000000000EC
:109418000000000000000000000000000000000044
:109428000000000000000000000000000000000034
:109438000000000000000000000000000000000024
:109448000000000000000000000000000000000014
:109458000000000000000000000000000000000004
:1094680000000000000000000000000000000000F4
:1094780000000000000000000000000000000000E4
:1094880000000000000000000000000005000000CF
:10949800190000007D0000000080E03779C34143D7
:1094A800176E05B5B5B89346F5F93FE9034F384D42
:1094B800321D30F94877825A3CBF737FDD4F1575EE
:1094C800000000000000F03F000000000000244001
:1094D80000000000000059400000000000408F40DC
:1094E800000000000088C34000000000006AF84047
:1094F8000000000080842E4100000000D01263416B
:109508000000000084D797410000000065CDCD41E0
:10951800000000205FA00242000000E876483742C1
:10952800000000A2941A6D42000040E59C30A2425F
:109538000000901EC4BCD64200003426F56B0C43D4
:109548000080E03779C3414300A0D885573476437B
:1095580000C84E676DC1AB43003D9160E458E143DC
:10956800408CB5781DAF154450EFE2D6E41A4B4451
:1095780092D54D06CFF08044F64AE1C7022DB54496
:08958800B49DD9794378EA444F
:08959000406CFF7F01000000A8
:04959800B501000811
:04959C009101000831
:1095A0000024F40010000000010000000000000092
:1095B000030000001C140020430000000000000015
:1095C000000000000000000000000000000000009B
:1095D0000000000000000000430000000000000048
:1095E000000000000000000000000000000000007B
:1095F0000000000000000000430000000000000028
:10960000000000000000000000000000000000005A
:109610000000000000000000430000000000000007
:10962000000000000000000000000000000000003A
:1096300000000000000000004300000000000000E7
:10964000000000000000000000000000000000001A
:1096500000000000000000004300000000000000C7
:1096600000000000000000000000000000000000FA
:1096700000000000000000004300000000000000A7
:1096800000000000000000000000000000000000DA
:109690000000000000000000BF890008F57D000800
:1096A0000000000090930008A19100083D9300087D
:1096B0003D9300083D9300083D9300083D9300084A
:1096C0003D9300083D9300083D9300083D9300083A
:1096D000FFFFFFFFFFFFFFFFFFFFFFFFFFFF000098
:1096E0000100415343494900000000000000000010
:1096F000000000000000000000000000000000006A
:1097000000004153434949000000000000000000F0
:109710000000000000000000000000000000000049
:109720000000000088010020000000001C14002040
:1097300084140020EC140020000000000000000051
:109740000000000000000000000000000000000019
:109750000000000000000000000000000000000009
:1097600000000000000000000000000000000000F9
:0497700000000000F5
:0400000508001DDDF5
:00000001FF
